2026.06.24 22:19:49 INFO  Started: Metals version 1.6.7 in folders '/Users/sharon/Downloads/app' for client Visual Studio Code 1.123.1.
2026.06.24 22:19:49 INFO  Memory monitor started
2026.06.24 22:19:49 WARN  Using H2 2.4.240 which is newer than the version Flyway has been verified with. The latest verified version of H2 is 2.3.232.
2026.06.24 22:19:49 INFO  no build target found for /Users/sharon/Downloads/app/src/main/java/com/jobapi/app/AppApplication.java. Using fallback presentation compiler.
2026.06.24 22:19:49 INFO  no build target found for /Users/sharon/Downloads/app/src/main/java/com/jobapi/app/AppApplication.java. Using fallback presentation compiler.
Jun 24, 2026 10:19:50 PM org.eclipse.lsp4j.jsonrpc.RemoteEndpoint handleCancellation
WARNING: Unmatched cancel notification for request id 4
Jun 24, 2026 10:19:50 PM org.eclipse.lsp4j.jsonrpc.RemoteEndpoint handleCancellation
WARNING: Unmatched cancel notification for request id 2
Jun 24, 2026 10:19:50 PM org.eclipse.lsp4j.jsonrpc.RemoteEndpoint handleCancellation
WARNING: Unmatched cancel notification for request id 1
Jun 24, 2026 10:19:50 PM org.eclipse.lsp4j.jsonrpc.RemoteEndpoint handleCancellation
WARNING: Unmatched cancel notification for request id 7
Jun 24, 2026 10:19:50 PM org.eclipse.lsp4j.jsonrpc.RemoteEndpoint handleCancellation
WARNING: Unmatched cancel notification for request id 3
2026.06.24 22:19:53 INFO  running '/Library/Java/JavaVirtualMachines/jdk-22.jdk/Contents/Home/bin/java -Dfile.encoding=UTF-8 -Dmaven.multiModuleProjectDirectory=/Users/sharon/Downloads/app -Dmaven.home=/var/folders/4g/vhfvn4kx1933lb51qvykhw8m0000gn/T/metals9999775005582389636 -cp /var/folders/4g/vhfvn4kx1933lb51qvykhw8m0000gn/T/metals9999775005582389636/maven-wrapper.jar org.apache.maven.wrapper.MavenWrapperMain generate-sources ch.epfl.scala:bloop-maven-plugin:2.0.3:bloopInstall -DdownloadSources=true'
2026.06.24 22:19:55 INFO  [INFO] Scanning for projects...
2026.06.24 22:19:55 INFO  Downloading from central: https://repo.maven.apache.org/maven2/ch/epfl/scala/bloop-maven-plugin/2.0.3/bloop-maven-plugin-2.0.3.pom
2026.06.24 22:19:55 INFO  Progress (1): 1.1 kB
2026.06.24 22:19:55 INFO  Progress (1): 2.5 kB
2026.06.24 22:19:55 INFO  Progress (1): 5.6 kB
2026.06.24 22:19:55 INFO  Progress (1): 8.0 kB
2026.06.24 22:19:55 INFO                      
2026.06.24 22:19:55 INFO  Downloaded from central: https://repo.maven.apache.org/maven2/ch/epfl/scala/bloop-maven-plugin/2.0.3/bloop-maven-plugin-2.0.3.pom (8.0 kB at 14 kB/s)
2026.06.24 22:19:55 INFO  Downloading from central: https://repo.maven.apache.org/maven2/ch/epfl/scala/bloop-maven-plugin/2.0.3/bloop-maven-plugin-2.0.3.jar
2026.06.24 22:19:55 INFO  Progress (1): 0.9/44 kB
2026.06.24 22:19:55 INFO  Progress (1): 2.3/44 kB
2026.06.24 22:19:55 INFO  Progress (1): 3.6/44 kB
2026.06.24 22:19:55 INFO  Progress (1): 5.0/44 kB
2026.06.24 22:19:55 INFO  Progress (1): 6.4/44 kB
2026.06.24 22:19:55 INFO  Progress (1): 7.7/44 kB
2026.06.24 22:19:55 INFO  Progress (1): 9.1/44 kB
2026.06.24 22:19:55 INFO  Progress (1): 10/44 kB 
2026.06.24 22:19:55 INFO  Progress (1): 12/44 kB
2026.06.24 22:19:55 INFO  Progress (1): 12/44 kB
2026.06.24 22:19:55 INFO  Progress (1): 14/44 kB
2026.06.24 22:19:55 INFO  Progress (1): 15/44 kB
2026.06.24 22:19:55 INFO  Progress (1): 16/44 kB
2026.06.24 22:19:55 INFO  Progress (1): 18/44 kB
2026.06.24 22:19:55 INFO  Progress (1): 19/44 kB
2026.06.24 22:19:55 INFO  Progress (1): 21/44 kB
2026.06.24 22:19:55 INFO  Progress (1): 22/44 kB
2026.06.24 22:19:55 INFO  Progress (1): 23/44 kB
2026.06.24 22:19:55 INFO  Progress (1): 25/44 kB
2026.06.24 22:19:55 INFO  Progress (1): 26/44 kB
2026.06.24 22:19:55 INFO  Progress (1): 27/44 kB
2026.06.24 22:19:55 INFO  Progress (1): 29/44 kB
2026.06.24 22:19:55 INFO  Progress (1): 30/44 kB
2026.06.24 22:19:55 INFO  Progress (1): 31/44 kB
2026.06.24 22:19:55 INFO  Progress (1): 33/44 kB
2026.06.24 22:19:55 INFO  Progress (1): 34/44 kB
2026.06.24 22:19:55 INFO  Progress (1): 36/44 kB
2026.06.24 22:19:55 INFO  Progress (1): 37/44 kB
2026.06.24 22:19:55 INFO  Progress (1): 38/44 kB
2026.06.24 22:19:55 INFO  Progress (1): 40/44 kB
2026.06.24 22:19:55 INFO  Progress (1): 41/44 kB
2026.06.24 22:19:55 INFO  Progress (1): 42/44 kB
2026.06.24 22:19:55 INFO  Progress (1): 44/44 kB
2026.06.24 22:19:55 INFO  Progress (1): 44 kB   
2026.06.24 22:19:55 INFO                     
2026.06.24 22:19:55 INFO  Downloaded from central: https://repo.maven.apache.org/maven2/ch/epfl/scala/bloop-maven-plugin/2.0.3/bloop-maven-plugin-2.0.3.jar (44 kB at 1.3 MB/s)
2026.06.24 22:19:55 INFO  [INFO] 
2026.06.24 22:19:55 INFO  [INFO] ---------------------------< com.jobapi:app >---------------------------
2026.06.24 22:19:55 INFO  [INFO] Building  0.0.1-SNAPSHOT
2026.06.24 22:19:55 INFO  [INFO]   from pom.xml
2026.06.24 22:19:55 INFO  [INFO] --------------------------------[ jar ]---------------------------------
2026.06.24 22:19:55 INFO  [INFO] 
2026.06.24 22:19:55 INFO  [INFO] --- bloop:2.0.3:bloopInstall (default-cli) @ app ---
2026.06.24 22:19:55 INFO  Downloading from central: https://repo.maven.apache.org/maven2/org/scala-lang/scala-library/2.13.8/scala-library-2.13.8.pom
2026.06.24 22:19:56 INFO  Progress (1): 1.2 kB
2026.06.24 22:19:56 INFO  Progress (1): 1.6 kB
2026.06.24 22:19:56 INFO                      
2026.06.24 22:19:56 INFO  Downloaded from central: https://repo.maven.apache.org/maven2/org/scala-lang/scala-library/2.13.8/scala-library-2.13.8.pom (1.6 kB at 57 kB/s)
2026.06.24 22:19:56 INFO  Downloading from central: https://repo.maven.apache.org/maven2/ch/epfl/scala/bloop-config_2.13/2.3.3/bloop-config_2.13-2.3.3.pom
2026.06.24 22:19:56 INFO  Progress (1): 1.4 kB
2026.06.24 22:19:56 INFO  Progress (1): 2.3 kB
2026.06.24 22:19:56 INFO                      
2026.06.24 22:19:56 INFO  Downloaded from central: https://repo.maven.apache.org/maven2/ch/epfl/scala/bloop-config_2.13/2.3.3/bloop-config_2.13-2.3.3.pom (2.3 kB at 92 kB/s)
2026.06.24 22:19:56 INFO  Downloading from central: https://repo.maven.apache.org/maven2/com/github/plokhotnyuk/jsoniter-scala/jsoniter-scala-core_2.13/2.13.5.2/jsoniter-scala-core_2.13-2.13.5.2.pom
2026.06.24 22:19:56 INFO  Progress (1): 1.4 kB
2026.06.24 22:19:56 INFO  Progress (1): 2.4 kB
2026.06.24 22:19:56 INFO                      
2026.06.24 22:19:56 INFO  Downloaded from central: https://repo.maven.apache.org/maven2/com/github/plokhotnyuk/jsoniter-scala/jsoniter-scala-core_2.13/2.13.5.2/jsoniter-scala-core_2.13-2.13.5.2.pom (2.4 kB at 94 kB/s)
2026.06.24 22:19:56 INFO  Downloading from central: https://repo.maven.apache.org/maven2/com/lihaoyi/unroll-annotation_2.13/0.1.12/unroll-annotation_2.13-0.1.12.pom
2026.06.24 22:19:56 INFO  Progress (1): 1.3 kB
2026.06.24 22:19:56 INFO  Progress (1): 1.5 kB
2026.06.24 22:19:56 INFO                      
2026.06.24 22:19:56 INFO  Downloaded from central: https://repo.maven.apache.org/maven2/com/lihaoyi/unroll-annotation_2.13/0.1.12/unroll-annotation_2.13-0.1.12.pom (1.5 kB at 56 kB/s)
2026.06.24 22:19:56 INFO  Downloading from central: https://repo.maven.apache.org/maven2/org/scala-lang/scala-library/2.13.12/scala-library-2.13.12.pom
2026.06.24 22:19:56 INFO  Progress (1): 1.2 kB
2026.06.24 22:19:56 INFO  Progress (1): 1.6 kB
2026.06.24 22:19:56 INFO                      
2026.06.24 22:19:56 INFO  Downloaded from central: https://repo.maven.apache.org/maven2/org/scala-lang/scala-library/2.13.12/scala-library-2.13.12.pom (1.6 kB at 64 kB/s)
2026.06.24 22:19:56 INFO  Downloading from central: https://repo.maven.apache.org/maven2/org/scala-lang/scala-library/2.13.16/scala-library-2.13.16.pom
2026.06.24 22:19:56 INFO  Progress (1): 1.1 kB
2026.06.24 22:19:56 INFO  Progress (1): 1.6 kB
2026.06.24 22:19:56 INFO                      
2026.06.24 22:19:56 INFO  Downloaded from central: https://repo.maven.apache.org/maven2/org/scala-lang/scala-library/2.13.16/scala-library-2.13.16.pom (1.6 kB at 76 kB/s)
2026.06.24 22:19:56 INFO  Downloading from central: https://repo.maven.apache.org/maven2/net/alchim31/maven/scala-maven-plugin/4.8.0/scala-maven-plugin-4.8.0.pom
2026.06.24 22:19:56 INFO  Progress (1): 995 B
2026.06.24 22:19:56 INFO  Progress (1): 3.5 kB
2026.06.24 22:19:56 INFO  Progress (1): 5.9 kB
2026.06.24 22:19:56 INFO  Progress (1): 11 kB 
2026.06.24 22:19:56 INFO  Progress (1): 14 kB
2026.06.24 22:19:56 INFO  Progress (1): 17 kB
2026.06.24 22:19:56 INFO  Progress (1): 21 kB
2026.06.24 22:19:56 INFO  Progress (1): 24 kB
2026.06.24 22:19:56 INFO  Progress (1): 26 kB
2026.06.24 22:19:56 INFO                     
2026.06.24 22:19:56 INFO  Downloaded from central: https://repo.maven.apache.org/maven2/net/alchim31/maven/scala-maven-plugin/4.8.0/scala-maven-plugin-4.8.0.pom (26 kB at 964 kB/s)
2026.06.24 22:19:56 INFO  Downloading from central: https://repo.maven.apache.org/maven2/org/apache/maven/shared/maven-dependency-tree/3.2.1/maven-dependency-tree-3.2.1.pom
2026.06.24 22:19:56 INFO  Progress (1): 786 B
2026.06.24 22:19:56 INFO  Progress (1): 2.2 kB
2026.06.24 22:19:56 INFO  Progress (1): 4.4 kB
2026.06.24 22:19:56 INFO  Progress (1): 6.2 kB
2026.06.24 22:19:56 INFO                      
2026.06.24 22:19:56 INFO  Downloaded from central: https://repo.maven.apache.org/maven2/org/apache/maven/shared/maven-dependency-tree/3.2.1/maven-dependency-tree-3.2.1.pom (6.2 kB at 271 kB/s)
2026.06.24 22:19:56 INFO  Downloading from central: https://repo.maven.apache.org/maven2/org/apache/maven/shared/maven-shared-components/37/maven-shared-components-37.pom
2026.06.24 22:19:56 INFO  Progress (1): 781 B
2026.06.24 22:19:56 INFO  Progress (1): 2.3 kB
2026.06.24 22:19:56 INFO  Progress (1): 4.5 kB
2026.06.24 22:19:56 INFO  Progress (1): 4.9 kB
2026.06.24 22:19:56 INFO                      
2026.06.24 22:19:56 INFO  Downloaded from central: https://repo.maven.apache.org/maven2/org/apache/maven/shared/maven-shared-components/37/maven-shared-components-37.pom (4.9 kB at 204 kB/s)
2026.06.24 22:19:56 INFO  Downloading from central: https://repo.maven.apache.org/maven2/org/apache/maven/maven-parent/37/maven-parent-37.pom
2026.06.24 22:19:56 INFO  Progress (1): 721 B
2026.06.24 22:19:56 INFO  Progress (1): 1.9 kB
2026.06.24 22:19:56 INFO  Progress (1): 5.4 kB
2026.06.24 22:19:56 INFO  Progress (1): 9.5 kB
2026.06.24 22:19:56 INFO  Progress (1): 14 kB 
2026.06.24 22:19:56 INFO  Progress (1): 19 kB
2026.06.24 22:19:56 INFO  Progress (1): 23 kB
2026.06.24 22:19:56 INFO  Progress (1): 25 kB
2026.06.24 22:19:56 INFO  Progress (1): 27 kB
2026.06.24 22:19:56 INFO  Progress (1): 28 kB
2026.06.24 22:19:56 INFO  Progress (1): 31 kB
2026.06.24 22:19:56 INFO  Progress (1): 35 kB
2026.06.24 22:19:56 INFO  Progress (1): 38 kB
2026.06.24 22:19:56 INFO  Progress (1): 41 kB
2026.06.24 22:19:56 INFO  Progress (1): 46 kB
2026.06.24 22:19:56 INFO                     
2026.06.24 22:19:56 INFO  Downloaded from central: https://repo.maven.apache.org/maven2/org/apache/maven/maven-parent/37/maven-parent-37.pom (46 kB at 1.7 MB/s)
2026.06.24 22:19:56 INFO  Downloading from central: https://repo.maven.apache.org/maven2/org/eclipse/aether/aether-util/1.0.0.v20140518/aether-util-1.0.0.v20140518.pom
2026.06.24 22:19:56 INFO  Progress (1): 937 B
2026.06.24 22:19:56 INFO  Progress (1): 2.2 kB
2026.06.24 22:19:56 INFO                      
2026.06.24 22:19:56 INFO  Downloaded from central: https://repo.maven.apache.org/maven2/org/eclipse/aether/aether-util/1.0.0.v20140518/aether-util-1.0.0.v20140518.pom (2.2 kB at 88 kB/s)
2026.06.24 22:19:56 INFO  Downloading from central: https://repo.maven.apache.org/maven2/org/eclipse/aether/aether/1.0.0.v20140518/aether-1.0.0.v20140518.pom
2026.06.24 22:19:56 INFO  Progress (1): 798 B
2026.06.24 22:19:56 INFO  Progress (1): 3.2 kB
2026.06.24 22:19:56 INFO  Progress (1): 5.1 kB
2026.06.24 22:19:56 INFO  Progress (1): 9.1 kB
2026.06.24 22:19:56 INFO  Progress (1): 12 kB 
2026.06.24 22:19:56 INFO  Progress (1): 17 kB
2026.06.24 22:19:56 INFO  Progress (1): 20 kB
2026.06.24 22:19:56 INFO  Progress (1): 21 kB
2026.06.24 22:19:56 INFO  Progress (1): 24 kB
2026.06.24 22:19:56 INFO  Progress (1): 29 kB
2026.06.24 22:19:56 INFO  Progress (1): 30 kB
2026.06.24 22:19:56 INFO                     
2026.06.24 22:19:56 INFO  Downloaded from central: https://repo.maven.apache.org/maven2/org/eclipse/aether/aether/1.0.0.v20140518/aether-1.0.0.v20140518.pom (30 kB at 973 kB/s)
2026.06.24 22:19:56 INFO  Downloading from central: https://repo.maven.apache.org/maven2/org/eclipse/aether/aether-api/1.0.0.v20140518/aether-api-1.0.0.v20140518.pom
2026.06.24 22:19:56 INFO  Progress (1): 938 B
2026.06.24 22:19:56 INFO  Progress (1): 1.9 kB
2026.06.24 22:19:56 INFO                      
2026.06.24 22:19:56 INFO  Downloaded from central: https://repo.maven.apache.org/maven2/org/eclipse/aether/aether-api/1.0.0.v20140518/aether-api-1.0.0.v20140518.pom (1.9 kB at 57 kB/s)
2026.06.24 22:19:56 INFO  Downloading from central: https://repo.maven.apache.org/maven2/org/apache/maven/reporting/maven-reporting-api/3.1.1/maven-reporting-api-3.1.1.pom
2026.06.24 22:19:56 INFO  Progress (1): 778 B
2026.06.24 22:19:56 INFO  Progress (1): 2.2 kB
2026.06.24 22:19:56 INFO  Progress (1): 3.8 kB
2026.06.24 22:19:56 INFO                      
2026.06.24 22:19:56 INFO  Downloaded from central: https://repo.maven.apache.org/maven2/org/apache/maven/reporting/maven-reporting-api/3.1.1/maven-reporting-api-3.1.1.pom (3.8 kB at 121 kB/s)
2026.06.24 22:19:56 INFO  Downloading from central: https://repo.maven.apache.org/maven2/org/apache/maven/shared/maven-shared-components/34/maven-shared-components-34.pom
2026.06.24 22:19:56 INFO  Progress (1): 781 B
2026.06.24 22:19:56 INFO  Progress (1): 2.3 kB
2026.06.24 22:19:56 INFO  Progress (1): 4.6 kB
2026.06.24 22:19:56 INFO  Progress (1): 5.1 kB
2026.06.24 22:19:56 INFO                      
2026.06.24 22:19:56 INFO  Downloaded from central: https://repo.maven.apache.org/maven2/org/apache/maven/shared/maven-shared-components/34/maven-shared-components-34.pom (5.1 kB at 232 kB/s)
2026.06.24 22:19:56 INFO  Downloading from central: https://repo.maven.apache.org/maven2/org/apache/maven/maven-parent/34/maven-parent-34.pom
2026.06.24 22:19:56 INFO  Progress (1): 727 B
2026.06.24 22:19:56 INFO  Progress (1): 1.9 kB
2026.06.24 22:19:56 INFO  Progress (1): 5.4 kB
2026.06.24 22:19:56 INFO  Progress (1): 9.8 kB
2026.06.24 22:19:56 INFO  Progress (1): 14 kB 
2026.06.24 22:19:56 INFO  Progress (1): 19 kB
2026.06.24 22:19:56 INFO  Progress (1): 23 kB
2026.06.24 22:19:56 INFO  Progress (1): 25 kB
2026.06.24 22:19:56 INFO  Progress (1): 26 kB
2026.06.24 22:19:56 INFO  Progress (1): 28 kB
2026.06.24 22:19:56 INFO  Progress (1): 31 kB
2026.06.24 22:19:56 INFO  Progress (1): 35 kB
2026.06.24 22:19:56 INFO  Progress (1): 38 kB
2026.06.24 22:19:56 INFO  Progress (1): 42 kB
2026.06.24 22:19:56 INFO  Progress (1): 43 kB
2026.06.24 22:19:56 INFO                     
2026.06.24 22:19:56 INFO  Downloaded from central: https://repo.maven.apache.org/maven2/org/apache/maven/maven-parent/34/maven-parent-34.pom (43 kB at 1.5 MB/s)
2026.06.24 22:19:56 INFO  Downloading from central: https://repo.maven.apache.org/maven2/org/apache/maven/doxia/doxia-sink-api/1.11.1/doxia-sink-api-1.11.1.pom
2026.06.24 22:19:56 INFO  Progress (1): 835 B
2026.06.24 22:19:56 INFO  Progress (1): 1.6 kB
2026.06.24 22:19:56 INFO                      
2026.06.24 22:19:56 INFO  Downloaded from central: https://repo.maven.apache.org/maven2/org/apache/maven/doxia/doxia-sink-api/1.11.1/doxia-sink-api-1.11.1.pom (1.6 kB at 58 kB/s)
2026.06.24 22:19:56 INFO  Downloading from central: https://repo.maven.apache.org/maven2/org/apache/maven/doxia/doxia/1.11.1/doxia-1.11.1.pom
2026.06.24 22:19:56 INFO  Progress (1): 755 B
2026.06.24 22:19:56 INFO  Progress (1): 2.2 kB
2026.06.24 22:19:56 INFO  Progress (1): 3.7 kB
2026.06.24 22:19:56 INFO  Progress (1): 8.9 kB
2026.06.24 22:19:56 INFO  Progress (1): 12 kB 
2026.06.24 22:19:56 INFO  Progress (1): 16 kB
2026.06.24 22:19:56 INFO  Progress (1): 18 kB
2026.06.24 22:19:56 INFO                     
2026.06.24 22:19:56 INFO  Downloaded from central: https://repo.maven.apache.org/maven2/org/apache/maven/doxia/doxia/1.11.1/doxia-1.11.1.pom (18 kB at 644 kB/s)
2026.06.24 22:19:56 INFO  Downloading from central: https://repo.maven.apache.org/maven2/org/apache/maven/doxia/doxia-logging-api/1.11.1/doxia-logging-api-1.11.1.pom
2026.06.24 22:19:56 INFO  Progress (1): 832 B
2026.06.24 22:19:56 INFO  Progress (1): 1.6 kB
2026.06.24 22:19:56 INFO                      
2026.06.24 22:19:56 INFO  Downloaded from central: https://repo.maven.apache.org/maven2/org/apache/maven/doxia/doxia-logging-api/1.11.1/doxia-logging-api-1.11.1.pom (1.6 kB at 61 kB/s)
2026.06.24 22:19:56 INFO  Downloading from central: https://repo.maven.apache.org/maven2/org/apache/maven/maven-archiver/3.6.0/maven-archiver-3.6.0.pom
2026.06.24 22:19:56 INFO  Progress (1): 796 B
2026.06.24 22:19:56 INFO  Progress (1): 2.2 kB
2026.06.24 22:19:56 INFO  Progress (1): 3.9 kB
2026.06.24 22:19:56 INFO                      
2026.06.24 22:19:56 INFO  Downloaded from central: https://repo.maven.apache.org/maven2/org/apache/maven/maven-archiver/3.6.0/maven-archiver-3.6.0.pom (3.9 kB at 151 kB/s)
2026.06.24 22:19:56 INFO  Downloading from central: https://repo.maven.apache.org/maven2/org/codehaus/plexus/plexus-io/3.4.0/plexus-io-3.4.0.pom
2026.06.24 22:19:56 INFO  Progress (1): 1.2 kB
2026.06.24 22:19:56 INFO  Progress (1): 3.8 kB
2026.06.24 22:19:56 INFO  Progress (1): 6.0 kB
2026.06.24 22:19:56 INFO                      
2026.06.24 22:19:56 INFO  Downloaded from central: https://repo.maven.apache.org/maven2/org/codehaus/plexus/plexus-io/3.4.0/plexus-io-3.4.0.pom (6.0 kB at 241 kB/s)
2026.06.24 22:19:56 INFO  Downloading from central: https://repo.maven.apache.org/maven2/org/codehaus/plexus/plexus-utils/3.4.2/plexus-utils-3.4.2.pom
2026.06.24 22:19:56 INFO  Progress (1): 729 B
2026.06.24 22:19:56 INFO  Progress (1): 2.3 kB
2026.06.24 22:19:56 INFO  Progress (1): 4.7 kB
2026.06.24 22:19:56 INFO  Progress (1): 8.2 kB
2026.06.24 22:19:56 INFO                      
2026.06.24 22:19:56 INFO  Downloaded from central: https://repo.maven.apache.org/maven2/org/codehaus/plexus/plexus-utils/3.4.2/plexus-utils-3.4.2.pom (8.2 kB at 432 kB/s)
2026.06.24 22:19:56 INFO  Downloading from central: https://repo.maven.apache.org/maven2/org/codehaus/plexus/plexus/8/plexus-8.pom
2026.06.24 22:19:56 INFO  Progress (1): 696 B
2026.06.24 22:19:56 INFO  Progress (1): 2.7 kB
2026.06.24 22:19:56 INFO  Progress (1): 6.4 kB
2026.06.24 22:19:56 INFO  Progress (1): 9.2 kB
2026.06.24 22:19:56 INFO  Progress (1): 11 kB 
2026.06.24 22:19:56 INFO  Progress (1): 15 kB
2026.06.24 22:19:56 INFO  Progress (1): 20 kB
2026.06.24 22:19:56 INFO  Progress (1): 24 kB
2026.06.24 22:19:56 INFO  Progress (1): 25 kB
2026.06.24 22:19:56 INFO                     
2026.06.24 22:19:56 INFO  Downloaded from central: https://repo.maven.apache.org/maven2/org/codehaus/plexus/plexus/8/plexus-8.pom (25 kB at 1.0 MB/s)
2026.06.24 22:19:56 INFO  Downloading from central: https://repo.maven.apache.org/maven2/org/codehaus/plexus/plexus-archiver/4.4.0/plexus-archiver-4.4.0.pom
2026.06.24 22:19:56 INFO  Progress (1): 1.3 kB
2026.06.24 22:19:56 INFO  Progress (1): 3.5 kB
2026.06.24 22:19:56 INFO  Progress (1): 6.0 kB
2026.06.24 22:19:56 INFO  Progress (1): 6.3 kB
2026.06.24 22:19:56 INFO                      
2026.06.24 22:19:56 INFO  Downloaded from central: https://repo.maven.apache.org/maven2/org/codehaus/plexus/plexus-archiver/4.4.0/plexus-archiver-4.4.0.pom (6.3 kB at 261 kB/s)
2026.06.24 22:19:56 INFO  Downloading from central: https://repo.maven.apache.org/maven2/org/apache/commons/commons-compress/1.21/commons-compress-1.21.pom
2026.06.24 22:19:56 INFO  Progress (1): 753 B
2026.06.24 22:19:56 INFO  Progress (1): 1.9 kB
2026.06.24 22:19:56 INFO  Progress (1): 3.5 kB
2026.06.24 22:19:56 INFO  Progress (1): 6.8 kB
2026.06.24 22:19:56 INFO  Progress (1): 9.1 kB
2026.06.24 22:19:56 INFO  Progress (1): 11 kB 
2026.06.24 22:19:56 INFO  Progress (1): 14 kB
2026.06.24 22:19:56 INFO  Progress (1): 18 kB
2026.06.24 22:19:56 INFO  Progress (1): 20 kB
2026.06.24 22:19:56 INFO                     
2026.06.24 22:19:56 INFO  Downloaded from central: https://repo.maven.apache.org/maven2/org/apache/commons/commons-compress/1.21/commons-compress-1.21.pom (20 kB at 820 kB/s)
2026.06.24 22:19:56 INFO  Downloading from central: https://repo.maven.apache.org/maven2/org/apache/commons/commons-exec/1.3/commons-exec-1.3.pom
2026.06.24 22:19:56 INFO  Progress (1): 788 B
2026.06.24 22:19:56 INFO  Progress (1): 2.3 kB
2026.06.24 22:19:56 INFO  Progress (1): 5.3 kB
2026.06.24 22:19:56 INFO  Progress (1): 7.8 kB
2026.06.24 22:19:56 INFO  Progress (1): 10 kB 
2026.06.24 22:19:56 INFO  Progress (1): 11 kB
2026.06.24 22:19:56 INFO                     
2026.06.24 22:19:56 INFO  Downloaded from central: https://repo.maven.apache.org/maven2/org/apache/commons/commons-exec/1.3/commons-exec-1.3.pom (11 kB at 524 kB/s)
2026.06.24 22:19:56 INFO  Downloading from central: https://repo.maven.apache.org/maven2/org/apache/commons/commons-parent/35/commons-parent-35.pom
2026.06.24 22:19:56 INFO  Progress (1): 714 B
2026.06.24 22:19:56 INFO  Progress (1): 2.0 kB
2026.06.24 22:19:56 INFO  Progress (1): 3.3 kB
2026.06.24 22:19:56 INFO  Progress (1): 4.8 kB
2026.06.24 22:19:56 INFO  Progress (1): 8.2 kB
2026.06.24 22:19:56 INFO  Progress (1): 11 kB 
2026.06.24 22:19:56 INFO  Progress (1): 15 kB
2026.06.24 22:19:56 INFO  Progress (1): 18 kB
2026.06.24 22:19:56 INFO  Progress (1): 21 kB
2026.06.24 22:19:56 INFO  Progress (1): 24 kB
2026.06.24 22:19:56 INFO  Progress (1): 26 kB
2026.06.24 22:19:56 INFO  Progress (1): 30 kB
2026.06.24 22:19:56 INFO  Progress (1): 32 kB
2026.06.24 22:19:56 INFO  Progress (1): 36 kB
2026.06.24 22:19:56 INFO  Progress (1): 41 kB
2026.06.24 22:19:56 INFO  Progress (1): 42 kB
2026.06.24 22:19:56 INFO  Progress (1): 46 kB
2026.06.24 22:19:56 INFO  Progress (1): 48 kB
2026.06.24 22:19:56 INFO  Progress (1): 51 kB
2026.06.24 22:19:56 INFO  Progress (1): 53 kB
2026.06.24 22:19:56 INFO  Progress (1): 56 kB
2026.06.24 22:19:56 INFO  Progress (1): 57 kB
2026.06.24 22:19:56 INFO  Progress (1): 58 kB
2026.06.24 22:19:56 INFO                     
2026.06.24 22:19:56 INFO  Downloaded from central: https://repo.maven.apache.org/maven2/org/apache/commons/commons-parent/35/commons-parent-35.pom (58 kB at 2.1 MB/s)
2026.06.24 22:19:56 INFO  Downloading from central: https://repo.maven.apache.org/maven2/org/apache/apache/15/apache-15.pom
2026.06.24 22:19:56 INFO  Progress (1): 771 B
2026.06.24 22:19:56 INFO  Progress (1): 2.2 kB
2026.06.24 22:19:56 INFO  Progress (1): 4.0 kB
2026.06.24 22:19:56 INFO  Progress (1): 7.7 kB
2026.06.24 22:19:56 INFO  Progress (1): 11 kB 
2026.06.24 22:19:56 INFO  Progress (1): 14 kB
2026.06.24 22:19:56 INFO  Progress (1): 15 kB
2026.06.24 22:19:56 INFO                     
2026.06.24 22:19:56 INFO  Downloaded from central: https://repo.maven.apache.org/maven2/org/apache/apache/15/apache-15.pom (15 kB at 609 kB/s)
2026.06.24 22:19:56 INFO  Downloading from central: https://repo.maven.apache.org/maven2/org/codehaus/plexus/plexus-archiver/4.6.0/plexus-archiver-4.6.0.pom
2026.06.24 22:19:56 INFO  Progress (1): 1.2 kB
2026.06.24 22:19:56 INFO  Progress (1): 4.1 kB
2026.06.24 22:19:56 INFO  Progress (1): 6.3 kB
2026.06.24 22:19:56 INFO  Progress (1): 6.5 kB
2026.06.24 22:19:56 INFO                      
2026.06.24 22:19:56 INFO  Downloaded from central: https://repo.maven.apache.org/maven2/org/codehaus/plexus/plexus-archiver/4.6.0/plexus-archiver-4.6.0.pom (6.5 kB at 252 kB/s)
2026.06.24 22:19:56 INFO  Downloading from central: https://repo.maven.apache.org/maven2/com/github/luben/zstd-jni/1.5.2-5/zstd-jni-1.5.2-5.pom
2026.06.24 22:19:56 INFO  Progress (1): 1.1 kB
2026.06.24 22:19:56 INFO  Progress (1): 1.9 kB
2026.06.24 22:19:56 INFO                      
2026.06.24 22:19:56 INFO  Downloaded from central: https://repo.maven.apache.org/maven2/com/github/luben/zstd-jni/1.5.2-5/zstd-jni-1.5.2-5.pom (1.9 kB at 74 kB/s)
2026.06.24 22:19:56 INFO  Downloading from central: https://repo.maven.apache.org/maven2/org/codehaus/plexus/plexus-classworlds/2.7.0/plexus-classworlds-2.7.0.pom
2026.06.24 22:19:56 INFO  Progress (1): 915 B
2026.06.24 22:19:56 INFO  Progress (1): 2.5 kB
2026.06.24 22:19:56 INFO  Progress (1): 5.7 kB
2026.06.24 22:19:56 INFO  Progress (1): 7.6 kB
2026.06.24 22:19:56 INFO                      
2026.06.24 22:19:56 INFO  Downloaded from central: https://repo.maven.apache.org/maven2/org/codehaus/plexus/plexus-classworlds/2.7.0/plexus-classworlds-2.7.0.pom (7.6 kB at 294 kB/s)
2026.06.24 22:19:56 INFO  Downloading from central: https://repo.maven.apache.org/maven2/org/scala-sbt/zinc_2.13/1.8.0/zinc_2.13-1.8.0.pom
2026.06.24 22:19:56 INFO  Progress (1): 1.3 kB
2026.06.24 22:19:56 INFO  Progress (1): 4.1 kB
2026.06.24 22:19:56 INFO                      
2026.06.24 22:19:56 INFO  Downloaded from central: https://repo.maven.apache.org/maven2/org/scala-sbt/zinc_2.13/1.8.0/zinc_2.13-1.8.0.pom (4.1 kB at 165 kB/s)
2026.06.24 22:19:56 INFO  Downloading from central: https://repo.maven.apache.org/maven2/org/scala-sbt/zinc-core_2.13/1.8.0/zinc-core_2.13-1.8.0.pom
2026.06.24 22:19:56 INFO  Progress (1): 1.3 kB
2026.06.24 22:19:56 INFO  Progress (1): 5.3 kB
2026.06.24 22:19:56 INFO                      
2026.06.24 22:19:56 INFO  Downloaded from central: https://repo.maven.apache.org/maven2/org/scala-sbt/zinc-core_2.13/1.8.0/zinc-core_2.13-1.8.0.pom (5.3 kB at 230 kB/s)
2026.06.24 22:19:56 INFO  Downloading from central: https://repo.maven.apache.org/maven2/org/scala-sbt/zinc-compile-core_2.13/1.8.0/zinc-compile-core_2.13-1.8.0.pom
2026.06.24 22:19:56 INFO  Progress (1): 1.2 kB
2026.06.24 22:19:56 INFO  Progress (1): 5.5 kB
2026.06.24 22:19:56 INFO                      
2026.06.24 22:19:56 INFO  Downloaded from central: https://repo.maven.apache.org/maven2/org/scala-sbt/zinc-compile-core_2.13/1.8.0/zinc-compile-core_2.13-1.8.0.pom (5.5 kB at 248 kB/s)
2026.06.24 22:19:56 INFO  Downloading from central: https://repo.maven.apache.org/maven2/org/scala-sbt/compiler-interface/1.8.0/compiler-interface-1.8.0.pom
2026.06.24 22:19:56 INFO  Progress (1): 1.3 kB
2026.06.24 22:19:56 INFO  Progress (1): 3.0 kB
2026.06.24 22:19:56 INFO                      
2026.06.24 22:19:56 INFO  Downloaded from central: https://repo.maven.apache.org/maven2/org/scala-sbt/compiler-interface/1.8.0/compiler-interface-1.8.0.pom (3.0 kB at 136 kB/s)
2026.06.24 22:19:56 INFO  Downloading from central: https://repo.maven.apache.org/maven2/org/scala-sbt/util-interface/1.8.0/util-interface-1.8.0.pom
2026.06.24 22:19:56 INFO  Progress (1): 1.3 kB
2026.06.24 22:19:56 INFO  Progress (1): 2.6 kB
2026.06.24 22:19:56 INFO                      
2026.06.24 22:19:56 INFO  Downloaded from central: https://repo.maven.apache.org/maven2/org/scala-sbt/util-interface/1.8.0/util-interface-1.8.0.pom (2.6 kB at 111 kB/s)
2026.06.24 22:19:56 INFO  Downloading from central: https://repo.maven.apache.org/maven2/org/scala-sbt/zinc-classpath_2.13/1.8.0/zinc-classpath_2.13-1.8.0.pom
2026.06.24 22:19:56 INFO  Progress (1): 1.3 kB
2026.06.24 22:19:56 INFO  Progress (1): 3.9 kB
2026.06.24 22:19:56 INFO                      
2026.06.24 22:19:56 INFO  Downloaded from central: https://repo.maven.apache.org/maven2/org/scala-sbt/zinc-classpath_2.13/1.8.0/zinc-classpath_2.13-1.8.0.pom (3.9 kB at 178 kB/s)
2026.06.24 22:19:56 INFO  Downloading from central: https://repo.maven.apache.org/maven2/org/scala-lang/scala-compiler/2.13.8/scala-compiler-2.13.8.pom
2026.06.24 22:19:57 INFO  Progress (1): 1.2 kB
2026.06.24 22:19:57 INFO  Progress (1): 2.3 kB
2026.06.24 22:19:57 INFO                      
2026.06.24 22:19:57 INFO  Downloaded from central: https://repo.maven.apache.org/maven2/org/scala-lang/scala-compiler/2.13.8/scala-compiler-2.13.8.pom (2.3 kB at 102 kB/s)
2026.06.24 22:19:57 INFO  Downloading from central: https://repo.maven.apache.org/maven2/org/scala-lang/scala-reflect/2.13.8/scala-reflect-2.13.8.pom
2026.06.24 22:19:57 INFO  Progress (1): 1.2 kB
2026.06.24 22:19:57 INFO  Progress (1): 1.8 kB
2026.06.24 22:19:57 INFO                      
2026.06.24 22:19:57 INFO  Downloaded from central: https://repo.maven.apache.org/maven2/org/scala-lang/scala-reflect/2.13.8/scala-reflect-2.13.8.pom (1.8 kB at 65 kB/s)
2026.06.24 22:19:57 INFO  Downloading from central: https://repo.maven.apache.org/maven2/net/java/dev/jna/jna/5.9.0/jna-5.9.0.pom
2026.06.24 22:19:57 INFO  Progress (1): 1.4 kB
2026.06.24 22:19:57 INFO  Progress (1): 2.0 kB
2026.06.24 22:19:57 INFO                      
2026.06.24 22:19:57 INFO  Downloaded from central: https://repo.maven.apache.org/maven2/net/java/dev/jna/jna/5.9.0/jna-5.9.0.pom (2.0 kB at 61 kB/s)
2026.06.24 22:19:57 INFO  Downloading from central: https://repo.maven.apache.org/maven2/org/scala-sbt/io_2.13/1.8.0/io_2.13-1.8.0.pom
2026.06.24 22:19:57 INFO  Progress (1): 1.4 kB
2026.06.24 22:19:57 INFO  Progress (1): 3.3 kB
2026.06.24 22:19:57 INFO                      
2026.06.24 22:19:57 INFO  Downloaded from central: https://repo.maven.apache.org/maven2/org/scala-sbt/io_2.13/1.8.0/io_2.13-1.8.0.pom (3.3 kB at 131 kB/s)
2026.06.24 22:19:57 INFO  Downloading from central: https://repo.maven.apache.org/maven2/com/swoval/file-tree-views/2.1.9/file-tree-views-2.1.9.pom
2026.06.24 22:19:57 INFO  Progress (1): 1.4 kB
2026.06.24 22:19:57 INFO  Progress (1): 1.7 kB
2026.06.24 22:19:57 INFO                      
2026.06.24 22:19:57 INFO  Downloaded from central: https://repo.maven.apache.org/maven2/com/swoval/file-tree-views/2.1.9/file-tree-views-2.1.9.pom (1.7 kB at 66 kB/s)
2026.06.24 22:19:57 INFO  Downloading from central: https://repo.maven.apache.org/maven2/net/java/dev/jna/jna/5.12.0/jna-5.12.0.pom
2026.06.24 22:19:57 INFO  Progress (1): 1.4 kB
2026.06.24 22:19:57 INFO  Progress (1): 2.0 kB
2026.06.24 22:19:57 INFO                      
2026.06.24 22:19:57 INFO  Downloaded from central: https://repo.maven.apache.org/maven2/net/java/dev/jna/jna/5.12.0/jna-5.12.0.pom (2.0 kB at 85 kB/s)
2026.06.24 22:19:57 INFO  Downloading from central: https://repo.maven.apache.org/maven2/net/java/dev/jna/jna-platform/5.12.0/jna-platform-5.12.0.pom
2026.06.24 22:19:57 INFO  Progress (1): 1.3 kB
2026.06.24 22:19:57 INFO  Progress (1): 2.3 kB
2026.06.24 22:19:57 INFO                      
2026.06.24 22:19:57 INFO  Downloaded from central: https://repo.maven.apache.org/maven2/net/java/dev/jna/jna-platform/5.12.0/jna-platform-5.12.0.pom (2.3 kB at 83 kB/s)
2026.06.24 22:19:57 INFO  Downloading from central: https://repo.maven.apache.org/maven2/org/scala-sbt/zinc-apiinfo_2.13/1.8.0/zinc-apiinfo_2.13-1.8.0.pom
2026.06.24 22:19:57 INFO  Progress (1): 1.3 kB
2026.06.24 22:19:57 INFO  Progress (1): 3.8 kB
2026.06.24 22:19:57 INFO                      
2026.06.24 22:19:57 INFO  Downloaded from central: https://repo.maven.apache.org/maven2/org/scala-sbt/zinc-apiinfo_2.13/1.8.0/zinc-apiinfo_2.13-1.8.0.pom (3.8 kB at 163 kB/s)
2026.06.24 22:19:57 INFO  Downloading from central: https://repo.maven.apache.org/maven2/org/scala-sbt/compiler-bridge_2.13/1.8.0/compiler-bridge_2.13-1.8.0.pom
2026.06.24 22:19:57 INFO  Progress (1): 1.3 kB
2026.06.24 22:19:57 INFO  Progress (1): 2.8 kB
2026.06.24 22:19:57 INFO                      
2026.06.24 22:19:57 INFO  Downloaded from central: https://repo.maven.apache.org/maven2/org/scala-sbt/compiler-bridge_2.13/1.8.0/compiler-bridge_2.13-1.8.0.pom (2.8 kB at 117 kB/s)
2026.06.24 22:19:57 INFO  Downloading from central: https://repo.maven.apache.org/maven2/org/scala-sbt/zinc-classfile_2.13/1.8.0/zinc-classfile_2.13-1.8.0.pom
2026.06.24 22:19:57 INFO  Progress (1): 1.3 kB
2026.06.24 22:19:57 INFO  Progress (1): 4.0 kB
2026.06.24 22:19:57 INFO                      
2026.06.24 22:19:57 INFO  Downloaded from central: https://repo.maven.apache.org/maven2/org/scala-sbt/zinc-classfile_2.13/1.8.0/zinc-classfile_2.13-1.8.0.pom (4.0 kB at 158 kB/s)
2026.06.24 22:19:57 INFO  Downloading from central: https://repo.maven.apache.org/maven2/org/scala-sbt/util-logging_2.13/1.8.0/util-logging_2.13-1.8.0.pom
2026.06.24 22:19:57 INFO  Progress (1): 1.2 kB
2026.06.24 22:19:57 INFO  Progress (1): 5.6 kB
2026.06.24 22:19:57 INFO  Progress (1): 5.7 kB
2026.06.24 22:19:57 INFO                      
2026.06.24 22:19:57 INFO  Downloaded from central: https://repo.maven.apache.org/maven2/org/scala-sbt/util-logging_2.13/1.8.0/util-logging_2.13-1.8.0.pom (5.7 kB at 229 kB/s)
2026.06.24 22:19:57 INFO  Downloading from central: https://repo.maven.apache.org/maven2/org/scala-sbt/collections_2.13/1.8.0/collections_2.13-1.8.0.pom
2026.06.24 22:19:57 INFO  Progress (1): 1.3 kB
2026.06.24 22:19:57 INFO  Progress (1): 4.4 kB
2026.06.24 22:19:57 INFO                      
2026.06.24 22:19:57 INFO  Downloaded from central: https://repo.maven.apache.org/maven2/org/scala-sbt/collections_2.13/1.8.0/collections_2.13-1.8.0.pom (4.4 kB at 190 kB/s)
2026.06.24 22:19:57 INFO  Downloading from central: https://repo.maven.apache.org/maven2/org/scala-sbt/util-position_2.13/1.8.0/util-position_2.13-1.8.0.pom
2026.06.24 22:19:57 INFO  Progress (1): 1.3 kB
2026.06.24 22:19:57 INFO  Progress (1): 3.2 kB
2026.06.24 22:19:57 INFO                      
2026.06.24 22:19:57 INFO  Downloaded from central: https://repo.maven.apache.org/maven2/org/scala-sbt/util-position_2.13/1.8.0/util-position_2.13-1.8.0.pom (3.2 kB at 127 kB/s)
2026.06.24 22:19:57 INFO  Downloading from central: https://repo.maven.apache.org/maven2/org/scala-lang/modules/scala-parallel-collections_2.13/0.2.0/scala-parallel-collections_2.13-0.2.0.pom
2026.06.24 22:19:57 INFO  Progress (1): 1.4 kB
2026.06.24 22:19:57 INFO  Progress (1): 1.8 kB
2026.06.24 22:19:57 INFO                      
2026.06.24 22:19:57 INFO  Downloaded from central: https://repo.maven.apache.org/maven2/org/scala-lang/modules/scala-parallel-collections_2.13/0.2.0/scala-parallel-collections_2.13-0.2.0.pom (1.8 kB at 75 kB/s)
2026.06.24 22:19:57 INFO  Downloading from central: https://repo.maven.apache.org/maven2/org/scala-lang/scala-library/2.13.0/scala-library-2.13.0.pom
2026.06.24 22:19:57 INFO  Progress (1): 1.2 kB
2026.06.24 22:19:57 INFO  Progress (1): 1.6 kB
2026.06.24 22:19:57 INFO                      
2026.06.24 22:19:57 INFO  Downloaded from central: https://repo.maven.apache.org/maven2/org/scala-lang/scala-library/2.13.0/scala-library-2.13.0.pom (1.6 kB at 59 kB/s)
2026.06.24 22:19:57 INFO  Downloading from central: https://repo.maven.apache.org/maven2/org/scala-sbt/core-macros_2.13/1.8.0/core-macros_2.13-1.8.0.pom
2026.06.24 22:19:57 INFO  Progress (1): 1.3 kB
2026.06.24 22:19:57 INFO  Progress (1): 3.1 kB
2026.06.24 22:19:57 INFO                      
2026.06.24 22:19:57 INFO  Downloaded from central: https://repo.maven.apache.org/maven2/org/scala-sbt/core-macros_2.13/1.8.0/core-macros_2.13-1.8.0.pom (3.1 kB at 130 kB/s)
2026.06.24 22:19:57 INFO  Downloading from central: https://repo.maven.apache.org/maven2/org/jline/jline-terminal/3.19.0/jline-terminal-3.19.0.pom
2026.06.24 22:19:57 INFO  Progress (1): 1.2 kB
2026.06.24 22:19:57 INFO  Progress (1): 1.3 kB
2026.06.24 22:19:57 INFO                      
2026.06.24 22:19:57 INFO  Downloaded from central: https://repo.maven.apache.org/maven2/org/jline/jline-terminal/3.19.0/jline-terminal-3.19.0.pom (1.3 kB at 52 kB/s)
2026.06.24 22:19:57 INFO  Downloading from central: https://repo.maven.apache.org/maven2/org/jline/jline-parent/3.19.0/jline-parent-3.19.0.pom
2026.06.24 22:19:57 INFO  Progress (1): 930 B
2026.06.24 22:19:57 INFO  Progress (1): 2.9 kB
2026.06.24 22:19:57 INFO  Progress (1): 8.3 kB
2026.06.24 22:19:57 INFO  Progress (1): 13 kB 
2026.06.24 22:19:57 INFO  Progress (1): 16 kB
2026.06.24 22:19:57 INFO  Progress (1): 20 kB
2026.06.24 22:19:57 INFO  Progress (1): 24 kB
2026.06.24 22:19:57 INFO                     
2026.06.24 22:19:57 INFO  Downloaded from central: https://repo.maven.apache.org/maven2/org/jline/jline-parent/3.19.0/jline-parent-3.19.0.pom (24 kB at 785 kB/s)
2026.06.24 22:19:57 INFO  Downloading from central: https://repo.maven.apache.org/maven2/org/scala-lang/modules/scala-parser-combinators_2.13/1.1.2/scala-parser-combinators_2.13-1.1.2.pom
2026.06.24 22:19:57 INFO  Progress (1): 1.4 kB
2026.06.24 22:19:57 INFO  Progress (1): 2.2 kB
2026.06.24 22:19:57 INFO                      
2026.06.24 22:19:57 INFO  Downloaded from central: https://repo.maven.apache.org/maven2/org/scala-lang/modules/scala-parser-combinators_2.13/1.1.2/scala-parser-combinators_2.13-1.1.2.pom (2.2 kB at 91 kB/s)
2026.06.24 22:19:57 INFO  Downloading from central: https://repo.maven.apache.org/maven2/net/openhft/zero-allocation-hashing/0.10.1/zero-allocation-hashing-0.10.1.pom
2026.06.24 22:19:57 INFO  Progress (1): 786 B
2026.06.24 22:19:57 INFO  Progress (1): 2.5 kB
2026.06.24 22:19:57 INFO  Progress (1): 6.3 kB
2026.06.24 22:19:57 INFO  Progress (1): 8.1 kB
2026.06.24 22:19:57 INFO                      
2026.06.24 22:19:57 INFO  Downloaded from central: https://repo.maven.apache.org/maven2/net/openhft/zero-allocation-hashing/0.10.1/zero-allocation-hashing-0.10.1.pom (8.1 kB at 311 kB/s)
2026.06.24 22:19:57 INFO  Downloading from central: https://repo.maven.apache.org/maven2/net/openhft/root-parent-pom/1.1.13/root-parent-pom-1.1.13.pom
2026.06.24 22:19:57 INFO  Progress (1): 788 B
2026.06.24 22:19:57 INFO  Progress (1): 3.4 kB
2026.06.24 22:19:57 INFO  Progress (1): 7.4 kB
2026.06.24 22:19:57 INFO  Progress (1): 9.8 kB
2026.06.24 22:19:57 INFO                      
2026.06.24 22:19:57 INFO  Downloaded from central: https://repo.maven.apache.org/maven2/net/openhft/root-parent-pom/1.1.13/root-parent-pom-1.1.13.pom (9.8 kB at 391 kB/s)
2026.06.24 22:19:57 INFO  Downloading from central: https://repo.maven.apache.org/maven2/org/scala-sbt/util-control_2.13/1.8.0/util-control_2.13-1.8.0.pom
2026.06.24 22:19:57 INFO  Progress (1): 1.3 kB
2026.06.24 22:19:57 INFO  Progress (1): 2.8 kB
2026.06.24 22:19:57 INFO                      
2026.06.24 22:19:57 INFO  Downloaded from central: https://repo.maven.apache.org/maven2/org/scala-sbt/util-control_2.13/1.8.0/util-control_2.13-1.8.0.pom (2.8 kB at 103 kB/s)
2026.06.24 22:19:57 INFO  Downloading from central: https://repo.maven.apache.org/maven2/org/scala-sbt/zinc-persist-core-assembly/1.8.0/zinc-persist-core-assembly-1.8.0.pom
2026.06.24 22:19:57 INFO  Progress (1): 1.3 kB
2026.06.24 22:19:57 INFO  Progress (1): 2.4 kB
2026.06.24 22:19:57 INFO                      
2026.06.24 22:19:57 INFO  Downloaded from central: https://repo.maven.apache.org/maven2/org/scala-sbt/zinc-persist-core-assembly/1.8.0/zinc-persist-core-assembly-1.8.0.pom (2.4 kB at 85 kB/s)
2026.06.24 22:19:57 INFO  Downloading from central: https://repo.maven.apache.org/maven2/org/scala-sbt/util-relation_2.13/1.8.0/util-relation_2.13-1.8.0.pom
2026.06.24 22:19:57 INFO  Progress (1): 1.3 kB
2026.06.24 22:19:57 INFO  Progress (1): 3.0 kB
2026.06.24 22:19:57 INFO                      
2026.06.24 22:19:57 INFO  Downloaded from central: https://repo.maven.apache.org/maven2/org/scala-sbt/util-relation_2.13/1.8.0/util-relation_2.13-1.8.0.pom (3.0 kB at 124 kB/s)
2026.06.24 22:19:57 INFO  Downloading from central: https://repo.maven.apache.org/maven2/org/scala-sbt/zinc-persist_2.13/1.8.0/zinc-persist_2.13-1.8.0.pom
2026.06.24 22:19:57 INFO  Progress (1): 1.3 kB
2026.06.24 22:19:57 INFO  Progress (1): 4.3 kB
2026.06.24 22:19:57 INFO                      
2026.06.24 22:19:57 INFO  Downloaded from central: https://repo.maven.apache.org/maven2/org/scala-sbt/zinc-persist_2.13/1.8.0/zinc-persist_2.13-1.8.0.pom (4.3 kB at 161 kB/s)
2026.06.24 22:19:57 INFO  Downloading from central: https://repo.maven.apache.org/maven2/org/scala-lang/scala-library/2.13.8/scala-library-2.13.8.jar
2026.06.24 22:19:57 INFO  Progress (1): 0/6.0 MB
2026.06.24 22:19:57 INFO  Progress (1): 0/6.0 MB
2026.06.24 22:19:57 INFO  Progress (1): 0/6.0 MB
2026.06.24 22:19:57 INFO  Progress (1): 0/6.0 MB
2026.06.24 22:19:57 INFO  Progress (1): 0.1/6.0 MB
2026.06.24 22:19:57 INFO  Progress (1): 0.1/6.0 MB
2026.06.24 22:19:57 INFO  Progress (1): 0.1/6.0 MB
2026.06.24 22:19:57 INFO  Progress (1): 0.1/6.0 MB
2026.06.24 22:19:57 INFO  Progress (1): 0.1/6.0 MB
2026.06.24 22:19:57 INFO  Progress (1): 0.1/6.0 MB
2026.06.24 22:19:57 INFO  Progress (1): 0.2/6.0 MB
2026.06.24 22:19:57 INFO  Progress (1): 0.2/6.0 MB
2026.06.24 22:19:57 INFO  Progress (1): 0.2/6.0 MB
2026.06.24 22:19:57 INFO  Progress (1): 0.2/6.0 MB
2026.06.24 22:19:57 INFO  Progress (1): 0.2/6.0 MB
2026.06.24 22:19:57 INFO  Progress (1): 0.2/6.0 MB
2026.06.24 22:19:57 INFO  Progress (1): 0.2/6.0 MB
2026.06.24 22:19:57 INFO  Progress (1): 0.3/6.0 MB
2026.06.24 22:19:57 INFO  Progress (1): 0.3/6.0 MB
2026.06.24 22:19:57 INFO  Progress (1): 0.3/6.0 MB
2026.06.24 22:19:57 INFO  Progress (1): 0.3/6.0 MB
2026.06.24 22:19:57 INFO  Progress (1): 0.3/6.0 MB
2026.06.24 22:19:57 INFO  Progress (1): 0.3/6.0 MB
2026.06.24 22:19:57 INFO  Progress (1): 0.3/6.0 MB
2026.06.24 22:19:57 INFO  Progress (1): 0.4/6.0 MB
2026.06.24 22:19:57 INFO  Progress (1): 0.4/6.0 MB
2026.06.24 22:19:57 INFO  Progress (1): 0.4/6.0 MB
2026.06.24 22:19:57 INFO  Progress (1): 0.4/6.0 MB
2026.06.24 22:19:57 INFO  Progress (1): 0.4/6.0 MB
2026.06.24 22:19:57 INFO  Progress (1): 0.4/6.0 MB
2026.06.24 22:19:57 INFO  Progress (1): 0.5/6.0 MB
2026.06.24 22:19:57 INFO  Progress (1): 0.5/6.0 MB
2026.06.24 22:19:57 INFO  Progress (1): 0.5/6.0 MB
2026.06.24 22:19:57 INFO  Progress (1): 0.5/6.0 MB
2026.06.24 22:19:57 INFO  Progress (1): 0.5/6.0 MB
2026.06.24 22:19:57 INFO  Progress (1): 0.5/6.0 MB
2026.06.24 22:19:57 INFO  Progress (1): 0.5/6.0 MB
2026.06.24 22:19:57 INFO  Progress (1): 0.6/6.0 MB
2026.06.24 22:19:57 INFO  Progress (1): 0.6/6.0 MB
2026.06.24 22:19:57 INFO  Progress (1): 0.6/6.0 MB
2026.06.24 22:19:57 INFO  Progress (1): 0.6/6.0 MB
2026.06.24 22:19:57 INFO  Progress (1): 0.6/6.0 MB
2026.06.24 22:19:57 INFO  Progress (1): 0.6/6.0 MB
2026.06.24 22:19:57 INFO  Progress (1): 0.7/6.0 MB
2026.06.24 22:19:57 INFO  Progress (1): 0.7/6.0 MB
2026.06.24 22:19:57 INFO  Progress (1): 0.7/6.0 MB
2026.06.24 22:19:57 INFO  Progress (1): 0.7/6.0 MB
2026.06.24 22:19:57 INFO  Progress (1): 0.7/6.0 MB
2026.06.24 22:19:57 INFO  Progress (1): 0.7/6.0 MB
2026.06.24 22:19:57 INFO  Progress (1): 0.8/6.0 MB
2026.06.24 22:19:57 INFO  Progress (1): 0.8/6.0 MB
2026.06.24 22:19:57 INFO  Progress (1): 0.8/6.0 MB
2026.06.24 22:19:57 INFO  Progress (1): 0.8/6.0 MB
2026.06.24 22:19:57 INFO  Progress (1): 0.8/6.0 MB
2026.06.24 22:19:57 INFO  Progress (1): 0.8/6.0 MB
2026.06.24 22:19:57 INFO  Progress (1): 0.9/6.0 MB
2026.06.24 22:19:57 INFO  Progress (1): 0.9/6.0 MB
2026.06.24 22:19:57 INFO  Progress (1): 0.9/6.0 MB
2026.06.24 22:19:57 INFO  Progress (1): 0.9/6.0 MB
2026.06.24 22:19:57 INFO  Progress (1): 0.9/6.0 MB
2026.06.24 22:19:57 INFO  Progress (1): 0.9/6.0 MB
2026.06.24 22:19:57 INFO  Progress (1): 1.0/6.0 MB
2026.06.24 22:19:57 INFO  Progress (1): 1.0/6.0 MB
2026.06.24 22:19:57 INFO  Progress (1): 1.0/6.0 MB
2026.06.24 22:19:57 INFO  Progress (1): 1.0/6.0 MB
2026.06.24 22:19:57 INFO  Progress (1): 1.0/6.0 MB
2026.06.24 22:19:57 INFO  Progress (1): 1.0/6.0 MB
2026.06.24 22:19:57 INFO  Progress (1): 1.1/6.0 MB
2026.06.24 22:19:57 INFO  Progress (1): 1.1/6.0 MB
2026.06.24 22:19:57 INFO  Progress (1): 1.1/6.0 MB
2026.06.24 22:19:57 INFO  Progress (1): 1.1/6.0 MB
2026.06.24 22:19:57 INFO  Progress (1): 1.1/6.0 MB
2026.06.24 22:19:57 INFO  Progress (1): 1.1/6.0 MB
2026.06.24 22:19:57 INFO  Progress (1): 1.2/6.0 MB
2026.06.24 22:19:57 INFO  Progress (1): 1.2/6.0 MB
2026.06.24 22:19:57 INFO  Progress (1): 1.2/6.0 MB
2026.06.24 22:19:57 INFO  Progress (1): 1.2/6.0 MB
2026.06.24 22:19:57 INFO  Progress (1): 1.2/6.0 MB
2026.06.24 22:19:57 INFO  Progress (1): 1.2/6.0 MB
2026.06.24 22:19:57 INFO  Progress (1): 1.2/6.0 MB
2026.06.24 22:19:57 INFO  Progress (1): 1.3/6.0 MB
2026.06.24 22:19:57 INFO  Progress (1): 1.3/6.0 MB
2026.06.24 22:19:57 INFO  Progress (1): 1.3/6.0 MB
2026.06.24 22:19:57 INFO  Progress (1): 1.3/6.0 MB
2026.06.24 22:19:57 INFO  Progress (1): 1.3/6.0 MB
2026.06.24 22:19:57 INFO  Progress (1): 1.3/6.0 MB
2026.06.24 22:19:57 INFO  Progress (1): 1.4/6.0 MB
2026.06.24 22:19:57 INFO  Progress (1): 1.4/6.0 MB
2026.06.24 22:19:57 INFO  Progress (1): 1.4/6.0 MB
2026.06.24 22:19:57 INFO  Progress (1): 1.4/6.0 MB
2026.06.24 22:19:57 INFO  Progress (1): 1.4/6.0 MB
2026.06.24 22:19:57 INFO  Progress (1): 1.4/6.0 MB
2026.06.24 22:19:57 INFO  Progress (1): 1.4/6.0 MB
2026.06.24 22:19:57 INFO  Progress (1): 1.5/6.0 MB
2026.06.24 22:19:57 INFO  Progress (1): 1.5/6.0 MB
2026.06.24 22:19:57 INFO  Progress (1): 1.5/6.0 MB
2026.06.24 22:19:57 INFO  Progress (1): 1.5/6.0 MB
2026.06.24 22:19:57 INFO  Progress (1): 1.5/6.0 MB
2026.06.24 22:19:57 INFO  Progress (1): 1.5/6.0 MB
2026.06.24 22:19:57 INFO  Progress (1): 1.6/6.0 MB
2026.06.24 22:19:57 INFO  Progress (1): 1.6/6.0 MB
2026.06.24 22:19:57 INFO  Progress (1): 1.6/6.0 MB
2026.06.24 22:19:57 INFO  Progress (1): 1.6/6.0 MB
2026.06.24 22:19:57 INFO  Progress (1): 1.6/6.0 MB
2026.06.24 22:19:57 INFO  Progress (1): 1.6/6.0 MB
2026.06.24 22:19:57 INFO  Progress (1): 1.7/6.0 MB
2026.06.24 22:19:57 INFO  Progress (1): 1.7/6.0 MB
2026.06.24 22:19:57 INFO  Progress (1): 1.7/6.0 MB
2026.06.24 22:19:57 INFO  Progress (1): 1.7/6.0 MB
2026.06.24 22:19:57 INFO  Progress (1): 1.7/6.0 MB
2026.06.24 22:19:57 INFO  Progress (1): 1.7/6.0 MB
2026.06.24 22:19:57 INFO  Progress (1): 1.8/6.0 MB
2026.06.24 22:19:57 INFO  Progress (1): 1.8/6.0 MB
2026.06.24 22:19:57 INFO  Progress (1): 1.8/6.0 MB
2026.06.24 22:19:57 INFO  Progress (1): 1.8/6.0 MB
2026.06.24 22:19:57 INFO  Progress (1): 1.8/6.0 MB
2026.06.24 22:19:57 INFO  Progress (1): 1.8/6.0 MB
2026.06.24 22:19:57 INFO  Progress (1): 1.8/6.0 MB
2026.06.24 22:19:57 INFO  Progress (1): 1.9/6.0 MB
2026.06.24 22:19:57 INFO  Progress (1): 1.9/6.0 MB
2026.06.24 22:19:57 INFO  Progress (1): 1.9/6.0 MB
2026.06.24 22:19:57 INFO  Progress (1): 1.9/6.0 MB
2026.06.24 22:19:57 INFO  Progress (1): 1.9/6.0 MB
2026.06.24 22:19:57 INFO  Progress (1): 1.9/6.0 MB
2026.06.24 22:19:57 INFO  Progress (1): 2.0/6.0 MB
2026.06.24 22:19:57 INFO  Progress (1): 2.0/6.0 MB
2026.06.24 22:19:57 INFO  Progress (1): 2.0/6.0 MB
2026.06.24 22:19:57 INFO  Progress (1): 2.0/6.0 MB
2026.06.24 22:19:57 INFO  Progress (1): 2.0/6.0 MB
2026.06.24 22:19:57 INFO  Progress (1): 2.0/6.0 MB
2026.06.24 22:19:57 INFO  Progress (1): 2.0/6.0 MB
2026.06.24 22:19:57 INFO  Progress (1): 2.1/6.0 MB
2026.06.24 22:19:57 INFO  Progress (1): 2.1/6.0 MB
2026.06.24 22:19:57 INFO  Progress (1): 2.1/6.0 MB
2026.06.24 22:19:57 INFO  Progress (1): 2.1/6.0 MB
2026.06.24 22:19:57 INFO  Progress (1): 2.1/6.0 MB
2026.06.24 22:19:57 INFO  Progress (1): 2.1/6.0 MB
2026.06.24 22:19:57 INFO  Progress (1): 2.2/6.0 MB
2026.06.24 22:19:57 INFO  Progress (1): 2.2/6.0 MB
2026.06.24 22:19:57 INFO  Progress (1): 2.2/6.0 MB
2026.06.24 22:19:57 INFO  Progress (1): 2.2/6.0 MB
2026.06.24 22:19:57 INFO  Progress (1): 2.2/6.0 MB
2026.06.24 22:19:57 INFO  Progress (1): 2.2/6.0 MB
2026.06.24 22:19:57 INFO  Progress (1): 2.3/6.0 MB
2026.06.24 22:19:57 INFO  Progress (1): 2.3/6.0 MB
2026.06.24 22:19:57 INFO  Progress (1): 2.3/6.0 MB
2026.06.24 22:19:57 INFO  Progress (1): 2.3/6.0 MB
2026.06.24 22:19:57 INFO  Progress (1): 2.3/6.0 MB
2026.06.24 22:19:57 INFO  Progress (1): 2.3/6.0 MB
2026.06.24 22:19:57 INFO  Progress (1): 2.4/6.0 MB
2026.06.24 22:19:57 INFO  Progress (1): 2.4/6.0 MB
2026.06.24 22:19:57 INFO  Progress (1): 2.4/6.0 MB
2026.06.24 22:19:57 INFO  Progress (1): 2.4/6.0 MB
2026.06.24 22:19:57 INFO  Progress (1): 2.4/6.0 MB
2026.06.24 22:19:57 INFO  Progress (1): 2.4/6.0 MB
2026.06.24 22:19:57 INFO  Progress (1): 2.5/6.0 MB
2026.06.24 22:19:57 INFO  Progress (1): 2.5/6.0 MB
2026.06.24 22:19:57 INFO  Progress (1): 2.5/6.0 MB
2026.06.24 22:19:57 INFO  Progress (1): 2.5/6.0 MB
2026.06.24 22:19:57 INFO  Progress (1): 2.5/6.0 MB
2026.06.24 22:19:57 INFO  Progress (1): 2.5/6.0 MB
2026.06.24 22:19:57 INFO  Progress (1): 2.6/6.0 MB
2026.06.24 22:19:57 INFO  Progress (1): 2.6/6.0 MB
2026.06.24 22:19:57 INFO  Progress (1): 2.6/6.0 MB
2026.06.24 22:19:57 INFO  Progress (1): 2.6/6.0 MB
2026.06.24 22:19:57 INFO  Progress (1): 2.6/6.0 MB
2026.06.24 22:19:57 INFO  Progress (1): 2.6/6.0 MB
2026.06.24 22:19:57 INFO  Progress (1): 2.6/6.0 MB
2026.06.24 22:19:57 INFO  Progress (1): 2.7/6.0 MB
2026.06.24 22:19:57 INFO  Progress (1): 2.7/6.0 MB
2026.06.24 22:19:57 INFO  Progress (1): 2.7/6.0 MB
2026.06.24 22:19:57 INFO  Progress (1): 2.7/6.0 MB
2026.06.24 22:19:57 INFO  Progress (1): 2.7/6.0 MB
2026.06.24 22:19:57 INFO  Progress (1): 2.7/6.0 MB
2026.06.24 22:19:57 INFO  Progress (1): 2.8/6.0 MB
2026.06.24 22:19:57 INFO  Progress (1): 2.8/6.0 MB
2026.06.24 22:19:57 INFO  Progress (1): 2.8/6.0 MB
2026.06.24 22:19:57 INFO  Progress (1): 2.8/6.0 MB
2026.06.24 22:19:57 INFO  Progress (1): 2.8/6.0 MB
2026.06.24 22:19:57 INFO  Progress (1): 2.8/6.0 MB
2026.06.24 22:19:57 INFO  Progress (1): 2.9/6.0 MB
2026.06.24 22:19:57 INFO  Progress (1): 2.9/6.0 MB
2026.06.24 22:19:57 INFO  Progress (1): 2.9/6.0 MB
2026.06.24 22:19:57 INFO  Progress (1): 2.9/6.0 MB
2026.06.24 22:19:57 INFO  Progress (1): 2.9/6.0 MB
2026.06.24 22:19:57 INFO  Progress (1): 2.9/6.0 MB
2026.06.24 22:19:57 INFO  Progress (1): 2.9/6.0 MB
2026.06.24 22:19:57 INFO  Progress (1): 3.0/6.0 MB
2026.06.24 22:19:57 INFO  Progress (1): 3.0/6.0 MB
2026.06.24 22:19:57 INFO  Progress (1): 3.0/6.0 MB
2026.06.24 22:19:57 INFO  Progress (1): 3.0/6.0 MB
2026.06.24 22:19:57 INFO  Progress (1): 3.0/6.0 MB
2026.06.24 22:19:57 INFO  Progress (1): 3.0/6.0 MB
2026.06.24 22:19:57 INFO  Progress (1): 3.1/6.0 MB
2026.06.24 22:19:57 INFO  Progress (1): 3.1/6.0 MB
2026.06.24 22:19:57 INFO  Progress (1): 3.1/6.0 MB
2026.06.24 22:19:57 INFO  Progress (1): 3.1/6.0 MB
2026.06.24 22:19:57 INFO  Progress (1): 3.1/6.0 MB
2026.06.24 22:19:57 INFO  Progress (1): 3.1/6.0 MB
2026.06.24 22:19:57 INFO  Progress (1): 3.2/6.0 MB
2026.06.24 22:19:57 INFO  Progress (1): 3.2/6.0 MB
2026.06.24 22:19:57 INFO  Progress (1): 3.2/6.0 MB
2026.06.24 22:19:57 INFO  Progress (1): 3.2/6.0 MB
2026.06.24 22:19:57 INFO  Progress (1): 3.2/6.0 MB
2026.06.24 22:19:57 INFO  Progress (1): 3.2/6.0 MB
2026.06.24 22:19:57 INFO  Progress (1): 3.2/6.0 MB
2026.06.24 22:19:57 INFO  Progress (1): 3.3/6.0 MB
2026.06.24 22:19:57 INFO  Progress (1): 3.3/6.0 MB
2026.06.24 22:19:57 INFO  Progress (1): 3.3/6.0 MB
2026.06.24 22:19:57 INFO  Progress (1): 3.3/6.0 MB
2026.06.24 22:19:57 INFO  Progress (1): 3.3/6.0 MB
2026.06.24 22:19:57 INFO  Progress (1): 3.3/6.0 MB
2026.06.24 22:19:57 INFO  Progress (1): 3.4/6.0 MB
2026.06.24 22:19:57 INFO  Progress (1): 3.4/6.0 MB
2026.06.24 22:19:57 INFO  Progress (1): 3.4/6.0 MB
2026.06.24 22:19:57 INFO  Progress (1): 3.4/6.0 MB
2026.06.24 22:19:57 INFO  Progress (1): 3.4/6.0 MB
2026.06.24 22:19:57 INFO  Progress (1): 3.4/6.0 MB
2026.06.24 22:19:57 INFO  Progress (1): 3.5/6.0 MB
2026.06.24 22:19:57 INFO  Progress (1): 3.5/6.0 MB
2026.06.24 22:19:57 INFO  Progress (1): 3.5/6.0 MB
2026.06.24 22:19:57 INFO  Progress (1): 3.5/6.0 MB
2026.06.24 22:19:57 INFO  Progress (1): 3.5/6.0 MB
2026.06.24 22:19:57 INFO  Progress (1): 3.5/6.0 MB
2026.06.24 22:19:57 INFO  Progress (1): 3.5/6.0 MB
2026.06.24 22:19:57 INFO  Progress (1): 3.6/6.0 MB
2026.06.24 22:19:57 INFO  Progress (1): 3.6/6.0 MB
2026.06.24 22:19:57 INFO  Progress (1): 3.6/6.0 MB
2026.06.24 22:19:57 INFO  Progress (1): 3.6/6.0 MB
2026.06.24 22:19:57 INFO  Progress (1): 3.6/6.0 MB
2026.06.24 22:19:57 INFO  Progress (1): 3.6/6.0 MB
2026.06.24 22:19:57 INFO  Progress (1): 3.7/6.0 MB
2026.06.24 22:19:57 INFO  Progress (1): 3.7/6.0 MB
2026.06.24 22:19:57 INFO  Progress (1): 3.7/6.0 MB
2026.06.24 22:19:57 INFO  Progress (1): 3.7/6.0 MB
2026.06.24 22:19:57 INFO  Progress (1): 3.7/6.0 MB
2026.06.24 22:19:57 INFO  Progress (1): 3.7/6.0 MB
2026.06.24 22:19:57 INFO  Progress (1): 3.8/6.0 MB
2026.06.24 22:19:57 INFO  Progress (1): 3.8/6.0 MB
2026.06.24 22:19:57 INFO  Progress (1): 3.8/6.0 MB
2026.06.24 22:19:57 INFO  Progress (1): 3.8/6.0 MB
2026.06.24 22:19:57 INFO  Progress (1): 3.8/6.0 MB
2026.06.24 22:19:57 INFO  Progress (1): 3.8/6.0 MB
2026.06.24 22:19:57 INFO  Progress (1): 3.9/6.0 MB
2026.06.24 22:19:57 INFO  Progress (1): 3.9/6.0 MB
2026.06.24 22:19:57 INFO  Progress (1): 3.9/6.0 MB
2026.06.24 22:19:57 INFO  Progress (1): 3.9/6.0 MB
2026.06.24 22:19:57 INFO  Progress (1): 3.9/6.0 MB
2026.06.24 22:19:57 INFO  Progress (1): 3.9/6.0 MB
2026.06.24 22:19:57 INFO  Progress (1): 4.0/6.0 MB
2026.06.24 22:19:57 INFO  Progress (1): 4.0/6.0 MB
2026.06.24 22:19:57 INFO  Progress (1): 4.0/6.0 MB
2026.06.24 22:19:57 INFO  Progress (1): 4.0/6.0 MB
2026.06.24 22:19:57 INFO  Progress (1): 4.0/6.0 MB
2026.06.24 22:19:57 INFO  Progress (1): 4.0/6.0 MB
2026.06.24 22:19:57 INFO  Progress (1): 4.1/6.0 MB
2026.06.24 22:19:57 INFO  Progress (1): 4.1/6.0 MB
2026.06.24 22:19:57 INFO  Progress (1): 4.1/6.0 MB
2026.06.24 22:19:57 INFO  Progress (1): 4.1/6.0 MB
2026.06.24 22:19:57 INFO  Progress (1): 4.1/6.0 MB
2026.06.24 22:19:57 INFO  Progress (1): 4.1/6.0 MB
2026.06.24 22:19:57 INFO  Progress (1): 4.1/6.0 MB
2026.06.24 22:19:57 INFO  Progress (1): 4.2/6.0 MB
2026.06.24 22:19:57 INFO  Progress (1): 4.2/6.0 MB
2026.06.24 22:19:57 INFO  Progress (1): 4.2/6.0 MB
2026.06.24 22:19:57 INFO  Progress (1): 4.2/6.0 MB
2026.06.24 22:19:57 INFO  Progress (1): 4.2/6.0 MB
2026.06.24 22:19:57 INFO  Progress (1): 4.2/6.0 MB
2026.06.24 22:19:57 INFO  Progress (1): 4.2/6.0 MB
2026.06.24 22:19:57 INFO  Progress (1): 4.3/6.0 MB
2026.06.24 22:19:57 INFO  Progress (1): 4.3/6.0 MB
2026.06.24 22:19:57 INFO  Progress (1): 4.3/6.0 MB
2026.06.24 22:19:57 INFO  Progress (1): 4.3/6.0 MB
2026.06.24 22:19:57 INFO  Progress (1): 4.3/6.0 MB
2026.06.24 22:19:57 INFO  Progress (1): 4.3/6.0 MB
2026.06.24 22:19:57 INFO  Progress (1): 4.4/6.0 MB
2026.06.24 22:19:57 INFO  Progress (1): 4.4/6.0 MB
2026.06.24 22:19:57 INFO  Progress (1): 4.4/6.0 MB
2026.06.24 22:19:57 INFO  Progress (1): 4.4/6.0 MB
2026.06.24 22:19:57 INFO  Progress (1): 4.4/6.0 MB
2026.06.24 22:19:57 INFO  Progress (1): 4.4/6.0 MB
2026.06.24 22:19:57 INFO  Progress (1): 4.5/6.0 MB
2026.06.24 22:19:57 INFO  Progress (1): 4.5/6.0 MB
2026.06.24 22:19:57 INFO  Progress (1): 4.5/6.0 MB
2026.06.24 22:19:57 INFO  Progress (1): 4.5/6.0 MB
2026.06.24 22:19:57 INFO  Progress (1): 4.5/6.0 MB
2026.06.24 22:19:57 INFO  Progress (1): 4.5/6.0 MB
2026.06.24 22:19:57 INFO  Progress (1): 4.6/6.0 MB
2026.06.24 22:19:57 INFO  Progress (1): 4.6/6.0 MB
2026.06.24 22:19:57 INFO  Progress (1): 4.6/6.0 MB
2026.06.24 22:19:57 INFO  Progress (1): 4.6/6.0 MB
2026.06.24 22:19:57 INFO  Progress (1): 4.6/6.0 MB
2026.06.24 22:19:57 INFO  Progress (1): 4.6/6.0 MB
2026.06.24 22:19:57 INFO  Progress (1): 4.7/6.0 MB
2026.06.24 22:19:57 INFO  Progress (1): 4.7/6.0 MB
2026.06.24 22:19:57 INFO  Progress (1): 4.7/6.0 MB
2026.06.24 22:19:57 INFO  Progress (1): 4.7/6.0 MB
2026.06.24 22:19:57 INFO  Progress (1): 4.7/6.0 MB
2026.06.24 22:19:57 INFO  Progress (1): 4.7/6.0 MB
2026.06.24 22:19:57 INFO  Progress (1): 4.8/6.0 MB
2026.06.24 22:19:57 INFO  Progress (1): 4.8/6.0 MB
2026.06.24 22:19:57 INFO  Progress (1): 4.8/6.0 MB
2026.06.24 22:19:57 INFO  Progress (1): 4.8/6.0 MB
2026.06.24 22:19:57 INFO  Progress (1): 4.8/6.0 MB
2026.06.24 22:19:57 INFO  Progress (1): 4.8/6.0 MB
2026.06.24 22:19:57 INFO  Progress (1): 4.9/6.0 MB
2026.06.24 22:19:57 INFO  Progress (1): 4.9/6.0 MB
2026.06.24 22:19:57 INFO  Progress (1): 4.9/6.0 MB
2026.06.24 22:19:57 INFO  Progress (1): 4.9/6.0 MB
2026.06.24 22:19:57 INFO  Progress (1): 4.9/6.0 MB
2026.06.24 22:19:57 INFO  Progress (1): 4.9/6.0 MB
2026.06.24 22:19:57 INFO  Progress (1): 4.9/6.0 MB
2026.06.24 22:19:57 INFO  Progress (1): 5.0/6.0 MB
2026.06.24 22:19:57 INFO  Progress (1): 5.0/6.0 MB
2026.06.24 22:19:57 INFO  Progress (1): 5.0/6.0 MB
2026.06.24 22:19:57 INFO  Progress (1): 5.0/6.0 MB
2026.06.24 22:19:57 INFO  Progress (1): 5.0/6.0 MB
2026.06.24 22:19:57 INFO  Progress (1): 5.0/6.0 MB
2026.06.24 22:19:57 INFO  Progress (1): 5.1/6.0 MB
2026.06.24 22:19:57 INFO  Progress (1): 5.1/6.0 MB
2026.06.24 22:19:57 INFO  Progress (1): 5.1/6.0 MB
2026.06.24 22:19:57 INFO  Progress (1): 5.1/6.0 MB
2026.06.24 22:19:57 INFO  Progress (1): 5.1/6.0 MB
2026.06.24 22:19:57 INFO  Progress (1): 5.1/6.0 MB
2026.06.24 22:19:57 INFO  Progress (1): 5.2/6.0 MB
2026.06.24 22:19:57 INFO  Progress (1): 5.2/6.0 MB
2026.06.24 22:19:57 INFO  Progress (1): 5.2/6.0 MB
2026.06.24 22:19:57 INFO  Progress (1): 5.2/6.0 MB
2026.06.24 22:19:57 INFO  Progress (1): 5.2/6.0 MB
2026.06.24 22:19:57 INFO  Progress (1): 5.2/6.0 MB
2026.06.24 22:19:57 INFO  Progress (1): 5.2/6.0 MB
2026.06.24 22:19:57 INFO  Progress (1): 5.3/6.0 MB
2026.06.24 22:19:57 INFO  Progress (1): 5.3/6.0 MB
2026.06.24 22:19:57 INFO  Progress (1): 5.3/6.0 MB
2026.06.24 22:19:57 INFO  Progress (1): 5.3/6.0 MB
2026.06.24 22:19:57 INFO  Progress (1): 5.3/6.0 MB
2026.06.24 22:19:57 INFO  Progress (1): 5.3/6.0 MB
2026.06.24 22:19:57 INFO  Progress (1): 5.4/6.0 MB
2026.06.24 22:19:57 INFO  Progress (1): 5.4/6.0 MB
2026.06.24 22:19:57 INFO  Progress (1): 5.4/6.0 MB
2026.06.24 22:19:57 INFO  Progress (1): 5.4/6.0 MB
2026.06.24 22:19:57 INFO  Progress (1): 5.4/6.0 MB
2026.06.24 22:19:57 INFO  Progress (1): 5.4/6.0 MB
2026.06.24 22:19:57 INFO  Progress (1): 5.5/6.0 MB
2026.06.24 22:19:57 INFO  Progress (1): 5.5/6.0 MB
2026.06.24 22:19:57 INFO  Progress (1): 5.5/6.0 MB
2026.06.24 22:19:57 INFO  Progress (1): 5.5/6.0 MB
2026.06.24 22:19:57 INFO  Progress (1): 5.5/6.0 MB
2026.06.24 22:19:57 INFO  Progress (1): 5.5/6.0 MB
2026.06.24 22:19:57 INFO  Progress (1): 5.6/6.0 MB
2026.06.24 22:19:57 INFO  Progress (1): 5.6/6.0 MB
2026.06.24 22:19:57 INFO  Progress (1): 5.6/6.0 MB
2026.06.24 22:19:57 INFO  Progress (1): 5.6/6.0 MB
2026.06.24 22:19:57 INFO  Progress (1): 5.6/6.0 MB
2026.06.24 22:19:57 INFO  Progress (1): 5.6/6.0 MB
2026.06.24 22:19:57 INFO  Progress (1): 5.6/6.0 MB
2026.06.24 22:19:57 INFO  Progress (1): 5.7/6.0 MB
2026.06.24 22:19:57 INFO  Progress (1): 5.7/6.0 MB
2026.06.24 22:19:57 INFO  Progress (1): 5.7/6.0 MB
2026.06.24 22:19:57 INFO  Progress (1): 5.7/6.0 MB
2026.06.24 22:19:57 INFO  Progress (1): 5.7/6.0 MB
2026.06.24 22:19:57 INFO  Progress (1): 5.7/6.0 MB
2026.06.24 22:19:57 INFO  Progress (1): 5.8/6.0 MB
2026.06.24 22:19:57 INFO  Progress (1): 5.8/6.0 MB
2026.06.24 22:19:57 INFO  Progress (1): 5.8/6.0 MB
2026.06.24 22:19:57 INFO  Progress (1): 5.8/6.0 MB
2026.06.24 22:19:57 INFO  Progress (1): 5.8/6.0 MB
2026.06.24 22:19:57 INFO  Progress (1): 5.8/6.0 MB
2026.06.24 22:19:57 INFO  Progress (1): 5.8/6.0 MB
2026.06.24 22:19:57 INFO  Progress (1): 5.9/6.0 MB
2026.06.24 22:19:57 INFO  Progress (1): 5.9/6.0 MB
2026.06.24 22:19:57 INFO  Progress (1): 5.9/6.0 MB
2026.06.24 22:19:57 INFO  Progress (1): 5.9/6.0 MB
2026.06.24 22:19:57 INFO  Progress (1): 5.9/6.0 MB
2026.06.24 22:19:57 INFO  Progress (1): 5.9/6.0 MB
2026.06.24 22:19:57 INFO  Progress (1): 6.0/6.0 MB
2026.06.24 22:19:57 INFO  Progress (1): 6.0/6.0 MB
2026.06.24 22:19:57 INFO  Progress (1): 6.0/6.0 MB
2026.06.24 22:19:57 INFO  Progress (1): 6.0 MB    
2026.06.24 22:19:57 INFO                      
2026.06.24 22:19:57 INFO  Downloaded from central: https://repo.maven.apache.org/maven2/org/scala-lang/scala-library/2.13.8/scala-library-2.13.8.jar (6.0 MB at 32 MB/s)
2026.06.24 22:19:57 INFO  Downloading from central: https://repo.maven.apache.org/maven2/ch/epfl/scala/bloop-config_2.13/2.3.3/bloop-config_2.13-2.3.3.jar
2026.06.24 22:19:57 INFO  Downloading from central: https://repo.maven.apache.org/maven2/com/github/plokhotnyuk/jsoniter-scala/jsoniter-scala-core_2.13/2.13.5.2/jsoniter-scala-core_2.13-2.13.5.2.jar
2026.06.24 22:19:57 INFO  Downloading from central: https://repo.maven.apache.org/maven2/com/lihaoyi/unroll-annotation_2.13/0.1.12/unroll-annotation_2.13-0.1.12.jar
2026.06.24 22:19:57 INFO  Downloading from central: https://repo.maven.apache.org/maven2/net/alchim31/maven/scala-maven-plugin/4.8.0/scala-maven-plugin-4.8.0.jar
2026.06.24 22:19:57 INFO  Downloading from central: https://repo.maven.apache.org/maven2/org/apache/maven/shared/maven-dependency-tree/3.2.1/maven-dependency-tree-3.2.1.jar
2026.06.24 22:19:57 INFO  Progress (1): 7.7/288 kB
2026.06.24 22:19:57 INFO  Progress (1): 16/288 kB 
2026.06.24 22:19:57 INFO  Progress (1): 32/288 kB
2026.06.24 22:19:57 INFO  Progress (1): 49/288 kB
2026.06.24 22:19:57 INFO  Progress (1): 65/288 kB
2026.06.24 22:19:57 INFO  Progress (1): 81/288 kB
2026.06.24 22:19:57 INFO  Progress (1): 98/288 kB
2026.06.24 22:19:57 INFO  Progress (1): 114/288 kB
2026.06.24 22:19:57 INFO  Progress (1): 131/288 kB
2026.06.24 22:19:57 INFO  Progress (1): 147/288 kB
2026.06.24 22:19:57 INFO  Progress (1): 163/288 kB
2026.06.24 22:19:57 INFO  Progress (1): 180/288 kB
2026.06.24 22:19:57 INFO  Progress (1): 196/288 kB
2026.06.24 22:19:57 INFO  Progress (1): 212/288 kB
2026.06.24 22:19:57 INFO  Progress (1): 229/288 kB
2026.06.24 22:19:57 INFO  Progress (1): 233/288 kB
2026.06.24 22:19:57 INFO  Progress (1): 249/288 kB
2026.06.24 22:19:57 INFO  Progress (1): 265/288 kB
2026.06.24 22:19:57 INFO  Progress (1): 282/288 kB
2026.06.24 22:19:57 INFO  Progress (1): 288 kB    
2026.06.24 22:19:57 INFO                      
2026.06.24 22:19:57 INFO  Downloaded from central: https://repo.maven.apache.org/maven2/ch/epfl/scala/bloop-config_2.13/2.3.3/bloop-config_2.13-2.3.3.jar (288 kB at 9.6 MB/s)
2026.06.24 22:19:57 INFO  Downloading from central: https://repo.maven.apache.org/maven2/org/eclipse/aether/aether-util/1.0.0.v20140518/aether-util-1.0.0.v20140518.jar
2026.06.24 22:19:57 INFO  Progress (1): 7.7/146 kB
2026.06.24 22:19:57 INFO  Progress (1): 16/146 kB 
2026.06.24 22:19:57 INFO  Progress (1): 32/146 kB
2026.06.24 22:19:57 INFO  Progress (1): 49/146 kB
2026.06.24 22:19:57 INFO  Progress (1): 65/146 kB
2026.06.24 22:19:57 INFO  Progress (1): 81/146 kB
2026.06.24 22:19:57 INFO  Progress (1): 98/146 kB
2026.06.24 22:19:57 INFO  Progress (2): 98/146 kB | 0.9/176 kB
2026.06.24 22:19:57 INFO  Progress (2): 98/146 kB | 2.3/176 kB
2026.06.24 22:19:57 INFO  Progress (2): 98/146 kB | 3.6/176 kB
2026.06.24 22:19:57 INFO  Progress (2): 114/146 kB | 3.6/176 kB
2026.06.24 22:19:57 INFO  Progress (2): 114/146 kB | 5.0/176 kB
2026.06.24 22:19:57 INFO  Progress (2): 114/146 kB | 6.4/176 kB
2026.06.24 22:19:57 INFO  Progress (2): 114/146 kB | 7.7/176 kB
2026.06.24 22:19:57 INFO  Progress (2): 114/146 kB | 9.1/176 kB
2026.06.24 22:19:57 INFO  Progress (2): 114/146 kB | 10/176 kB 
2026.06.24 22:19:57 INFO  Progress (2): 114/146 kB | 12/176 kB
2026.06.24 22:19:57 INFO  Progress (2): 114/146 kB | 12/176 kB
2026.06.24 22:19:57 INFO  Progress (2): 114/146 kB | 14/176 kB
2026.06.24 22:19:57 INFO  Progress (2): 114/146 kB | 15/176 kB
2026.06.24 22:19:57 INFO  Progress (2): 114/146 kB | 16/176 kB
2026.06.24 22:19:57 INFO  Progress (2): 114/146 kB | 18/176 kB
2026.06.24 22:19:57 INFO  Progress (2): 114/146 kB | 19/176 kB
2026.06.24 22:19:57 INFO  Progress (2): 114/146 kB | 21/176 kB
2026.06.24 22:19:57 INFO  Progress (2): 114/146 kB | 22/176 kB
2026.06.24 22:19:57 INFO  Progress (2): 114/146 kB | 23/176 kB
2026.06.24 22:19:57 INFO  Progress (2): 114/146 kB | 25/176 kB
2026.06.24 22:19:57 INFO  Progress (2): 114/146 kB | 26/176 kB
2026.06.24 22:19:57 INFO  Progress (2): 114/146 kB | 27/176 kB
2026.06.24 22:19:57 INFO  Progress (2): 114/146 kB | 29/176 kB
2026.06.24 22:19:57 INFO  Progress (2): 114/146 kB | 30/176 kB
2026.06.24 22:19:57 INFO  Progress (2): 114/146 kB | 31/176 kB
2026.06.24 22:19:57 INFO  Progress (3): 114/146 kB | 31/176 kB | 0.9/1.3 kB
2026.06.24 22:19:57 INFO  Progress (3): 114/146 kB | 31/176 kB | 1.3 kB    
2026.06.24 22:19:57 INFO  Progress (3): 131/146 kB | 31/176 kB | 1.3 kB
2026.06.24 22:19:57 INFO  Progress (3): 131/146 kB | 33/176 kB | 1.3 kB
2026.06.24 22:19:57 INFO  Progress (3): 131/146 kB | 34/176 kB | 1.3 kB
2026.06.24 22:19:57 INFO  Progress (3): 131/146 kB | 36/176 kB | 1.3 kB
2026.06.24 22:19:57 INFO  Progress (3): 131/146 kB | 37/176 kB | 1.3 kB
2026.06.24 22:19:57 INFO  Progress (3): 131/146 kB | 38/176 kB | 1.3 kB
2026.06.24 22:19:57 INFO                                               
2026.06.24 22:19:57 INFO  Downloaded from central: https://repo.maven.apache.org/maven2/com/lihaoyi/unroll-annotation_2.13/0.1.12/unroll-annotation_2.13-0.1.12.jar (1.3 kB at 21 kB/s)
2026.06.24 22:19:57 INFO  Downloading from central: https://repo.maven.apache.org/maven2/org/eclipse/aether/aether-api/1.0.0.v20140518/aether-api-1.0.0.v20140518.jar
2026.06.24 22:19:57 INFO  Progress (2): 131/146 kB | 40/176 kB
2026.06.24 22:19:57 INFO  Progress (2): 131/146 kB | 41/176 kB
2026.06.24 22:19:57 INFO  Progress (2): 131/146 kB | 42/176 kB
2026.06.24 22:19:57 INFO  Progress (2): 131/146 kB | 44/176 kB
2026.06.24 22:19:57 INFO  Progress (2): 146 kB | 44/176 kB    
2026.06.24 22:19:57 INFO  Progress (2): 146 kB | 45/176 kB
2026.06.24 22:19:57 INFO  Progress (2): 146 kB | 47/176 kB
2026.06.24 22:19:57 INFO  Progress (2): 146 kB | 48/176 kB
2026.06.24 22:19:57 INFO  Progress (2): 146 kB | 49/176 kB
2026.06.24 22:19:57 INFO  Progress (2): 146 kB | 51/176 kB
2026.06.24 22:19:57 INFO  Progress (2): 146 kB | 52/176 kB
2026.06.24 22:19:57 INFO  Progress (2): 146 kB | 53/176 kB
2026.06.24 22:19:57 INFO  Progress (2): 146 kB | 55/176 kB
2026.06.24 22:19:57 INFO                                  
2026.06.24 22:19:57 INFO  Downloaded from central: https://repo.maven.apache.org/maven2/org/eclipse/aether/aether-util/1.0.0.v20140518/aether-util-1.0.0.v20140518.jar (146 kB at 2.3 MB/s)
2026.06.24 22:19:57 INFO  Downloading from central: https://repo.maven.apache.org/maven2/org/apache/maven/reporting/maven-reporting-api/3.1.1/maven-reporting-api-3.1.1.jar
2026.06.24 22:19:57 INFO  Progress (1): 59/176 kB
2026.06.24 22:19:57 INFO  Progress (1): 63/176 kB
2026.06.24 22:19:57 INFO  Progress (1): 67/176 kB
2026.06.24 22:19:57 INFO  Progress (2): 67/176 kB | 0.9/159 kB
2026.06.24 22:19:57 INFO  Progress (2): 67/176 kB | 2.3/159 kB
2026.06.24 22:19:57 INFO  Progress (2): 67/176 kB | 3.6/159 kB
2026.06.24 22:19:57 INFO  Progress (2): 67/176 kB | 5.0/159 kB
2026.06.24 22:19:57 INFO  Progress (2): 67/176 kB | 6.4/159 kB
2026.06.24 22:19:57 INFO  Progress (2): 67/176 kB | 7.7/159 kB
2026.06.24 22:19:57 INFO  Progress (2): 67/176 kB | 9.1/159 kB
2026.06.24 22:19:57 INFO  Progress (2): 67/176 kB | 10/159 kB 
2026.06.24 22:19:57 INFO  Progress (2): 67/176 kB | 12/159 kB
2026.06.24 22:19:57 INFO  Progress (2): 67/176 kB | 13/159 kB
2026.06.24 22:19:57 INFO  Progress (2): 67/176 kB | 15/159 kB
2026.06.24 22:19:57 INFO  Progress (2): 67/176 kB | 16/159 kB
2026.06.24 22:19:57 INFO  Progress (2): 67/176 kB | 17/159 kB
2026.06.24 22:19:57 INFO  Progress (2): 67/176 kB | 19/159 kB
2026.06.24 22:19:57 INFO  Progress (2): 67/176 kB | 20/159 kB
2026.06.24 22:19:57 INFO  Progress (2): 67/176 kB | 21/159 kB
2026.06.24 22:19:57 INFO  Progress (2): 67/176 kB | 23/159 kB
2026.06.24 22:19:57 INFO  Progress (2): 67/176 kB | 24/159 kB
2026.06.24 22:19:57 INFO  Progress (2): 67/176 kB | 26/159 kB
2026.06.24 22:19:57 INFO  Progress (2): 67/176 kB | 27/159 kB
2026.06.24 22:19:57 INFO  Progress (2): 67/176 kB | 28/159 kB
2026.06.24 22:19:57 INFO  Progress (2): 67/176 kB | 30/159 kB
2026.06.24 22:19:57 INFO  Progress (2): 67/176 kB | 31/159 kB
2026.06.24 22:19:57 INFO  Progress (2): 67/176 kB | 32/159 kB
2026.06.24 22:19:57 INFO  Progress (2): 67/176 kB | 34/159 kB
2026.06.24 22:19:57 INFO  Progress (2): 67/176 kB | 35/159 kB
2026.06.24 22:19:57 INFO  Progress (2): 67/176 kB | 36/159 kB
2026.06.24 22:19:57 INFO  Progress (2): 67/176 kB | 38/159 kB
2026.06.24 22:19:57 INFO  Progress (2): 67/176 kB | 39/159 kB
2026.06.24 22:19:57 INFO  Progress (2): 67/176 kB | 41/159 kB
2026.06.24 22:19:57 INFO  Progress (2): 67/176 kB | 42/159 kB
2026.06.24 22:19:57 INFO  Progress (2): 67/176 kB | 43/159 kB
2026.06.24 22:19:57 INFO  Progress (2): 67/176 kB | 45/159 kB
2026.06.24 22:19:57 INFO  Progress (2): 67/176 kB | 46/159 kB
2026.06.24 22:19:57 INFO  Progress (2): 67/176 kB | 47/159 kB
2026.06.24 22:19:57 INFO  Progress (2): 67/176 kB | 49/159 kB
2026.06.24 22:19:57 INFO  Progress (2): 67/176 kB | 50/159 kB
2026.06.24 22:19:57 INFO  Progress (2): 67/176 kB | 52/159 kB
2026.06.24 22:19:57 INFO  Progress (2): 67/176 kB | 53/159 kB
2026.06.24 22:19:57 INFO  Progress (2): 67/176 kB | 54/159 kB
2026.06.24 22:19:57 INFO  Progress (2): 67/176 kB | 56/159 kB
2026.06.24 22:19:57 INFO  Progress (2): 67/176 kB | 57/159 kB
2026.06.24 22:19:57 INFO  Progress (2): 67/176 kB | 61/159 kB
2026.06.24 22:19:57 INFO  Progress (2): 67/176 kB | 65/159 kB
2026.06.24 22:19:57 INFO  Progress (2): 67/176 kB | 66/159 kB
2026.06.24 22:19:57 INFO  Progress (2): 67/176 kB | 70/159 kB
2026.06.24 22:19:57 INFO  Progress (2): 72/176 kB | 70/159 kB
2026.06.24 22:19:57 INFO  Progress (2): 76/176 kB | 70/159 kB
2026.06.24 22:19:57 INFO  Progress (2): 80/176 kB | 70/159 kB
2026.06.24 22:19:57 INFO  Progress (2): 84/176 kB | 70/159 kB
2026.06.24 22:19:57 INFO  Progress (2): 84/176 kB | 74/159 kB
2026.06.24 22:19:57 INFO  Progress (2): 89/176 kB | 74/159 kB
2026.06.24 22:19:57 INFO  Progress (2): 89/176 kB | 78/159 kB
2026.06.24 22:19:57 INFO  Progress (2): 93/176 kB | 78/159 kB
2026.06.24 22:19:57 INFO  Progress (2): 93/176 kB | 82/159 kB
2026.06.24 22:19:57 INFO  Progress (2): 97/176 kB | 82/159 kB
2026.06.24 22:19:57 INFO  Progress (2): 97/176 kB | 87/159 kB
2026.06.24 22:19:57 INFO  Progress (2): 101/176 kB | 87/159 kB
2026.06.24 22:19:57 INFO  Progress (2): 101/176 kB | 91/159 kB
2026.06.24 22:19:57 INFO  Progress (2): 105/176 kB | 91/159 kB
2026.06.24 22:19:57 INFO  Progress (2): 105/176 kB | 95/159 kB
2026.06.24 22:19:57 INFO  Progress (2): 110/176 kB | 95/159 kB
2026.06.24 22:19:57 INFO  Progress (2): 110/176 kB | 99/159 kB
2026.06.24 22:19:57 INFO  Progress (2): 110/176 kB | 102/159 kB
2026.06.24 22:19:57 INFO  Progress (2): 114/176 kB | 102/159 kB
2026.06.24 22:19:57 INFO  Progress (2): 118/176 kB | 102/159 kB
2026.06.24 22:19:57 INFO  Progress (3): 118/176 kB | 102/159 kB | 0.9/43 kB
2026.06.24 22:19:57 INFO  Progress (3): 118/176 kB | 102/159 kB | 2.3/43 kB
2026.06.24 22:19:57 INFO  Progress (3): 118/176 kB | 102/159 kB | 3.6/43 kB
2026.06.24 22:19:57 INFO  Progress (3): 122/176 kB | 102/159 kB | 3.6/43 kB
2026.06.24 22:19:57 INFO  Progress (3): 122/176 kB | 102/159 kB | 5.0/43 kB
2026.06.24 22:19:57 INFO  Progress (3): 127/176 kB | 102/159 kB | 5.0/43 kB
2026.06.24 22:19:57 INFO  Progress (3): 127/176 kB | 106/159 kB | 5.0/43 kB
2026.06.24 22:19:57 INFO  Progress (3): 127/176 kB | 106/159 kB | 6.4/43 kB
2026.06.24 22:19:57 INFO  Progress (3): 127/176 kB | 106/159 kB | 7.7/43 kB
2026.06.24 22:19:57 INFO  Progress (3): 127/176 kB | 106/159 kB | 9.1/43 kB
2026.06.24 22:19:57 INFO  Progress (3): 131/176 kB | 106/159 kB | 9.1/43 kB
2026.06.24 22:19:57 INFO  Progress (3): 131/176 kB | 111/159 kB | 9.1/43 kB
2026.06.24 22:19:57 INFO  Progress (3): 131/176 kB | 111/159 kB | 10/43 kB 
2026.06.24 22:19:57 INFO  Progress (3): 131/176 kB | 111/159 kB | 11/43 kB
2026.06.24 22:19:57 INFO  Progress (3): 135/176 kB | 111/159 kB | 11/43 kB
2026.06.24 22:19:57 INFO  Progress (3): 135/176 kB | 111/159 kB | 13/43 kB
2026.06.24 22:19:57 INFO  Progress (3): 135/176 kB | 115/159 kB | 13/43 kB
2026.06.24 22:19:57 INFO  Progress (3): 135/176 kB | 115/159 kB | 14/43 kB
2026.06.24 22:19:57 INFO  Progress (3): 135/176 kB | 115/159 kB | 15/43 kB
2026.06.24 22:19:57 INFO  Progress (3): 139/176 kB | 115/159 kB | 15/43 kB
2026.06.24 22:19:57 INFO  Progress (3): 139/176 kB | 119/159 kB | 15/43 kB
2026.06.24 22:19:57 INFO  Progress (3): 139/176 kB | 119/159 kB | 17/43 kB
2026.06.24 22:19:57 INFO  Progress (3): 139/176 kB | 119/159 kB | 18/43 kB
2026.06.24 22:19:57 INFO  Progress (3): 143/176 kB | 119/159 kB | 18/43 kB
2026.06.24 22:19:57 INFO  Progress (3): 143/176 kB | 119/159 kB | 20/43 kB
2026.06.24 22:19:57 INFO  Progress (3): 148/176 kB | 119/159 kB | 20/43 kB
2026.06.24 22:19:57 INFO  Progress (3): 148/176 kB | 123/159 kB | 20/43 kB
2026.06.24 22:19:57 INFO  Progress (3): 148/176 kB | 123/159 kB | 21/43 kB
2026.06.24 22:19:57 INFO  Progress (3): 152/176 kB | 123/159 kB | 21/43 kB
2026.06.24 22:19:57 INFO  Progress (3): 152/176 kB | 127/159 kB | 21/43 kB
2026.06.24 22:19:57 INFO  Progress (3): 152/176 kB | 127/159 kB | 22/43 kB
2026.06.24 22:19:57 INFO  Progress (3): 152/176 kB | 127/159 kB | 24/43 kB
2026.06.24 22:19:57 INFO  Progress (3): 152/176 kB | 131/159 kB | 24/43 kB
2026.06.24 22:19:57 INFO  Progress (3): 152/176 kB | 131/159 kB | 25/43 kB
2026.06.24 22:19:57 INFO  Progress (3): 152/176 kB | 131/159 kB | 26/43 kB
2026.06.24 22:19:57 INFO  Progress (3): 152/176 kB | 135/159 kB | 26/43 kB
2026.06.24 22:19:57 INFO  Progress (3): 152/176 kB | 135/159 kB | 28/43 kB
2026.06.24 22:19:57 INFO  Progress (3): 156/176 kB | 135/159 kB | 28/43 kB
2026.06.24 22:19:57 INFO  Progress (3): 156/176 kB | 140/159 kB | 28/43 kB
2026.06.24 22:19:57 INFO  Progress (3): 156/176 kB | 140/159 kB | 29/43 kB
2026.06.24 22:19:57 INFO  Progress (3): 156/176 kB | 140/159 kB | 31/43 kB
2026.06.24 22:19:57 INFO  Progress (3): 156/176 kB | 140/159 kB | 32/43 kB
2026.06.24 22:19:57 INFO  Progress (3): 156/176 kB | 144/159 kB | 32/43 kB
2026.06.24 22:19:57 INFO  Progress (3): 156/176 kB | 144/159 kB | 33/43 kB
2026.06.24 22:19:57 INFO  Progress (3): 156/176 kB | 144/159 kB | 35/43 kB
2026.06.24 22:19:57 INFO  Progress (3): 156/176 kB | 144/159 kB | 36/43 kB
2026.06.24 22:19:57 INFO  Progress (3): 160/176 kB | 144/159 kB | 36/43 kB
2026.06.24 22:19:57 INFO  Progress (3): 160/176 kB | 148/159 kB | 36/43 kB
2026.06.24 22:19:57 INFO  Progress (3): 160/176 kB | 148/159 kB | 37/43 kB
2026.06.24 22:19:57 INFO  Progress (3): 160/176 kB | 152/159 kB | 37/43 kB
2026.06.24 22:19:57 INFO  Progress (3): 165/176 kB | 152/159 kB | 37/43 kB
2026.06.24 22:19:57 INFO  Progress (3): 165/176 kB | 156/159 kB | 37/43 kB
2026.06.24 22:19:57 INFO  Progress (3): 165/176 kB | 156/159 kB | 39/43 kB
2026.06.24 22:19:57 INFO  Progress (3): 165/176 kB | 156/159 kB | 40/43 kB
2026.06.24 22:19:57 INFO  Progress (3): 165/176 kB | 159 kB | 40/43 kB    
2026.06.24 22:19:57 INFO  Progress (3): 165/176 kB | 159 kB | 41/43 kB
2026.06.24 22:19:57 INFO  Progress (3): 165/176 kB | 159 kB | 43 kB   
2026.06.24 22:19:57 INFO  Progress (3): 169/176 kB | 159 kB | 43 kB
2026.06.24 22:19:57 INFO  Progress (3): 173/176 kB | 159 kB | 43 kB
2026.06.24 22:19:57 INFO  Progress (3): 176 kB | 159 kB | 43 kB    
2026.06.24 22:19:57 INFO                                       
2026.06.24 22:19:57 INFO  Downloaded from central: https://repo.maven.apache.org/maven2/org/apache/maven/shared/maven-dependency-tree/3.2.1/maven-dependency-tree-3.2.1.jar (43 kB at 539 kB/s)
2026.06.24 22:19:57 INFO  Downloading from central: https://repo.maven.apache.org/maven2/org/apache/maven/doxia/doxia-sink-api/1.11.1/doxia-sink-api-1.11.1.jar
2026.06.24 22:19:57 INFO  Downloaded from central: https://repo.maven.apache.org/maven2/net/alchim31/maven/scala-maven-plugin/4.8.0/scala-maven-plugin-4.8.0.jar (159 kB at 2.0 MB/s)
2026.06.24 22:19:57 INFO  Downloading from central: https://repo.maven.apache.org/maven2/org/apache/maven/doxia/doxia-logging-api/1.11.1/doxia-logging-api-1.11.1.jar
2026.06.24 22:19:57 INFO  Downloaded from central: https://repo.maven.apache.org/maven2/com/github/plokhotnyuk/jsoniter-scala/jsoniter-scala-core_2.13/2.13.5.2/jsoniter-scala-core_2.13-2.13.5.2.jar (176 kB at 2.2 MB/s)
2026.06.24 22:19:57 INFO  Downloading from central: https://repo.maven.apache.org/maven2/org/apache/maven/maven-archiver/3.6.0/maven-archiver-3.6.0.jar
2026.06.24 22:19:57 INFO  Progress (1): 7.7/136 kB
2026.06.24 22:19:57 INFO  Progress (1): 16/136 kB 
2026.06.24 22:19:57 INFO  Progress (1): 32/136 kB
2026.06.24 22:19:57 INFO  Progress (1): 48/136 kB
2026.06.24 22:19:57 INFO  Progress (1): 65/136 kB
2026.06.24 22:19:57 INFO  Progress (1): 81/136 kB
2026.06.24 22:19:57 INFO  Progress (1): 97/136 kB
2026.06.24 22:19:57 INFO  Progress (1): 114/136 kB
2026.06.24 22:19:57 INFO  Progress (1): 130/136 kB
2026.06.24 22:19:57 INFO  Progress (1): 136 kB    
2026.06.24 22:19:57 INFO                      
2026.06.24 22:19:57 INFO  Downloaded from central: https://repo.maven.apache.org/maven2/org/eclipse/aether/aether-api/1.0.0.v20140518/aether-api-1.0.0.v20140518.jar (136 kB at 1.6 MB/s)
2026.06.24 22:19:57 INFO  Downloading from central: https://repo.maven.apache.org/maven2/org/codehaus/plexus/plexus-io/3.4.0/plexus-io-3.4.0.jar
2026.06.24 22:19:57 INFO  Progress (1): 0.9/11 kB
2026.06.24 22:19:57 INFO  Progress (1): 2.3/11 kB
2026.06.24 22:19:57 INFO  Progress (1): 3.2/11 kB
2026.06.24 22:19:57 INFO  Progress (1): 4.5/11 kB
2026.06.24 22:19:57 INFO  Progress (1): 5.9/11 kB
2026.06.24 22:19:57 INFO  Progress (1): 7.3/11 kB
2026.06.24 22:19:57 INFO  Progress (1): 8.7/11 kB
2026.06.24 22:19:57 INFO  Progress (1): 10/11 kB 
2026.06.24 22:19:57 INFO  Progress (1): 11 kB   
2026.06.24 22:19:57 INFO                     
2026.06.24 22:19:57 INFO  Downloaded from central: https://repo.maven.apache.org/maven2/org/apache/maven/reporting/maven-reporting-api/3.1.1/maven-reporting-api-3.1.1.jar (11 kB at 117 kB/s)
2026.06.24 22:19:57 INFO  Downloading from central: https://repo.maven.apache.org/maven2/org/apache/commons/commons-exec/1.3/commons-exec-1.3.jar
2026.06.24 22:19:57 INFO  Progress (1): 3.8/26 kB
2026.06.24 22:19:57 INFO  Progress (1): 8.0/26 kB
2026.06.24 22:19:57 INFO  Progress (1): 12/26 kB 
2026.06.24 22:19:57 INFO  Progress (1): 16/26 kB
2026.06.24 22:19:57 INFO  Progress (1): 21/26 kB
2026.06.24 22:19:57 INFO  Progress (1): 24/26 kB
2026.06.24 22:19:57 INFO  Progress (1): 26 kB   
2026.06.24 22:19:57 INFO                     
2026.06.24 22:19:57 INFO  Downloaded from central: https://repo.maven.apache.org/maven2/org/apache/maven/maven-archiver/3.6.0/maven-archiver-3.6.0.jar (26 kB at 252 kB/s)
2026.06.24 22:19:57 INFO  Downloading from central: https://repo.maven.apache.org/maven2/org/codehaus/plexus/plexus-utils/3.5.0/plexus-utils-3.5.0.jar
2026.06.24 22:19:57 INFO  Progress (1): 7.7/79 kB
2026.06.24 22:19:57 INFO  Progress (1): 16/79 kB 
2026.06.24 22:19:57 INFO  Progress (1): 24/79 kB
2026.06.24 22:19:57 INFO  Progress (2): 24/79 kB | 0.9/12 kB
2026.06.24 22:19:57 INFO  Progress (2): 24/79 kB | 2.3/12 kB
2026.06.24 22:19:57 INFO  Progress (2): 24/79 kB | 3.2/12 kB
2026.06.24 22:19:57 INFO  Progress (2): 24/79 kB | 4.5/12 kB
2026.06.24 22:19:57 INFO  Progress (2): 40/79 kB | 4.5/12 kB
2026.06.24 22:19:57 INFO  Progress (2): 40/79 kB | 5.9/12 kB
2026.06.24 22:19:57 INFO  Progress (2): 40/79 kB | 7.3/12 kB
2026.06.24 22:19:57 INFO  Progress (2): 40/79 kB | 8.7/12 kB
2026.06.24 22:19:57 INFO  Progress (2): 40/79 kB | 10/12 kB 
2026.06.24 22:19:57 INFO  Progress (2): 40/79 kB | 11/12 kB
2026.06.24 22:19:57 INFO  Progress (2): 40/79 kB | 12 kB   
2026.06.24 22:19:57 INFO  Progress (2): 57/79 kB | 12 kB
2026.06.24 22:19:57 INFO                                
2026.06.24 22:19:57 INFO  Downloaded from central: https://repo.maven.apache.org/maven2/org/apache/maven/doxia/doxia-logging-api/1.11.1/doxia-logging-api-1.11.1.jar (12 kB at 107 kB/s)
2026.06.24 22:19:57 INFO  Downloading from central: https://repo.maven.apache.org/maven2/org/codehaus/plexus/plexus-archiver/4.6.0/plexus-archiver-4.6.0.jar
2026.06.24 22:19:57 INFO  Progress (1): 73/79 kB
2026.06.24 22:19:57 INFO  Progress (1): 79 kB   
2026.06.24 22:19:57 INFO                     
2026.06.24 22:19:57 INFO  Downloaded from central: https://repo.maven.apache.org/maven2/org/codehaus/plexus/plexus-io/3.4.0/plexus-io-3.4.0.jar (79 kB at 715 kB/s)
2026.06.24 22:19:57 INFO  Progress (1): 3.8/12 kB
2026.06.24 22:19:57 INFO                         
2026.06.24 22:19:57 INFO  Downloading from central: https://repo.maven.apache.org/maven2/org/apache/commons/commons-compress/1.21/commons-compress-1.21.jar
2026.06.24 22:19:57 INFO  Progress (1): 8.0/12 kB
2026.06.24 22:19:57 INFO  Progress (1): 12 kB    
2026.06.24 22:19:57 INFO                     
2026.06.24 22:19:57 INFO  Downloaded from central: https://repo.maven.apache.org/maven2/org/apache/maven/doxia/doxia-sink-api/1.11.1/doxia-sink-api-1.11.1.jar (12 kB at 104 kB/s)
2026.06.24 22:19:57 INFO  Downloading from central: https://repo.maven.apache.org/maven2/com/github/luben/zstd-jni/1.5.2-5/zstd-jni-1.5.2-5.jar
2026.06.24 22:19:57 INFO  Progress (1): 0.9/54 kB
2026.06.24 22:19:57 INFO  Progress (1): 2.3/54 kB
2026.06.24 22:19:57 INFO  Progress (1): 3.6/54 kB
2026.06.24 22:19:57 INFO  Progress (1): 5.0/54 kB
2026.06.24 22:19:57 INFO  Progress (1): 6.4/54 kB
2026.06.24 22:19:57 INFO  Progress (1): 7.3/54 kB
2026.06.24 22:19:57 INFO  Progress (1): 8.6/54 kB
2026.06.24 22:19:57 INFO  Progress (1): 10/54 kB 
2026.06.24 22:19:57 INFO  Progress (1): 11/54 kB
2026.06.24 22:19:57 INFO  Progress (1): 13/54 kB
2026.06.24 22:19:57 INFO  Progress (1): 14/54 kB
2026.06.24 22:19:57 INFO  Progress (1): 15/54 kB
2026.06.24 22:19:57 INFO  Progress (1): 17/54 kB
2026.06.24 22:19:57 INFO  Progress (1): 18/54 kB
2026.06.24 22:19:57 INFO  Progress (1): 20/54 kB
2026.06.24 22:19:57 INFO  Progress (1): 21/54 kB
2026.06.24 22:19:57 INFO  Progress (1): 22/54 kB
2026.06.24 22:19:57 INFO  Progress (1): 24/54 kB
2026.06.24 22:19:57 INFO  Progress (1): 25/54 kB
2026.06.24 22:19:57 INFO  Progress (1): 26/54 kB
2026.06.24 22:19:57 INFO  Progress (1): 28/54 kB
2026.06.24 22:19:57 INFO  Progress (1): 29/54 kB
2026.06.24 22:19:57 INFO  Progress (1): 31/54 kB
2026.06.24 22:19:57 INFO  Progress (1): 32/54 kB
2026.06.24 22:19:57 INFO  Progress (1): 33/54 kB
2026.06.24 22:19:57 INFO  Progress (1): 35/54 kB
2026.06.24 22:19:57 INFO  Progress (1): 36/54 kB
2026.06.24 22:19:57 INFO  Progress (1): 37/54 kB
2026.06.24 22:19:57 INFO  Progress (1): 39/54 kB
2026.06.24 22:19:57 INFO  Progress (1): 40/54 kB
2026.06.24 22:19:57 INFO  Progress (1): 44/54 kB
2026.06.24 22:19:57 INFO  Progress (1): 49/54 kB
2026.06.24 22:19:57 INFO  Progress (1): 53/54 kB
2026.06.24 22:19:57 INFO  Progress (1): 54 kB   
2026.06.24 22:19:57 INFO                     
2026.06.24 22:19:57 INFO  Downloaded from central: https://repo.maven.apache.org/maven2/org/apache/commons/commons-exec/1.3/commons-exec-1.3.jar (54 kB at 457 kB/s)
2026.06.24 22:19:57 INFO  Downloading from central: https://repo.maven.apache.org/maven2/org/codehaus/plexus/plexus-classworlds/2.7.0/plexus-classworlds-2.7.0.jar
2026.06.24 22:19:58 INFO  Progress (1): 3.8/267 kB
2026.06.24 22:19:58 INFO  Progress (1): 7.7/267 kB
2026.06.24 22:19:58 INFO  Progress (1): 12/267 kB 
2026.06.24 22:19:58 INFO  Progress (1): 16/267 kB
2026.06.24 22:19:58 INFO  Progress (1): 20/267 kB
2026.06.24 22:19:58 INFO  Progress (1): 25/267 kB
2026.06.24 22:19:58 INFO  Progress (1): 41/267 kB
2026.06.24 22:19:58 INFO  Progress (1): 57/267 kB
2026.06.24 22:19:58 INFO  Progress (2): 57/267 kB | 0/1.0 MB
2026.06.24 22:19:58 INFO  Progress (2): 74/267 kB | 0/1.0 MB
2026.06.24 22:19:58 INFO  Progress (2): 74/267 kB | 0/1.0 MB
2026.06.24 22:19:58 INFO  Progress (2): 74/267 kB | 0/1.0 MB
2026.06.24 22:19:58 INFO  Progress (2): 90/267 kB | 0/1.0 MB
2026.06.24 22:19:58 INFO  Progress (2): 98/267 kB | 0/1.0 MB
2026.06.24 22:19:58 INFO  Progress (2): 98/267 kB | 0.1/1.0 MB
2026.06.24 22:19:58 INFO  Progress (2): 115/267 kB | 0.1/1.0 MB
2026.06.24 22:19:58 INFO  Progress (2): 115/267 kB | 0.1/1.0 MB
2026.06.24 22:19:58 INFO  Progress (2): 131/267 kB | 0.1/1.0 MB
2026.06.24 22:19:58 INFO  Progress (2): 147/267 kB | 0.1/1.0 MB
2026.06.24 22:19:58 INFO  Progress (2): 147/267 kB | 0.1/1.0 MB
2026.06.24 22:19:58 INFO  Progress (2): 147/267 kB | 0.1/1.0 MB
2026.06.24 22:19:58 INFO  Progress (2): 147/267 kB | 0.1/1.0 MB
2026.06.24 22:19:58 INFO  Progress (2): 147/267 kB | 0.1/1.0 MB
2026.06.24 22:19:58 INFO  Progress (2): 147/267 kB | 0.1/1.0 MB
2026.06.24 22:19:58 INFO  Progress (2): 147/267 kB | 0.2/1.0 MB
2026.06.24 22:19:58 INFO  Progress (2): 147/267 kB | 0.2/1.0 MB
2026.06.24 22:19:58 INFO  Progress (2): 147/267 kB | 0.2/1.0 MB
2026.06.24 22:19:58 INFO  Progress (2): 147/267 kB | 0.2/1.0 MB
2026.06.24 22:19:58 INFO  Progress (2): 164/267 kB | 0.2/1.0 MB
2026.06.24 22:19:58 INFO  Progress (2): 164/267 kB | 0.2/1.0 MB
2026.06.24 22:19:58 INFO  Progress (2): 164/267 kB | 0.2/1.0 MB
2026.06.24 22:19:58 INFO  Progress (2): 164/267 kB | 0.3/1.0 MB
2026.06.24 22:19:58 INFO  Progress (2): 164/267 kB | 0.3/1.0 MB
2026.06.24 22:19:58 INFO  Progress (2): 164/267 kB | 0.3/1.0 MB
2026.06.24 22:19:58 INFO  Progress (2): 164/267 kB | 0.3/1.0 MB
2026.06.24 22:19:58 INFO  Progress (2): 164/267 kB | 0.3/1.0 MB
2026.06.24 22:19:58 INFO  Progress (2): 164/267 kB | 0.3/1.0 MB
2026.06.24 22:19:58 INFO  Progress (2): 164/267 kB | 0.3/1.0 MB
2026.06.24 22:19:58 INFO  Progress (2): 164/267 kB | 0.4/1.0 MB
2026.06.24 22:19:58 INFO  Progress (2): 164/267 kB | 0.4/1.0 MB
2026.06.24 22:19:58 INFO  Progress (2): 164/267 kB | 0.4/1.0 MB
2026.06.24 22:19:58 INFO  Progress (2): 164/267 kB | 0.4/1.0 MB
2026.06.24 22:19:58 INFO  Progress (2): 180/267 kB | 0.4/1.0 MB
2026.06.24 22:19:58 INFO  Progress (2): 180/267 kB | 0.4/1.0 MB
2026.06.24 22:19:58 INFO  Progress (2): 197/267 kB | 0.4/1.0 MB
2026.06.24 22:19:58 INFO  Progress (2): 197/267 kB | 0.4/1.0 MB
2026.06.24 22:19:58 INFO  Progress (2): 197/267 kB | 0.5/1.0 MB
2026.06.24 22:19:58 INFO  Progress (2): 197/267 kB | 0.5/1.0 MB
2026.06.24 22:19:58 INFO  Progress (2): 197/267 kB | 0.5/1.0 MB
2026.06.24 22:19:58 INFO  Progress (2): 197/267 kB | 0.5/1.0 MB
2026.06.24 22:19:58 INFO  Progress (2): 197/267 kB | 0.5/1.0 MB
2026.06.24 22:19:58 INFO  Progress (2): 197/267 kB | 0.5/1.0 MB
2026.06.24 22:19:58 INFO  Progress (2): 197/267 kB | 0.6/1.0 MB
2026.06.24 22:19:58 INFO  Progress (2): 213/267 kB | 0.6/1.0 MB
2026.06.24 22:19:58 INFO  Progress (2): 213/267 kB | 0.6/1.0 MB
2026.06.24 22:19:58 INFO  Progress (2): 229/267 kB | 0.6/1.0 MB
2026.06.24 22:19:58 INFO  Progress (3): 229/267 kB | 0.6/1.0 MB | 3.8/53 kB
2026.06.24 22:19:58 INFO  Progress (3): 229/267 kB | 0.6/1.0 MB | 7.7/53 kB
2026.06.24 22:19:58 INFO  Progress (4): 229/267 kB | 0.6/1.0 MB | 7.7/53 kB | 0/6.3 MB
2026.06.24 22:19:58 INFO  Progress (4): 229/267 kB | 0.6/1.0 MB | 12/53 kB | 0/6.3 MB 
2026.06.24 22:19:58 INFO  Progress (4): 229/267 kB | 0.6/1.0 MB | 12/53 kB | 0/6.3 MB
2026.06.24 22:19:58 INFO  Progress (4): 229/267 kB | 0.6/1.0 MB | 16/53 kB | 0/6.3 MB
2026.06.24 22:19:58 INFO  Progress (4): 229/267 kB | 0.6/1.0 MB | 16/53 kB | 0/6.3 MB
2026.06.24 22:19:58 INFO  Progress (4): 229/267 kB | 0.6/1.0 MB | 20/53 kB | 0/6.3 MB
2026.06.24 22:19:58 INFO  Progress (4): 229/267 kB | 0.6/1.0 MB | 20/53 kB | 0/6.3 MB
2026.06.24 22:19:58 INFO  Progress (4): 229/267 kB | 0.6/1.0 MB | 24/53 kB | 0/6.3 MB
2026.06.24 22:19:58 INFO  Progress (4): 229/267 kB | 0.6/1.0 MB | 24/53 kB | 0/6.3 MB
2026.06.24 22:19:58 INFO  Progress (4): 229/267 kB | 0.6/1.0 MB | 28/53 kB | 0/6.3 MB
2026.06.24 22:19:58 INFO  Progress (4): 229/267 kB | 0.6/1.0 MB | 33/53 kB | 0/6.3 MB
2026.06.24 22:19:58 INFO  Progress (4): 229/267 kB | 0.6/1.0 MB | 33/53 kB | 0/6.3 MB
2026.06.24 22:19:58 INFO  Progress (4): 229/267 kB | 0.6/1.0 MB | 37/53 kB | 0/6.3 MB
2026.06.24 22:19:58 INFO  Progress (4): 229/267 kB | 0.6/1.0 MB | 41/53 kB | 0/6.3 MB
2026.06.24 22:19:58 INFO  Progress (4): 229/267 kB | 0.6/1.0 MB | 41/53 kB | 0/6.3 MB
2026.06.24 22:19:58 INFO  Progress (4): 246/267 kB | 0.6/1.0 MB | 41/53 kB | 0/6.3 MB
2026.06.24 22:19:58 INFO  Progress (4): 246/267 kB | 0.6/1.0 MB | 45/53 kB | 0/6.3 MB
2026.06.24 22:19:58 INFO  Progress (4): 246/267 kB | 0.6/1.0 MB | 45/53 kB | 0/6.3 MB
2026.06.24 22:19:58 INFO  Progress (5): 246/267 kB | 0.6/1.0 MB | 45/53 kB | 0/6.3 MB | 3.8/216 kB
2026.06.24 22:19:58 INFO  Progress (5): 246/267 kB | 0.6/1.0 MB | 49/53 kB | 0/6.3 MB | 3.8/216 kB
2026.06.24 22:19:58 INFO  Progress (5): 246/267 kB | 0.6/1.0 MB | 49/53 kB | 0/6.3 MB | 3.8/216 kB
2026.06.24 22:19:58 INFO  Progress (5): 246/267 kB | 0.6/1.0 MB | 49/53 kB | 0/6.3 MB | 8.0/216 kB
2026.06.24 22:19:58 INFO  Progress (5): 246/267 kB | 0.6/1.0 MB | 53 kB | 0/6.3 MB | 8.0/216 kB   
2026.06.24 22:19:58 INFO  Progress (5): 246/267 kB | 0.6/1.0 MB | 53 kB | 0/6.3 MB | 12/216 kB 
2026.06.24 22:19:58 INFO  Progress (5): 246/267 kB | 0.6/1.0 MB | 53 kB | 0/6.3 MB | 16/216 kB
2026.06.24 22:19:58 INFO  Progress (5): 246/267 kB | 0.6/1.0 MB | 53 kB | 0/6.3 MB | 21/216 kB
2026.06.24 22:19:58 INFO  Progress (5): 246/267 kB | 0.6/1.0 MB | 53 kB | 0/6.3 MB | 21/216 kB
2026.06.24 22:19:58 INFO  Progress (5): 246/267 kB | 0.6/1.0 MB | 53 kB | 0/6.3 MB | 21/216 kB
2026.06.24 22:19:58 INFO  Progress (5): 246/267 kB | 0.6/1.0 MB | 53 kB | 0/6.3 MB | 25/216 kB
2026.06.24 22:19:58 INFO  Progress (5): 246/267 kB | 0.6/1.0 MB | 53 kB | 0/6.3 MB | 29/216 kB
2026.06.24 22:19:58 INFO  Progress (5): 262/267 kB | 0.6/1.0 MB | 53 kB | 0/6.3 MB | 29/216 kB
2026.06.24 22:19:58 INFO  Progress (5): 262/267 kB | 0.6/1.0 MB | 53 kB | 0/6.3 MB | 33/216 kB
2026.06.24 22:19:58 INFO  Progress (5): 262/267 kB | 0.6/1.0 MB | 53 kB | 0.1/6.3 MB | 33/216 kB
2026.06.24 22:19:58 INFO  Progress (5): 262/267 kB | 0.6/1.0 MB | 53 kB | 0.1/6.3 MB | 38/216 kB
2026.06.24 22:19:58 INFO  Progress (5): 267 kB | 0.6/1.0 MB | 53 kB | 0.1/6.3 MB | 38/216 kB    
2026.06.24 22:19:58 INFO                                                                    
2026.06.24 22:19:58 INFO  Downloaded from central: https://repo.maven.apache.org/maven2/org/codehaus/plexus/plexus-classworlds/2.7.0/plexus-classworlds-2.7.0.jar (53 kB at 353 kB/s)
2026.06.24 22:19:58 INFO  Downloading from central: https://repo.maven.apache.org/maven2/org/scala-sbt/zinc_2.13/1.8.0/zinc_2.13-1.8.0.jar
2026.06.24 22:19:58 INFO  Progress (4): 267 kB | 0.6/1.0 MB | 0.1/6.3 MB | 42/216 kB
2026.06.24 22:19:58 INFO  Progress (4): 267 kB | 0.6/1.0 MB | 0.1/6.3 MB | 42/216 kB
2026.06.24 22:19:58 INFO  Progress (4): 267 kB | 0.6/1.0 MB | 0.1/6.3 MB | 46/216 kB
2026.06.24 22:19:58 INFO  Progress (4): 267 kB | 0.6/1.0 MB | 0.1/6.3 MB | 46/216 kB
2026.06.24 22:19:58 INFO                                                            
2026.06.24 22:19:58 INFO  Downloaded from central: https://repo.maven.apache.org/maven2/org/codehaus/plexus/plexus-utils/3.5.0/plexus-utils-3.5.0.jar (267 kB at 1.8 MB/s)
2026.06.24 22:19:58 INFO  Progress (3): 0.6/1.0 MB | 0.1/6.3 MB | 50/216 kB
2026.06.24 22:19:58 INFO                                                   
2026.06.24 22:19:58 INFO  Downloading from central: https://repo.maven.apache.org/maven2/org/scala-sbt/zinc-core_2.13/1.8.0/zinc-core_2.13-1.8.0.jar
2026.06.24 22:19:58 INFO  Progress (3): 0.6/1.0 MB | 0.1/6.3 MB | 50/216 kB
2026.06.24 22:19:58 INFO  Progress (3): 0.6/1.0 MB | 0.1/6.3 MB | 54/216 kB
2026.06.24 22:19:58 INFO  Progress (3): 0.6/1.0 MB | 0.1/6.3 MB | 54/216 kB
2026.06.24 22:19:58 INFO  Progress (3): 0.6/1.0 MB | 0.1/6.3 MB | 59/216 kB
2026.06.24 22:19:58 INFO  Progress (3): 0.6/1.0 MB | 0.1/6.3 MB | 59/216 kB
2026.06.24 22:19:58 INFO  Progress (3): 0.6/1.0 MB | 0.1/6.3 MB | 63/216 kB
2026.06.24 22:19:58 INFO  Progress (3): 0.6/1.0 MB | 0.1/6.3 MB | 67/216 kB
2026.06.24 22:19:58 INFO  Progress (3): 0.6/1.0 MB | 0.1/6.3 MB | 67/216 kB
2026.06.24 22:19:58 INFO  Progress (3): 0.6/1.0 MB | 0.1/6.3 MB | 71/216 kB
2026.06.24 22:19:58 INFO  Progress (3): 0.7/1.0 MB | 0.1/6.3 MB | 71/216 kB
2026.06.24 22:19:58 INFO  Progress (3): 0.7/1.0 MB | 0.1/6.3 MB | 76/216 kB
2026.06.24 22:19:58 INFO  Progress (3): 0.7/1.0 MB | 0.1/6.3 MB | 80/216 kB
2026.06.24 22:19:58 INFO  Progress (3): 0.7/1.0 MB | 0.1/6.3 MB | 84/216 kB
2026.06.24 22:19:58 INFO  Progress (3): 0.7/1.0 MB | 0.1/6.3 MB | 88/216 kB
2026.06.24 22:19:58 INFO  Progress (3): 0.7/1.0 MB | 0.1/6.3 MB | 93/216 kB
2026.06.24 22:19:58 INFO  Progress (3): 0.7/1.0 MB | 0.1/6.3 MB | 97/216 kB
2026.06.24 22:19:58 INFO  Progress (3): 0.7/1.0 MB | 0.1/6.3 MB | 97/216 kB
2026.06.24 22:19:58 INFO  Progress (3): 0.7/1.0 MB | 0.1/6.3 MB | 97/216 kB
2026.06.24 22:19:58 INFO  Progress (3): 0.7/1.0 MB | 0.1/6.3 MB | 97/216 kB
2026.06.24 22:19:58 INFO  Progress (3): 0.7/1.0 MB | 0.1/6.3 MB | 101/216 kB
2026.06.24 22:19:58 INFO  Progress (3): 0.7/1.0 MB | 0.1/6.3 MB | 101/216 kB
2026.06.24 22:19:58 INFO  Progress (3): 0.7/1.0 MB | 0.2/6.3 MB | 101/216 kB
2026.06.24 22:19:58 INFO  Progress (3): 0.7/1.0 MB | 0.2/6.3 MB | 101/216 kB
2026.06.24 22:19:58 INFO  Progress (3): 0.7/1.0 MB | 0.2/6.3 MB | 101/216 kB
2026.06.24 22:19:58 INFO  Progress (3): 0.7/1.0 MB | 0.2/6.3 MB | 105/216 kB
2026.06.24 22:19:58 INFO  Progress (3): 0.7/1.0 MB | 0.2/6.3 MB | 109/216 kB
2026.06.24 22:19:58 INFO  Progress (3): 0.7/1.0 MB | 0.2/6.3 MB | 109/216 kB
2026.06.24 22:19:58 INFO  Progress (3): 0.7/1.0 MB | 0.2/6.3 MB | 109/216 kB
2026.06.24 22:19:58 INFO  Progress (3): 0.7/1.0 MB | 0.2/6.3 MB | 114/216 kB
2026.06.24 22:19:58 INFO  Progress (3): 0.7/1.0 MB | 0.2/6.3 MB | 118/216 kB
2026.06.24 22:19:58 INFO  Progress (3): 0.7/1.0 MB | 0.2/6.3 MB | 118/216 kB
2026.06.24 22:19:58 INFO  Progress (3): 0.7/1.0 MB | 0.2/6.3 MB | 118/216 kB
2026.06.24 22:19:58 INFO  Progress (3): 0.7/1.0 MB | 0.2/6.3 MB | 118/216 kB
2026.06.24 22:19:58 INFO  Progress (3): 0.8/1.0 MB | 0.2/6.3 MB | 118/216 kB
2026.06.24 22:19:58 INFO  Progress (3): 0.8/1.0 MB | 0.2/6.3 MB | 118/216 kB
2026.06.24 22:19:58 INFO  Progress (3): 0.8/1.0 MB | 0.2/6.3 MB | 118/216 kB
2026.06.24 22:19:58 INFO  Progress (3): 0.8/1.0 MB | 0.2/6.3 MB | 122/216 kB
2026.06.24 22:19:58 INFO  Progress (3): 0.8/1.0 MB | 0.2/6.3 MB | 126/216 kB
2026.06.24 22:19:58 INFO  Progress (3): 0.8/1.0 MB | 0.2/6.3 MB | 126/216 kB
2026.06.24 22:19:58 INFO  Progress (3): 0.8/1.0 MB | 0.2/6.3 MB | 131/216 kB
2026.06.24 22:19:58 INFO  Progress (3): 0.8/1.0 MB | 0.2/6.3 MB | 131/216 kB
2026.06.24 22:19:58 INFO  Progress (3): 0.8/1.0 MB | 0.2/6.3 MB | 135/216 kB
2026.06.24 22:19:58 INFO  Progress (3): 0.8/1.0 MB | 0.2/6.3 MB | 135/216 kB
2026.06.24 22:19:58 INFO  Progress (3): 0.8/1.0 MB | 0.2/6.3 MB | 135/216 kB
2026.06.24 22:19:58 INFO  Progress (3): 0.8/1.0 MB | 0.2/6.3 MB | 135/216 kB
2026.06.24 22:19:58 INFO  Progress (3): 0.9/1.0 MB | 0.2/6.3 MB | 135/216 kB
2026.06.24 22:19:58 INFO  Progress (3): 0.9/1.0 MB | 0.2/6.3 MB | 135/216 kB
2026.06.24 22:19:58 INFO  Progress (3): 0.9/1.0 MB | 0.2/6.3 MB | 135/216 kB
2026.06.24 22:19:58 INFO  Progress (3): 0.9/1.0 MB | 0.2/6.3 MB | 135/216 kB
2026.06.24 22:19:58 INFO  Progress (3): 0.9/1.0 MB | 0.2/6.3 MB | 135/216 kB
2026.06.24 22:19:58 INFO  Progress (3): 0.9/1.0 MB | 0.2/6.3 MB | 135/216 kB
2026.06.24 22:19:58 INFO  Progress (3): 1.0/1.0 MB | 0.2/6.3 MB | 135/216 kB
2026.06.24 22:19:58 INFO  Progress (3): 1.0/1.0 MB | 0.2/6.3 MB | 135/216 kB
2026.06.24 22:19:58 INFO  Progress (3): 1.0/1.0 MB | 0.2/6.3 MB | 135/216 kB
2026.06.24 22:19:58 INFO  Progress (3): 1.0/1.0 MB | 0.2/6.3 MB | 135/216 kB
2026.06.24 22:19:58 INFO  Progress (3): 1.0/1.0 MB | 0.2/6.3 MB | 135/216 kB
2026.06.24 22:19:58 INFO  Progress (3): 1.0/1.0 MB | 0.3/6.3 MB | 135/216 kB
2026.06.24 22:19:58 INFO  Progress (3): 1.0 MB | 0.3/6.3 MB | 135/216 kB    
2026.06.24 22:19:58 INFO  Progress (3): 1.0 MB | 0.3/6.3 MB | 135/216 kB
2026.06.24 22:19:58 INFO  Progress (3): 1.0 MB | 0.3/6.3 MB | 139/216 kB
2026.06.24 22:19:58 INFO  Progress (3): 1.0 MB | 0.3/6.3 MB | 143/216 kB
2026.06.24 22:19:58 INFO  Progress (3): 1.0 MB | 0.3/6.3 MB | 147/216 kB
2026.06.24 22:19:58 INFO  Progress (3): 1.0 MB | 0.3/6.3 MB | 147/216 kB
2026.06.24 22:19:58 INFO  Progress (3): 1.0 MB | 0.3/6.3 MB | 152/216 kB
2026.06.24 22:19:58 INFO  Progress (3): 1.0 MB | 0.3/6.3 MB | 156/216 kB
2026.06.24 22:19:58 INFO  Progress (3): 1.0 MB | 0.3/6.3 MB | 156/216 kB
2026.06.24 22:19:58 INFO  Progress (3): 1.0 MB | 0.3/6.3 MB | 160/216 kB
2026.06.24 22:19:58 INFO  Progress (3): 1.0 MB | 0.3/6.3 MB | 164/216 kB
2026.06.24 22:19:58 INFO                                                
2026.06.24 22:19:58 INFO  Downloaded from central: https://repo.maven.apache.org/maven2/org/apache/commons/commons-compress/1.21/commons-compress-1.21.jar (1.0 MB at 6.3 MB/s)
2026.06.24 22:19:58 INFO  Downloading from central: https://repo.maven.apache.org/maven2/org/scala-sbt/zinc-apiinfo_2.13/1.8.0/zinc-apiinfo_2.13-1.8.0.jar
2026.06.24 22:19:58 INFO  Progress (2): 0.3/6.3 MB | 164/216 kB
2026.06.24 22:19:58 INFO  Progress (2): 0.3/6.3 MB | 181/216 kB
2026.06.24 22:19:58 INFO  Progress (2): 0.3/6.3 MB | 197/216 kB
2026.06.24 22:19:58 INFO  Progress (2): 0.3/6.3 MB | 214/216 kB
2026.06.24 22:19:58 INFO  Progress (2): 0.3/6.3 MB | 216 kB    
2026.06.24 22:19:58 INFO  Progress (2): 0.3/6.3 MB | 216 kB
2026.06.24 22:19:58 INFO                                   
2026.06.24 22:19:58 INFO  Downloaded from central: https://repo.maven.apache.org/maven2/org/codehaus/plexus/plexus-archiver/4.6.0/plexus-archiver-4.6.0.jar (216 kB at 1.3 MB/s)
2026.06.24 22:19:58 INFO  Downloading from central: https://repo.maven.apache.org/maven2/org/scala-sbt/compiler-bridge_2.13/1.8.0/compiler-bridge_2.13-1.8.0.jar
2026.06.24 22:19:58 INFO  Progress (1): 0.4/6.3 MB
2026.06.24 22:19:58 INFO  Progress (1): 0.4/6.3 MB
2026.06.24 22:19:58 INFO  Progress (1): 0.4/6.3 MB
2026.06.24 22:19:58 INFO  Progress (1): 0.4/6.3 MB
2026.06.24 22:19:58 INFO  Progress (1): 0.4/6.3 MB
2026.06.24 22:19:58 INFO  Progress (1): 0.4/6.3 MB
2026.06.24 22:19:58 INFO  Progress (1): 0.5/6.3 MB
2026.06.24 22:19:58 INFO  Progress (1): 0.5/6.3 MB
2026.06.24 22:19:58 INFO  Progress (1): 0.5/6.3 MB
2026.06.24 22:19:58 INFO  Progress (1): 0.5/6.3 MB
2026.06.24 22:19:58 INFO  Progress (1): 0.5/6.3 MB
2026.06.24 22:19:58 INFO  Progress (1): 0.5/6.3 MB
2026.06.24 22:19:58 INFO  Progress (1): 0.6/6.3 MB
2026.06.24 22:19:58 INFO  Progress (1): 0.6/6.3 MB
2026.06.24 22:19:58 INFO  Progress (1): 0.6/6.3 MB
2026.06.24 22:19:58 INFO  Progress (1): 0.6/6.3 MB
2026.06.24 22:19:58 INFO  Progress (1): 0.6/6.3 MB
2026.06.24 22:19:58 INFO  Progress (1): 0.6/6.3 MB
2026.06.24 22:19:58 INFO  Progress (1): 0.7/6.3 MB
2026.06.24 22:19:58 INFO  Progress (1): 0.7/6.3 MB
2026.06.24 22:19:58 INFO  Progress (1): 0.7/6.3 MB
2026.06.24 22:19:58 INFO  Progress (1): 0.7/6.3 MB
2026.06.24 22:19:58 INFO  Progress (1): 0.7/6.3 MB
2026.06.24 22:19:58 INFO  Progress (1): 0.7/6.3 MB
2026.06.24 22:19:58 INFO  Progress (1): 0.7/6.3 MB
2026.06.24 22:19:58 INFO  Progress (1): 0.8/6.3 MB
2026.06.24 22:19:58 INFO  Progress (1): 0.8/6.3 MB
2026.06.24 22:19:58 INFO  Progress (1): 0.8/6.3 MB
2026.06.24 22:19:58 INFO  Progress (1): 0.8/6.3 MB
2026.06.24 22:19:58 INFO  Progress (1): 0.8/6.3 MB
2026.06.24 22:19:58 INFO  Progress (1): 0.8/6.3 MB
2026.06.24 22:19:58 INFO  Progress (1): 0.9/6.3 MB
2026.06.24 22:19:58 INFO  Progress (1): 0.9/6.3 MB
2026.06.24 22:19:58 INFO  Progress (2): 0.9/6.3 MB | 3.8/490 kB
2026.06.24 22:19:58 INFO  Progress (3): 0.9/6.3 MB | 3.8/490 kB | 4.1/85 kB
2026.06.24 22:19:58 INFO  Progress (3): 0.9/6.3 MB | 3.8/490 kB | 4.1/85 kB
2026.06.24 22:19:58 INFO  Progress (3): 0.9/6.3 MB | 8.0/490 kB | 4.1/85 kB
2026.06.24 22:19:58 INFO  Progress (3): 0.9/6.3 MB | 8.0/490 kB | 4.1/85 kB
2026.06.24 22:19:58 INFO  Progress (3): 0.9/6.3 MB | 12/490 kB | 4.1/85 kB 
2026.06.24 22:19:58 INFO  Progress (3): 0.9/6.3 MB | 12/490 kB | 4.1/85 kB
2026.06.24 22:19:58 INFO  Progress (3): 0.9/6.3 MB | 17/490 kB | 4.1/85 kB
2026.06.24 22:19:58 INFO  Progress (3): 0.9/6.3 MB | 21/490 kB | 4.1/85 kB
2026.06.24 22:19:58 INFO  Progress (3): 0.9/6.3 MB | 21/490 kB | 4.1/85 kB
2026.06.24 22:19:58 INFO  Progress (3): 0.9/6.3 MB | 21/490 kB | 20/85 kB 
2026.06.24 22:19:58 INFO  Progress (3): 0.9/6.3 MB | 25/490 kB | 20/85 kB
2026.06.24 22:19:58 INFO  Progress (3): 0.9/6.3 MB | 29/490 kB | 20/85 kB
2026.06.24 22:19:58 INFO  Progress (3): 0.9/6.3 MB | 33/490 kB | 20/85 kB
2026.06.24 22:19:58 INFO  Progress (3): 0.9/6.3 MB | 38/490 kB | 20/85 kB
2026.06.24 22:19:58 INFO  Progress (3): 0.9/6.3 MB | 38/490 kB | 20/85 kB
2026.06.24 22:19:58 INFO  Progress (3): 0.9/6.3 MB | 38/490 kB | 37/85 kB
2026.06.24 22:19:58 INFO  Progress (3): 0.9/6.3 MB | 42/490 kB | 37/85 kB
2026.06.24 22:19:58 INFO  Progress (3): 0.9/6.3 MB | 42/490 kB | 49/85 kB
2026.06.24 22:19:58 INFO  Progress (3): 1.0/6.3 MB | 42/490 kB | 49/85 kB
2026.06.24 22:19:58 INFO  Progress (3): 1.0/6.3 MB | 46/490 kB | 49/85 kB
2026.06.24 22:19:58 INFO  Progress (3): 1.0/6.3 MB | 50/490 kB | 49/85 kB
2026.06.24 22:19:58 INFO  Progress (3): 1.0/6.3 MB | 55/490 kB | 49/85 kB
2026.06.24 22:19:58 INFO  Progress (3): 1.0/6.3 MB | 59/490 kB | 49/85 kB
2026.06.24 22:19:58 INFO  Progress (3): 1.0/6.3 MB | 59/490 kB | 49/85 kB
2026.06.24 22:19:58 INFO  Progress (3): 1.0/6.3 MB | 59/490 kB | 66/85 kB
2026.06.24 22:19:58 INFO  Progress (3): 1.0/6.3 MB | 63/490 kB | 66/85 kB
2026.06.24 22:19:58 INFO  Progress (3): 1.0/6.3 MB | 63/490 kB | 66/85 kB
2026.06.24 22:19:58 INFO  Progress (3): 1.0/6.3 MB | 67/490 kB | 66/85 kB
2026.06.24 22:19:58 INFO  Progress (3): 1.0/6.3 MB | 67/490 kB | 82/85 kB
2026.06.24 22:19:58 INFO  Progress (3): 1.0/6.3 MB | 67/490 kB | 82/85 kB
2026.06.24 22:19:58 INFO  Progress (3): 1.0/6.3 MB | 67/490 kB | 85 kB   
2026.06.24 22:19:58 INFO  Progress (3): 1.0/6.3 MB | 67/490 kB | 85 kB
2026.06.24 22:19:58 INFO  Progress (3): 1.0/6.3 MB | 67/490 kB | 85 kB
2026.06.24 22:19:58 INFO  Progress (3): 1.1/6.3 MB | 67/490 kB | 85 kB
2026.06.24 22:19:58 INFO  Progress (3): 1.1/6.3 MB | 71/490 kB | 85 kB
2026.06.24 22:19:58 INFO                                              
2026.06.24 22:19:58 INFO  Downloaded from central: https://repo.maven.apache.org/maven2/org/scala-sbt/zinc_2.13/1.8.0/zinc_2.13-1.8.0.jar (85 kB at 461 kB/s)
2026.06.24 22:19:58 INFO  Downloading from central: https://repo.maven.apache.org/maven2/org/scala-sbt/zinc-classpath_2.13/1.8.0/zinc-classpath_2.13-1.8.0.jar
2026.06.24 22:19:58 INFO  Progress (2): 1.1/6.3 MB | 71/490 kB
2026.06.24 22:19:58 INFO  Progress (2): 1.1/6.3 MB | 76/490 kB
2026.06.24 22:19:58 INFO  Progress (2): 1.1/6.3 MB | 76/490 kB
2026.06.24 22:19:58 INFO  Progress (2): 1.1/6.3 MB | 80/490 kB
2026.06.24 22:19:58 INFO  Progress (2): 1.1/6.3 MB | 84/490 kB
2026.06.24 22:19:58 INFO  Progress (2): 1.1/6.3 MB | 84/490 kB
2026.06.24 22:19:58 INFO  Progress (2): 1.1/6.3 MB | 84/490 kB
2026.06.24 22:19:58 INFO  Progress (3): 1.1/6.3 MB | 84/490 kB | 3.2/165 kB
2026.06.24 22:19:58 INFO  Progress (3): 1.1/6.3 MB | 84/490 kB | 3.2/165 kB
2026.06.24 22:19:58 INFO  Progress (3): 1.1/6.3 MB | 84/490 kB | 20/165 kB 
2026.06.24 22:19:58 INFO  Progress (3): 1.1/6.3 MB | 84/490 kB | 20/165 kB
2026.06.24 22:19:58 INFO  Progress (3): 1.2/6.3 MB | 84/490 kB | 20/165 kB
2026.06.24 22:19:58 INFO  Progress (3): 1.2/6.3 MB | 84/490 kB | 36/165 kB
2026.06.24 22:19:58 INFO  Progress (3): 1.2/6.3 MB | 84/490 kB | 36/165 kB
2026.06.24 22:19:58 INFO  Progress (3): 1.2/6.3 MB | 84/490 kB | 52/165 kB
2026.06.24 22:19:58 INFO  Progress (3): 1.2/6.3 MB | 84/490 kB | 52/165 kB
2026.06.24 22:19:58 INFO  Progress (3): 1.2/6.3 MB | 84/490 kB | 61/165 kB
2026.06.24 22:19:58 INFO  Progress (3): 1.2/6.3 MB | 84/490 kB | 61/165 kB
2026.06.24 22:19:58 INFO  Progress (3): 1.2/6.3 MB | 84/490 kB | 77/165 kB
2026.06.24 22:19:58 INFO  Progress (3): 1.2/6.3 MB | 84/490 kB | 77/165 kB
2026.06.24 22:19:58 INFO  Progress (3): 1.2/6.3 MB | 84/490 kB | 93/165 kB
2026.06.24 22:19:58 INFO  Progress (3): 1.2/6.3 MB | 88/490 kB | 93/165 kB
2026.06.24 22:19:58 INFO  Progress (3): 1.2/6.3 MB | 93/490 kB | 93/165 kB
2026.06.24 22:19:58 INFO  Progress (3): 1.2/6.3 MB | 93/490 kB | 93/165 kB
2026.06.24 22:19:58 INFO  Progress (3): 1.2/6.3 MB | 93/490 kB | 110/165 kB
2026.06.24 22:19:58 INFO  Progress (3): 1.3/6.3 MB | 93/490 kB | 110/165 kB
2026.06.24 22:19:58 INFO  Progress (3): 1.3/6.3 MB | 93/490 kB | 126/165 kB
2026.06.24 22:19:58 INFO  Progress (3): 1.3/6.3 MB | 93/490 kB | 126/165 kB
2026.06.24 22:19:58 INFO  Progress (3): 1.3/6.3 MB | 109/490 kB | 126/165 kB
2026.06.24 22:19:58 INFO  Progress (3): 1.3/6.3 MB | 109/490 kB | 142/165 kB
2026.06.24 22:19:58 INFO  Progress (3): 1.3/6.3 MB | 109/490 kB | 142/165 kB
2026.06.24 22:19:58 INFO  Progress (3): 1.3/6.3 MB | 109/490 kB | 159/165 kB
2026.06.24 22:19:58 INFO  Progress (3): 1.3/6.3 MB | 109/490 kB | 159/165 kB
2026.06.24 22:19:58 INFO  Progress (3): 1.3/6.3 MB | 109/490 kB | 165 kB    
2026.06.24 22:19:58 INFO  Progress (3): 1.3/6.3 MB | 109/490 kB | 165 kB
2026.06.24 22:19:58 INFO                                                
2026.06.24 22:19:58 INFO  Downloaded from central: https://repo.maven.apache.org/maven2/org/scala-sbt/zinc-apiinfo_2.13/1.8.0/zinc-apiinfo_2.13-1.8.0.jar (165 kB at 873 kB/s)
2026.06.24 22:19:58 INFO  Progress (2): 1.3/6.3 MB | 109/490 kB
2026.06.24 22:19:58 INFO                                       
2026.06.24 22:19:58 INFO  Downloading from central: https://repo.maven.apache.org/maven2/org/scala-lang/scala-compiler/2.13.8/scala-compiler-2.13.8.jar
2026.06.24 22:19:58 INFO  Progress (2): 1.4/6.3 MB | 109/490 kB
2026.06.24 22:19:58 INFO  Progress (2): 1.4/6.3 MB | 109/490 kB
2026.06.24 22:19:58 INFO  Progress (2): 1.4/6.3 MB | 125/490 kB
2026.06.24 22:19:58 INFO  Progress (2): 1.4/6.3 MB | 125/490 kB
2026.06.24 22:19:58 INFO  Progress (2): 1.4/6.3 MB | 125/490 kB
2026.06.24 22:19:58 INFO  Progress (2): 1.4/6.3 MB | 142/490 kB
2026.06.24 22:19:58 INFO  Progress (2): 1.4/6.3 MB | 143/490 kB
2026.06.24 22:19:58 INFO  Progress (2): 1.4/6.3 MB | 143/490 kB
2026.06.24 22:19:58 INFO  Progress (2): 1.4/6.3 MB | 143/490 kB
2026.06.24 22:19:58 INFO  Progress (2): 1.5/6.3 MB | 143/490 kB
2026.06.24 22:19:58 INFO  Progress (2): 1.5/6.3 MB | 143/490 kB
2026.06.24 22:19:58 INFO  Progress (2): 1.5/6.3 MB | 160/490 kB
2026.06.24 22:19:58 INFO  Progress (2): 1.5/6.3 MB | 160/490 kB
2026.06.24 22:19:58 INFO  Progress (2): 1.5/6.3 MB | 160/490 kB
2026.06.24 22:19:58 INFO  Progress (2): 1.5/6.3 MB | 160/490 kB
2026.06.24 22:19:58 INFO  Progress (3): 1.5/6.3 MB | 160/490 kB | 7.7/243 kB
2026.06.24 22:19:58 INFO  Progress (3): 1.5/6.3 MB | 160/490 kB | 7.7/243 kB
2026.06.24 22:19:58 INFO  Progress (3): 1.5/6.3 MB | 160/490 kB | 16/243 kB 
2026.06.24 22:19:58 INFO  Progress (3): 1.5/6.3 MB | 160/490 kB | 28/243 kB
2026.06.24 22:19:58 INFO  Progress (3): 1.6/6.3 MB | 160/490 kB | 28/243 kB
2026.06.24 22:19:58 INFO  Progress (3): 1.6/6.3 MB | 160/490 kB | 28/243 kB
2026.06.24 22:19:58 INFO  Progress (3): 1.6/6.3 MB | 160/490 kB | 28/243 kB
2026.06.24 22:19:58 INFO  Progress (3): 1.6/6.3 MB | 176/490 kB | 28/243 kB
2026.06.24 22:19:58 INFO  Progress (3): 1.6/6.3 MB | 176/490 kB | 44/243 kB
2026.06.24 22:19:58 INFO  Progress (3): 1.6/6.3 MB | 193/490 kB | 44/243 kB
2026.06.24 22:19:58 INFO  Progress (3): 1.6/6.3 MB | 193/490 kB | 44/243 kB
2026.06.24 22:19:58 INFO  Progress (3): 1.6/6.3 MB | 193/490 kB | 61/243 kB
2026.06.24 22:19:58 INFO  Progress (3): 1.6/6.3 MB | 193/490 kB | 61/243 kB
2026.06.24 22:19:58 INFO  Progress (3): 1.6/6.3 MB | 193/490 kB | 77/243 kB
2026.06.24 22:19:58 INFO  Progress (3): 1.6/6.3 MB | 193/490 kB | 77/243 kB
2026.06.24 22:19:58 INFO  Progress (3): 1.6/6.3 MB | 193/490 kB | 93/243 kB
2026.06.24 22:19:58 INFO  Progress (3): 1.7/6.3 MB | 193/490 kB | 93/243 kB
2026.06.24 22:19:58 INFO  Progress (3): 1.7/6.3 MB | 193/490 kB | 110/243 kB
2026.06.24 22:19:58 INFO  Progress (3): 1.7/6.3 MB | 193/490 kB | 110/243 kB
2026.06.24 22:19:58 INFO  Progress (3): 1.7/6.3 MB | 193/490 kB | 110/243 kB
2026.06.24 22:19:58 INFO  Progress (3): 1.7/6.3 MB | 193/490 kB | 110/243 kB
2026.06.24 22:19:58 INFO  Progress (3): 1.7/6.3 MB | 193/490 kB | 110/243 kB
2026.06.24 22:19:58 INFO  Progress (3): 1.7/6.3 MB | 193/490 kB | 126/243 kB
2026.06.24 22:19:58 INFO  Progress (3): 1.7/6.3 MB | 193/490 kB | 126/243 kB
2026.06.24 22:19:58 INFO  Progress (3): 1.8/6.3 MB | 193/490 kB | 126/243 kB
2026.06.24 22:19:58 INFO  Progress (3): 1.8/6.3 MB | 193/490 kB | 142/243 kB
2026.06.24 22:19:58 INFO  Progress (3): 1.8/6.3 MB | 193/490 kB | 142/243 kB
2026.06.24 22:19:58 INFO  Progress (3): 1.8/6.3 MB | 193/490 kB | 142/243 kB
2026.06.24 22:19:58 INFO  Progress (3): 1.8/6.3 MB | 193/490 kB | 159/243 kB
2026.06.24 22:19:58 INFO  Progress (3): 1.8/6.3 MB | 193/490 kB | 159/243 kB
2026.06.24 22:19:58 INFO  Progress (3): 1.8/6.3 MB | 193/490 kB | 159/243 kB
2026.06.24 22:19:58 INFO  Progress (3): 1.8/6.3 MB | 193/490 kB | 159/243 kB
2026.06.24 22:19:58 INFO  Progress (3): 1.8/6.3 MB | 209/490 kB | 159/243 kB
2026.06.24 22:19:58 INFO  Progress (3): 1.9/6.3 MB | 209/490 kB | 159/243 kB
2026.06.24 22:19:58 INFO  Progress (3): 1.9/6.3 MB | 209/490 kB | 159/243 kB
2026.06.24 22:19:58 INFO  Progress (3): 1.9/6.3 MB | 209/490 kB | 159/243 kB
2026.06.24 22:19:58 INFO  Progress (3): 1.9/6.3 MB | 225/490 kB | 159/243 kB
2026.06.24 22:19:58 INFO  Progress (3): 1.9/6.3 MB | 225/490 kB | 159/243 kB
2026.06.24 22:19:58 INFO  Progress (3): 1.9/6.3 MB | 225/490 kB | 159/243 kB
2026.06.24 22:19:58 INFO  Progress (3): 1.9/6.3 MB | 225/490 kB | 159/243 kB
2026.06.24 22:19:58 INFO  Progress (3): 2.0/6.3 MB | 225/490 kB | 159/243 kB
2026.06.24 22:19:58 INFO  Progress (3): 2.0/6.3 MB | 225/490 kB | 175/243 kB
2026.06.24 22:19:58 INFO  Progress (3): 2.0/6.3 MB | 225/490 kB | 175/243 kB
2026.06.24 22:19:58 INFO  Progress (3): 2.0/6.3 MB | 225/490 kB | 192/243 kB
2026.06.24 22:19:58 INFO  Progress (3): 2.0/6.3 MB | 225/490 kB | 192/243 kB
2026.06.24 22:19:58 INFO  Progress (3): 2.0/6.3 MB | 242/490 kB | 192/243 kB
2026.06.24 22:19:58 INFO  Progress (3): 2.0/6.3 MB | 242/490 kB | 192/243 kB
2026.06.24 22:19:58 INFO  Progress (3): 2.0/6.3 MB | 242/490 kB | 192/243 kB
2026.06.24 22:19:58 INFO  Progress (3): 2.0/6.3 MB | 242/490 kB | 192/243 kB
2026.06.24 22:19:58 INFO  Progress (3): 2.1/6.3 MB | 242/490 kB | 192/243 kB
2026.06.24 22:19:58 INFO  Progress (3): 2.1/6.3 MB | 242/490 kB | 192/243 kB
2026.06.24 22:19:58 INFO  Progress (3): 2.1/6.3 MB | 242/490 kB | 192/243 kB
2026.06.24 22:19:58 INFO  Progress (3): 2.1/6.3 MB | 242/490 kB | 208/243 kB
2026.06.24 22:19:58 INFO  Progress (3): 2.1/6.3 MB | 242/490 kB | 208/243 kB
2026.06.24 22:19:58 INFO  Progress (3): 2.1/6.3 MB | 242/490 kB | 224/243 kB
2026.06.24 22:19:58 INFO  Progress (3): 2.1/6.3 MB | 242/490 kB | 224/243 kB
2026.06.24 22:19:58 INFO  Progress (3): 2.1/6.3 MB | 258/490 kB | 224/243 kB
2026.06.24 22:19:58 INFO  Progress (3): 2.1/6.3 MB | 258/490 kB | 224/243 kB
2026.06.24 22:19:58 INFO  Progress (3): 2.1/6.3 MB | 258/490 kB | 224/243 kB
2026.06.24 22:19:58 INFO  Progress (3): 2.2/6.3 MB | 258/490 kB | 224/243 kB
2026.06.24 22:19:58 INFO  Progress (3): 2.2/6.3 MB | 258/490 kB | 241/243 kB
2026.06.24 22:19:58 INFO  Progress (3): 2.2/6.3 MB | 258/490 kB | 241/243 kB
2026.06.24 22:19:58 INFO  Progress (3): 2.2/6.3 MB | 258/490 kB | 243 kB    
2026.06.24 22:19:58 INFO  Progress (3): 2.2/6.3 MB | 258/490 kB | 243 kB
2026.06.24 22:19:58 INFO  Progress (3): 2.2/6.3 MB | 258/490 kB | 243 kB
2026.06.24 22:19:58 INFO  Progress (3): 2.2/6.3 MB | 274/490 kB | 243 kB
2026.06.24 22:19:58 INFO                                                
2026.06.24 22:19:58 INFO  Downloaded from central: https://repo.maven.apache.org/maven2/org/scala-sbt/compiler-bridge_2.13/1.8.0/compiler-bridge_2.13-1.8.0.jar (243 kB at 1.2 MB/s)
2026.06.24 22:19:58 INFO  Downloading from central: https://repo.maven.apache.org/maven2/org/scala-sbt/compiler-interface/1.8.0/compiler-interface-1.8.0.jar
2026.06.24 22:19:58 INFO  Progress (2): 2.2/6.3 MB | 274/490 kB
2026.06.24 22:19:58 INFO  Progress (2): 2.2/6.3 MB | 274/490 kB
2026.06.24 22:19:58 INFO  Progress (2): 2.3/6.3 MB | 274/490 kB
2026.06.24 22:19:58 INFO  Progress (2): 2.3/6.3 MB | 274/490 kB
2026.06.24 22:19:58 INFO  Progress (2): 2.3/6.3 MB | 291/490 kB
2026.06.24 22:19:58 INFO  Progress (2): 2.3/6.3 MB | 291/490 kB
2026.06.24 22:19:58 INFO  Progress (2): 2.3/6.3 MB | 307/490 kB
2026.06.24 22:19:58 INFO  Progress (2): 2.3/6.3 MB | 307/490 kB
2026.06.24 22:19:58 INFO  Progress (2): 2.3/6.3 MB | 307/490 kB
2026.06.24 22:19:58 INFO  Progress (2): 2.3/6.3 MB | 324/490 kB
2026.06.24 22:19:58 INFO  Progress (2): 2.3/6.3 MB | 324/490 kB
2026.06.24 22:19:58 INFO  Progress (2): 2.3/6.3 MB | 324/490 kB
2026.06.24 22:19:58 INFO  Progress (2): 2.4/6.3 MB | 324/490 kB
2026.06.24 22:19:58 INFO  Progress (2): 2.4/6.3 MB | 340/490 kB
2026.06.24 22:19:58 INFO  Progress (2): 2.4/6.3 MB | 340/490 kB
2026.06.24 22:19:58 INFO  Progress (2): 2.4/6.3 MB | 340/490 kB
2026.06.24 22:19:58 INFO  Progress (2): 2.4/6.3 MB | 340/490 kB
2026.06.24 22:19:58 INFO  Progress (2): 2.4/6.3 MB | 340/490 kB
2026.06.24 22:19:58 INFO  Progress (2): 2.4/6.3 MB | 340/490 kB
2026.06.24 22:19:58 INFO  Progress (2): 2.5/6.3 MB | 340/490 kB
2026.06.24 22:19:58 INFO  Progress (2): 2.5/6.3 MB | 340/490 kB
2026.06.24 22:19:58 INFO  Progress (2): 2.5/6.3 MB | 340/490 kB
2026.06.24 22:19:58 INFO  Progress (2): 2.5/6.3 MB | 340/490 kB
2026.06.24 22:19:58 INFO  Progress (2): 2.5/6.3 MB | 340/490 kB
2026.06.24 22:19:58 INFO  Progress (2): 2.5/6.3 MB | 340/490 kB
2026.06.24 22:19:58 INFO  Progress (2): 2.6/6.3 MB | 340/490 kB
2026.06.24 22:19:58 INFO  Progress (2): 2.6/6.3 MB | 340/490 kB
2026.06.24 22:19:58 INFO  Progress (2): 2.6/6.3 MB | 340/490 kB
2026.06.24 22:19:58 INFO  Progress (2): 2.6/6.3 MB | 356/490 kB
2026.06.24 22:19:58 INFO  Progress (2): 2.6/6.3 MB | 356/490 kB
2026.06.24 22:19:58 INFO  Progress (2): 2.6/6.3 MB | 373/490 kB
2026.06.24 22:19:58 INFO  Progress (2): 2.6/6.3 MB | 373/490 kB
2026.06.24 22:19:58 INFO  Progress (2): 2.6/6.3 MB | 373/490 kB
2026.06.24 22:19:58 INFO  Progress (2): 2.6/6.3 MB | 373/490 kB
2026.06.24 22:19:58 INFO  Progress (2): 2.7/6.3 MB | 373/490 kB
2026.06.24 22:19:58 INFO  Progress (2): 2.7/6.3 MB | 373/490 kB
2026.06.24 22:19:58 INFO  Progress (2): 2.7/6.3 MB | 373/490 kB
2026.06.24 22:19:58 INFO  Progress (2): 2.7/6.3 MB | 389/490 kB
2026.06.24 22:19:58 INFO  Progress (2): 2.7/6.3 MB | 389/490 kB
2026.06.24 22:19:58 INFO  Progress (2): 2.7/6.3 MB | 389/490 kB
2026.06.24 22:19:58 INFO  Progress (2): 2.7/6.3 MB | 389/490 kB
2026.06.24 22:19:58 INFO  Progress (2): 2.7/6.3 MB | 406/490 kB
2026.06.24 22:19:58 INFO  Progress (2): 2.8/6.3 MB | 406/490 kB
2026.06.24 22:19:58 INFO  Progress (3): 2.8/6.3 MB | 406/490 kB | 7.7/89 kB
2026.06.24 22:19:58 INFO  Progress (3): 2.8/6.3 MB | 406/490 kB | 16/89 kB 
2026.06.24 22:19:58 INFO  Progress (3): 2.8/6.3 MB | 422/490 kB | 16/89 kB
2026.06.24 22:19:58 INFO  Progress (3): 2.8/6.3 MB | 422/490 kB | 16/89 kB
2026.06.24 22:19:58 INFO  Progress (3): 2.8/6.3 MB | 422/490 kB | 16/89 kB
2026.06.24 22:19:58 INFO  Progress (3): 2.8/6.3 MB | 422/490 kB | 16/89 kB
2026.06.24 22:19:58 INFO  Progress (3): 2.8/6.3 MB | 422/490 kB | 24/89 kB
2026.06.24 22:19:58 INFO  Progress (3): 2.8/6.3 MB | 422/490 kB | 24/89 kB
2026.06.24 22:19:58 INFO  Progress (3): 2.8/6.3 MB | 438/490 kB | 24/89 kB
2026.06.24 22:19:58 INFO  Progress (3): 2.8/6.3 MB | 438/490 kB | 40/89 kB
2026.06.24 22:19:58 INFO  Progress (3): 2.8/6.3 MB | 438/490 kB | 40/89 kB
2026.06.24 22:19:58 INFO  Progress (3): 2.8/6.3 MB | 455/490 kB | 40/89 kB
2026.06.24 22:19:58 INFO  Progress (3): 2.8/6.3 MB | 455/490 kB | 57/89 kB
2026.06.24 22:19:58 INFO  Progress (3): 2.9/6.3 MB | 455/490 kB | 57/89 kB
2026.06.24 22:19:58 INFO  Progress (3): 2.9/6.3 MB | 455/490 kB | 57/89 kB
2026.06.24 22:19:58 INFO  Progress (3): 2.9/6.3 MB | 455/490 kB | 73/89 kB
2026.06.24 22:19:58 INFO  Progress (3): 2.9/6.3 MB | 455/490 kB | 73/89 kB
2026.06.24 22:19:58 INFO  Progress (3): 2.9/6.3 MB | 455/490 kB | 73/89 kB
2026.06.24 22:19:58 INFO  Progress (3): 2.9/6.3 MB | 455/490 kB | 89 kB   
2026.06.24 22:19:58 INFO  Progress (3): 2.9/6.3 MB | 455/490 kB | 89 kB
2026.06.24 22:19:58 INFO                                               
2026.06.24 22:19:58 INFO  Downloaded from central: https://repo.maven.apache.org/maven2/org/scala-sbt/zinc-classpath_2.13/1.8.0/zinc-classpath_2.13-1.8.0.jar (89 kB at 409 kB/s)
2026.06.24 22:19:58 INFO  Downloading from central: https://repo.maven.apache.org/maven2/org/scala-sbt/util-interface/1.8.0/util-interface-1.8.0.jar
2026.06.24 22:19:58 INFO  Progress (2): 2.9/6.3 MB | 455/490 kB
2026.06.24 22:19:58 INFO  Progress (2): 2.9/6.3 MB | 471/490 kB
2026.06.24 22:19:58 INFO  Progress (2): 3.0/6.3 MB | 471/490 kB
2026.06.24 22:19:58 INFO  Progress (2): 3.0/6.3 MB | 487/490 kB
2026.06.24 22:19:58 INFO  Progress (2): 3.0/6.3 MB | 490 kB    
2026.06.24 22:19:58 INFO  Progress (2): 3.0/6.3 MB | 490 kB
2026.06.24 22:19:58 INFO  Progress (2): 3.0/6.3 MB | 490 kB
2026.06.24 22:19:58 INFO                                   
2026.06.24 22:19:58 INFO  Downloaded from central: https://repo.maven.apache.org/maven2/org/scala-sbt/zinc-core_2.13/1.8.0/zinc-core_2.13-1.8.0.jar (490 kB at 2.2 MB/s)
2026.06.24 22:19:58 INFO  Downloading from central: https://repo.maven.apache.org/maven2/org/scala-sbt/zinc-persist-core-assembly/1.8.0/zinc-persist-core-assembly-1.8.0.jar
2026.06.24 22:19:58 INFO  Progress (1): 3.0/6.3 MB
2026.06.24 22:19:58 INFO  Progress (1): 3.0/6.3 MB
2026.06.24 22:19:58 INFO  Progress (1): 3.0/6.3 MB
2026.06.24 22:19:58 INFO  Progress (1): 3.0/6.3 MB
2026.06.24 22:19:58 INFO  Progress (1): 3.1/6.3 MB
2026.06.24 22:19:58 INFO  Progress (1): 3.1/6.3 MB
2026.06.24 22:19:58 INFO  Progress (1): 3.1/6.3 MB
2026.06.24 22:19:58 INFO  Progress (1): 3.1/6.3 MB
2026.06.24 22:19:58 INFO  Progress (2): 3.1/6.3 MB | 0/12 MB
2026.06.24 22:19:58 INFO  Progress (2): 3.1/6.3 MB | 0/12 MB
2026.06.24 22:19:58 INFO  Progress (2): 3.1/6.3 MB | 0/12 MB
2026.06.24 22:19:58 INFO  Progress (2): 3.1/6.3 MB | 0/12 MB
2026.06.24 22:19:58 INFO  Progress (2): 3.1/6.3 MB | 0/12 MB
2026.06.24 22:19:58 INFO  Progress (2): 3.1/6.3 MB | 0/12 MB
2026.06.24 22:19:58 INFO  Progress (2): 3.2/6.3 MB | 0/12 MB
2026.06.24 22:19:58 INFO  Progress (2): 3.2/6.3 MB | 0.1/12 MB
2026.06.24 22:19:58 INFO  Progress (2): 3.2/6.3 MB | 0.1/12 MB
2026.06.24 22:19:58 INFO  Progress (2): 3.2/6.3 MB | 0.1/12 MB
2026.06.24 22:19:58 INFO  Progress (2): 3.2/6.3 MB | 0.1/12 MB
2026.06.24 22:19:58 INFO  Progress (2): 3.2/6.3 MB | 0.1/12 MB
2026.06.24 22:19:58 INFO  Progress (2): 3.2/6.3 MB | 0.1/12 MB
2026.06.24 22:19:58 INFO  Progress (2): 3.2/6.3 MB | 0.1/12 MB
2026.06.24 22:19:58 INFO  Progress (2): 3.2/6.3 MB | 0.1/12 MB
2026.06.24 22:19:58 INFO  Progress (2): 3.2/6.3 MB | 0.1/12 MB
2026.06.24 22:19:58 INFO  Progress (2): 3.2/6.3 MB | 0.1/12 MB
2026.06.24 22:19:58 INFO  Progress (2): 3.2/6.3 MB | 0.1/12 MB
2026.06.24 22:19:58 INFO  Progress (2): 3.3/6.3 MB | 0.1/12 MB
2026.06.24 22:19:58 INFO  Progress (2): 3.3/6.3 MB | 0.1/12 MB
2026.06.24 22:19:58 INFO  Progress (2): 3.3/6.3 MB | 0.1/12 MB
2026.06.24 22:19:58 INFO  Progress (2): 3.3/6.3 MB | 0.2/12 MB
2026.06.24 22:19:58 INFO  Progress (2): 3.3/6.3 MB | 0.2/12 MB
2026.06.24 22:19:58 INFO  Progress (2): 3.3/6.3 MB | 0.2/12 MB
2026.06.24 22:19:58 INFO  Progress (2): 3.3/6.3 MB | 0.2/12 MB
2026.06.24 22:19:58 INFO  Progress (2): 3.3/6.3 MB | 0.2/12 MB
2026.06.24 22:19:58 INFO  Progress (2): 3.3/6.3 MB | 0.2/12 MB
2026.06.24 22:19:58 INFO  Progress (2): 3.3/6.3 MB | 0.2/12 MB
2026.06.24 22:19:58 INFO  Progress (2): 3.3/6.3 MB | 0.2/12 MB
2026.06.24 22:19:58 INFO  Progress (2): 3.3/6.3 MB | 0.2/12 MB
2026.06.24 22:19:58 INFO  Progress (2): 3.3/6.3 MB | 0.2/12 MB
2026.06.24 22:19:58 INFO  Progress (2): 3.3/6.3 MB | 0.2/12 MB
2026.06.24 22:19:58 INFO  Progress (2): 3.4/6.3 MB | 0.2/12 MB
2026.06.24 22:19:58 INFO  Progress (2): 3.4/6.3 MB | 0.2/12 MB
2026.06.24 22:19:58 INFO  Progress (2): 3.4/6.3 MB | 0.2/12 MB
2026.06.24 22:19:58 INFO  Progress (2): 3.4/6.3 MB | 0.2/12 MB
2026.06.24 22:19:58 INFO  Progress (2): 3.4/6.3 MB | 0.2/12 MB
2026.06.24 22:19:58 INFO  Progress (2): 3.4/6.3 MB | 0.2/12 MB
2026.06.24 22:19:58 INFO  Progress (2): 3.4/6.3 MB | 0.3/12 MB
2026.06.24 22:19:58 INFO  Progress (2): 3.4/6.3 MB | 0.3/12 MB
2026.06.24 22:19:58 INFO  Progress (2): 3.4/6.3 MB | 0.3/12 MB
2026.06.24 22:19:58 INFO  Progress (2): 3.5/6.3 MB | 0.3/12 MB
2026.06.24 22:19:58 INFO  Progress (2): 3.5/6.3 MB | 0.3/12 MB
2026.06.24 22:19:58 INFO  Progress (2): 3.5/6.3 MB | 0.3/12 MB
2026.06.24 22:19:58 INFO  Progress (2): 3.5/6.3 MB | 0.3/12 MB
2026.06.24 22:19:58 INFO  Progress (2): 3.5/6.3 MB | 0.3/12 MB
2026.06.24 22:19:58 INFO  Progress (2): 3.5/6.3 MB | 0.3/12 MB
2026.06.24 22:19:58 INFO  Progress (2): 3.5/6.3 MB | 0.3/12 MB
2026.06.24 22:19:58 INFO  Progress (2): 3.5/6.3 MB | 0.3/12 MB
2026.06.24 22:19:58 INFO  Progress (2): 3.5/6.3 MB | 0.3/12 MB
2026.06.24 22:19:58 INFO  Progress (2): 3.5/6.3 MB | 0.4/12 MB
2026.06.24 22:19:58 INFO  Progress (2): 3.5/6.3 MB | 0.4/12 MB
2026.06.24 22:19:58 INFO  Progress (2): 3.6/6.3 MB | 0.4/12 MB
2026.06.24 22:19:58 INFO  Progress (2): 3.6/6.3 MB | 0.4/12 MB
2026.06.24 22:19:58 INFO  Progress (2): 3.6/6.3 MB | 0.4/12 MB
2026.06.24 22:19:58 INFO  Progress (2): 3.6/6.3 MB | 0.4/12 MB
2026.06.24 22:19:58 INFO  Progress (2): 3.6/6.3 MB | 0.4/12 MB
2026.06.24 22:19:58 INFO  Progress (2): 3.6/6.3 MB | 0.4/12 MB
2026.06.24 22:19:58 INFO  Progress (2): 3.6/6.3 MB | 0.4/12 MB
2026.06.24 22:19:58 INFO  Progress (2): 3.6/6.3 MB | 0.4/12 MB
2026.06.24 22:19:58 INFO  Progress (2): 3.6/6.3 MB | 0.4/12 MB
2026.06.24 22:19:58 INFO  Progress (2): 3.6/6.3 MB | 0.4/12 MB
2026.06.24 22:19:58 INFO  Progress (2): 3.6/6.3 MB | 0.4/12 MB
2026.06.24 22:19:58 INFO  Progress (2): 3.7/6.3 MB | 0.4/12 MB
2026.06.24 22:19:58 INFO  Progress (2): 3.7/6.3 MB | 0.5/12 MB
2026.06.24 22:19:58 INFO  Progress (2): 3.7/6.3 MB | 0.5/12 MB
2026.06.24 22:19:58 INFO  Progress (2): 3.7/6.3 MB | 0.5/12 MB
2026.06.24 22:19:58 INFO  Progress (2): 3.7/6.3 MB | 0.5/12 MB
2026.06.24 22:19:58 INFO  Progress (2): 3.7/6.3 MB | 0.5/12 MB
2026.06.24 22:19:58 INFO  Progress (2): 3.7/6.3 MB | 0.5/12 MB
2026.06.24 22:19:58 INFO  Progress (2): 3.7/6.3 MB | 0.5/12 MB
2026.06.24 22:19:58 INFO  Progress (2): 3.7/6.3 MB | 0.5/12 MB
2026.06.24 22:19:58 INFO  Progress (2): 3.8/6.3 MB | 0.5/12 MB
2026.06.24 22:19:58 INFO  Progress (2): 3.8/6.3 MB | 0.5/12 MB
2026.06.24 22:19:58 INFO  Progress (2): 3.8/6.3 MB | 0.5/12 MB
2026.06.24 22:19:58 INFO  Progress (2): 3.8/6.3 MB | 0.5/12 MB
2026.06.24 22:19:58 INFO  Progress (2): 3.8/6.3 MB | 0.5/12 MB
2026.06.24 22:19:58 INFO  Progress (2): 3.8/6.3 MB | 0.5/12 MB
2026.06.24 22:19:58 INFO  Progress (2): 3.8/6.3 MB | 0.5/12 MB
2026.06.24 22:19:58 INFO  Progress (2): 3.8/6.3 MB | 0.5/12 MB
2026.06.24 22:19:58 INFO  Progress (2): 3.8/6.3 MB | 0.5/12 MB
2026.06.24 22:19:58 INFO  Progress (2): 3.9/6.3 MB | 0.5/12 MB
2026.06.24 22:19:58 INFO  Progress (2): 3.9/6.3 MB | 0.5/12 MB
2026.06.24 22:19:58 INFO  Progress (2): 3.9/6.3 MB | 0.5/12 MB
2026.06.24 22:19:58 INFO  Progress (2): 3.9/6.3 MB | 0.5/12 MB
2026.06.24 22:19:58 INFO  Progress (2): 3.9/6.3 MB | 0.6/12 MB
2026.06.24 22:19:58 INFO  Progress (2): 3.9/6.3 MB | 0.6/12 MB
2026.06.24 22:19:58 INFO  Progress (2): 3.9/6.3 MB | 0.6/12 MB
2026.06.24 22:19:58 INFO  Progress (2): 3.9/6.3 MB | 0.6/12 MB
2026.06.24 22:19:58 INFO  Progress (2): 3.9/6.3 MB | 0.6/12 MB
2026.06.24 22:19:58 INFO  Progress (2): 3.9/6.3 MB | 0.6/12 MB
2026.06.24 22:19:58 INFO  Progress (2): 4.0/6.3 MB | 0.6/12 MB
2026.06.24 22:19:58 INFO  Progress (2): 4.0/6.3 MB | 0.6/12 MB
2026.06.24 22:19:58 INFO  Progress (2): 4.0/6.3 MB | 0.6/12 MB
2026.06.24 22:19:58 INFO  Progress (2): 4.0/6.3 MB | 0.6/12 MB
2026.06.24 22:19:58 INFO  Progress (2): 4.0/6.3 MB | 0.6/12 MB
2026.06.24 22:19:58 INFO  Progress (2): 4.0/6.3 MB | 0.6/12 MB
2026.06.24 22:19:58 INFO  Progress (2): 4.0/6.3 MB | 0.6/12 MB
2026.06.24 22:19:58 INFO  Progress (2): 4.0/6.3 MB | 0.7/12 MB
2026.06.24 22:19:58 INFO  Progress (2): 4.0/6.3 MB | 0.7/12 MB
2026.06.24 22:19:58 INFO  Progress (2): 4.0/6.3 MB | 0.7/12 MB
2026.06.24 22:19:58 INFO  Progress (2): 4.0/6.3 MB | 0.7/12 MB
2026.06.24 22:19:58 INFO  Progress (2): 4.0/6.3 MB | 0.7/12 MB
2026.06.24 22:19:58 INFO  Progress (2): 4.0/6.3 MB | 0.7/12 MB
2026.06.24 22:19:58 INFO  Progress (2): 4.0/6.3 MB | 0.7/12 MB
2026.06.24 22:19:58 INFO  Progress (2): 4.1/6.3 MB | 0.7/12 MB
2026.06.24 22:19:58 INFO  Progress (2): 4.1/6.3 MB | 0.7/12 MB
2026.06.24 22:19:58 INFO  Progress (2): 4.1/6.3 MB | 0.7/12 MB
2026.06.24 22:19:58 INFO  Progress (2): 4.1/6.3 MB | 0.7/12 MB
2026.06.24 22:19:58 INFO  Progress (2): 4.1/6.3 MB | 0.7/12 MB
2026.06.24 22:19:58 INFO  Progress (2): 4.1/6.3 MB | 0.8/12 MB
2026.06.24 22:19:58 INFO  Progress (2): 4.1/6.3 MB | 0.8/12 MB
2026.06.24 22:19:58 INFO  Progress (2): 4.1/6.3 MB | 0.8/12 MB
2026.06.24 22:19:58 INFO  Progress (2): 4.1/6.3 MB | 0.8/12 MB
2026.06.24 22:19:58 INFO  Progress (2): 4.1/6.3 MB | 0.8/12 MB
2026.06.24 22:19:58 INFO  Progress (2): 4.1/6.3 MB | 0.8/12 MB
2026.06.24 22:19:58 INFO  Progress (2): 4.2/6.3 MB | 0.8/12 MB
2026.06.24 22:19:58 INFO  Progress (2): 4.2/6.3 MB | 0.8/12 MB
2026.06.24 22:19:58 INFO  Progress (2): 4.2/6.3 MB | 0.8/12 MB
2026.06.24 22:19:58 INFO  Progress (2): 4.2/6.3 MB | 0.8/12 MB
2026.06.24 22:19:58 INFO  Progress (2): 4.2/6.3 MB | 0.8/12 MB
2026.06.24 22:19:58 INFO  Progress (2): 4.2/6.3 MB | 0.9/12 MB
2026.06.24 22:19:58 INFO  Progress (2): 4.2/6.3 MB | 0.9/12 MB
2026.06.24 22:19:58 INFO  Progress (2): 4.2/6.3 MB | 0.9/12 MB
2026.06.24 22:19:58 INFO  Progress (2): 4.2/6.3 MB | 0.9/12 MB
2026.06.24 22:19:58 INFO  Progress (2): 4.2/6.3 MB | 0.9/12 MB
2026.06.24 22:19:58 INFO  Progress (2): 4.2/6.3 MB | 0.9/12 MB
2026.06.24 22:19:58 INFO  Progress (2): 4.2/6.3 MB | 1.0/12 MB
2026.06.24 22:19:58 INFO  Progress (2): 4.2/6.3 MB | 1.0/12 MB
2026.06.24 22:19:58 INFO  Progress (2): 4.2/6.3 MB | 1.0/12 MB
2026.06.24 22:19:58 INFO  Progress (2): 4.2/6.3 MB | 1.0/12 MB
2026.06.24 22:19:58 INFO  Progress (2): 4.2/6.3 MB | 1.0/12 MB
2026.06.24 22:19:58 INFO  Progress (2): 4.2/6.3 MB | 1.0/12 MB
2026.06.24 22:19:58 INFO  Progress (2): 4.2/6.3 MB | 1.0/12 MB
2026.06.24 22:19:58 INFO  Progress (2): 4.2/6.3 MB | 1.0/12 MB
2026.06.24 22:19:58 INFO  Progress (2): 4.2/6.3 MB | 1.1/12 MB
2026.06.24 22:19:58 INFO  Progress (2): 4.2/6.3 MB | 1.1/12 MB
2026.06.24 22:19:58 INFO  Progress (2): 4.2/6.3 MB | 1.1/12 MB
2026.06.24 22:19:58 INFO  Progress (2): 4.2/6.3 MB | 1.1/12 MB
2026.06.24 22:19:58 INFO  Progress (2): 4.2/6.3 MB | 1.1/12 MB
2026.06.24 22:19:58 INFO  Progress (2): 4.2/6.3 MB | 1.1/12 MB
2026.06.24 22:19:58 INFO  Progress (2): 4.2/6.3 MB | 1.1/12 MB
2026.06.24 22:19:58 INFO  Progress (2): 4.2/6.3 MB | 1.2/12 MB
2026.06.24 22:19:58 INFO  Progress (2): 4.2/6.3 MB | 1.2/12 MB
2026.06.24 22:19:58 INFO  Progress (2): 4.2/6.3 MB | 1.2/12 MB
2026.06.24 22:19:58 INFO  Progress (2): 4.2/6.3 MB | 1.2/12 MB
2026.06.24 22:19:58 INFO  Progress (2): 4.2/6.3 MB | 1.2/12 MB
2026.06.24 22:19:58 INFO  Progress (2): 4.2/6.3 MB | 1.2/12 MB
2026.06.24 22:19:58 INFO  Progress (2): 4.2/6.3 MB | 1.2/12 MB
2026.06.24 22:19:58 INFO  Progress (2): 4.2/6.3 MB | 1.2/12 MB
2026.06.24 22:19:58 INFO  Progress (2): 4.2/6.3 MB | 1.2/12 MB
2026.06.24 22:19:58 INFO  Progress (2): 4.3/6.3 MB | 1.2/12 MB
2026.06.24 22:19:58 INFO  Progress (2): 4.3/6.3 MB | 1.2/12 MB
2026.06.24 22:19:58 INFO  Progress (2): 4.3/6.3 MB | 1.2/12 MB
2026.06.24 22:19:58 INFO  Progress (2): 4.3/6.3 MB | 1.3/12 MB
2026.06.24 22:19:58 INFO  Progress (2): 4.3/6.3 MB | 1.3/12 MB
2026.06.24 22:19:58 INFO  Progress (2): 4.3/6.3 MB | 1.3/12 MB
2026.06.24 22:19:58 INFO  Progress (2): 4.3/6.3 MB | 1.3/12 MB
2026.06.24 22:19:58 INFO  Progress (2): 4.3/6.3 MB | 1.3/12 MB
2026.06.24 22:19:58 INFO  Progress (2): 4.3/6.3 MB | 1.3/12 MB
2026.06.24 22:19:58 INFO  Progress (2): 4.3/6.3 MB | 1.3/12 MB
2026.06.24 22:19:58 INFO  Progress (3): 4.3/6.3 MB | 1.3/12 MB | 7.7/112 kB
2026.06.24 22:19:58 INFO  Progress (3): 4.3/6.3 MB | 1.3/12 MB | 11/112 kB 
2026.06.24 22:19:58 INFO  Progress (3): 4.3/6.3 MB | 1.3/12 MB | 11/112 kB
2026.06.24 22:19:58 INFO  Progress (3): 4.3/6.3 MB | 1.3/12 MB | 11/112 kB
2026.06.24 22:19:58 INFO  Progress (3): 4.3/6.3 MB | 1.3/12 MB | 28/112 kB
2026.06.24 22:19:58 INFO  Progress (4): 4.3/6.3 MB | 1.3/12 MB | 28/112 kB | 0/2.6 MB
2026.06.24 22:19:58 INFO  Progress (4): 4.3/6.3 MB | 1.3/12 MB | 28/112 kB | 0/2.6 MB
2026.06.24 22:19:58 INFO  Progress (4): 4.3/6.3 MB | 1.3/12 MB | 44/112 kB | 0/2.6 MB
2026.06.24 22:19:58 INFO  Progress (4): 4.3/6.3 MB | 1.3/12 MB | 44/112 kB | 0/2.6 MB
2026.06.24 22:19:58 INFO  Progress (4): 4.3/6.3 MB | 1.3/12 MB | 44/112 kB | 0/2.6 MB
2026.06.24 22:19:58 INFO  Progress (4): 4.4/6.3 MB | 1.3/12 MB | 44/112 kB | 0/2.6 MB
2026.06.24 22:19:58 INFO  Progress (5): 4.4/6.3 MB | 1.3/12 MB | 44/112 kB | 0/2.6 MB | 3.1/3.3 kB
2026.06.24 22:19:58 INFO  Progress (5): 4.4/6.3 MB | 1.3/12 MB | 44/112 kB | 0/2.6 MB | 3.3 kB    
2026.06.24 22:19:58 INFO  Progress (5): 4.4/6.3 MB | 1.3/12 MB | 61/112 kB | 0/2.6 MB | 3.3 kB
2026.06.24 22:19:58 INFO  Progress (5): 4.4/6.3 MB | 1.3/12 MB | 61/112 kB | 0/2.6 MB | 3.3 kB
2026.06.24 22:19:58 INFO  Progress (5): 4.4/6.3 MB | 1.4/12 MB | 61/112 kB | 0/2.6 MB | 3.3 kB
2026.06.24 22:19:58 INFO  Progress (5): 4.4/6.3 MB | 1.4/12 MB | 61/112 kB | 0/2.6 MB | 3.3 kB
2026.06.24 22:19:58 INFO  Progress (5): 4.4/6.3 MB | 1.4/12 MB | 77/112 kB | 0/2.6 MB | 3.3 kB
2026.06.24 22:19:58 INFO  Progress (5): 4.4/6.3 MB | 1.4/12 MB | 77/112 kB | 0/2.6 MB | 3.3 kB
2026.06.24 22:19:58 INFO  Progress (5): 4.4/6.3 MB | 1.4/12 MB | 77/112 kB | 0/2.6 MB | 3.3 kB
2026.06.24 22:19:58 INFO  Progress (5): 4.4/6.3 MB | 1.4/12 MB | 93/112 kB | 0/2.6 MB | 3.3 kB
2026.06.24 22:19:58 INFO  Progress (5): 4.4/6.3 MB | 1.4/12 MB | 93/112 kB | 0.1/2.6 MB | 3.3 kB
2026.06.24 22:19:58 INFO  Progress (5): 4.4/6.3 MB | 1.4/12 MB | 93/112 kB | 0.1/2.6 MB | 3.3 kB
2026.06.24 22:19:58 INFO  Progress (5): 4.4/6.3 MB | 1.4/12 MB | 93/112 kB | 0.1/2.6 MB | 3.3 kB
2026.06.24 22:19:58 INFO  Progress (5): 4.4/6.3 MB | 1.4/12 MB | 93/112 kB | 0.1/2.6 MB | 3.3 kB
2026.06.24 22:19:58 INFO  Progress (5): 4.4/6.3 MB | 1.4/12 MB | 93/112 kB | 0.1/2.6 MB | 3.3 kB
2026.06.24 22:19:58 INFO  Progress (5): 4.4/6.3 MB | 1.4/12 MB | 93/112 kB | 0.1/2.6 MB | 3.3 kB
2026.06.24 22:19:58 INFO                                                                        
2026.06.24 22:19:58 INFO  Downloaded from central: https://repo.maven.apache.org/maven2/org/scala-sbt/util-interface/1.8.0/util-interface-1.8.0.jar (3.3 kB at 13 kB/s)
2026.06.24 22:19:58 INFO  Progress (4): 4.4/6.3 MB | 1.4/12 MB | 110/112 kB | 0.1/2.6 MB
2026.06.24 22:19:58 INFO                                                                
2026.06.24 22:19:58 INFO  Downloading from central: https://repo.maven.apache.org/maven2/org/scala-lang/modules/scala-parallel-collections_2.13/0.2.0/scala-parallel-collections_2.13-0.2.0.jar
2026.06.24 22:19:58 INFO  Progress (4): 4.4/6.3 MB | 1.4/12 MB | 110/112 kB | 0.1/2.6 MB
2026.06.24 22:19:58 INFO  Progress (4): 4.4/6.3 MB | 1.4/12 MB | 110/112 kB | 0.1/2.6 MB
2026.06.24 22:19:58 INFO  Progress (4): 4.4/6.3 MB | 1.4/12 MB | 110/112 kB | 0.1/2.6 MB
2026.06.24 22:19:58 INFO  Progress (4): 4.5/6.3 MB | 1.4/12 MB | 110/112 kB | 0.1/2.6 MB
2026.06.24 22:19:58 INFO  Progress (4): 4.5/6.3 MB | 1.4/12 MB | 112 kB | 0.1/2.6 MB    
2026.06.24 22:19:58 INFO  Progress (4): 4.5/6.3 MB | 1.4/12 MB | 112 kB | 0.1/2.6 MB
2026.06.24 22:19:58 INFO  Progress (4): 4.5/6.3 MB | 1.4/12 MB | 112 kB | 0.1/2.6 MB
2026.06.24 22:19:58 INFO  Progress (4): 4.5/6.3 MB | 1.5/12 MB | 112 kB | 0.1/2.6 MB
2026.06.24 22:19:58 INFO  Progress (4): 4.5/6.3 MB | 1.5/12 MB | 112 kB | 0.1/2.6 MB
2026.06.24 22:19:58 INFO  Progress (4): 4.5/6.3 MB | 1.5/12 MB | 112 kB | 0.1/2.6 MB
2026.06.24 22:19:58 INFO  Progress (4): 4.5/6.3 MB | 1.5/12 MB | 112 kB | 0.1/2.6 MB
2026.06.24 22:19:58 INFO  Progress (4): 4.5/6.3 MB | 1.5/12 MB | 112 kB | 0.1/2.6 MB
2026.06.24 22:19:58 INFO  Progress (4): 4.5/6.3 MB | 1.5/12 MB | 112 kB | 0.1/2.6 MB
2026.06.24 22:19:58 INFO  Progress (4): 4.5/6.3 MB | 1.5/12 MB | 112 kB | 0.1/2.6 MB
2026.06.24 22:19:58 INFO  Progress (4): 4.5/6.3 MB | 1.5/12 MB | 112 kB | 0.1/2.6 MB
2026.06.24 22:19:58 INFO  Progress (4): 4.5/6.3 MB | 1.5/12 MB | 112 kB | 0.2/2.6 MB
2026.06.24 22:19:58 INFO  Progress (4): 4.5/6.3 MB | 1.5/12 MB | 112 kB | 0.2/2.6 MB
2026.06.24 22:19:58 INFO  Progress (4): 4.5/6.3 MB | 1.5/12 MB | 112 kB | 0.2/2.6 MB
2026.06.24 22:19:58 INFO  Progress (4): 4.5/6.3 MB | 1.5/12 MB | 112 kB | 0.2/2.6 MB
2026.06.24 22:19:58 INFO                                                            
2026.06.24 22:19:58 INFO  Downloaded from central: https://repo.maven.apache.org/maven2/org/scala-sbt/compiler-interface/1.8.0/compiler-interface-1.8.0.jar (112 kB at 451 kB/s)
2026.06.24 22:19:58 INFO  Downloading from central: https://repo.maven.apache.org/maven2/org/scala-sbt/io_2.13/1.8.0/io_2.13-1.8.0.jar
2026.06.24 22:19:58 INFO  Progress (3): 4.5/6.3 MB | 1.5/12 MB | 0.2/2.6 MB
2026.06.24 22:19:58 INFO  Progress (3): 4.5/6.3 MB | 1.5/12 MB | 0.2/2.6 MB
2026.06.24 22:19:58 INFO  Progress (3): 4.5/6.3 MB | 1.6/12 MB | 0.2/2.6 MB
2026.06.24 22:19:58 INFO  Progress (3): 4.5/6.3 MB | 1.6/12 MB | 0.2/2.6 MB
2026.06.24 22:19:58 INFO  Progress (3): 4.5/6.3 MB | 1.6/12 MB | 0.2/2.6 MB
2026.06.24 22:19:58 INFO  Progress (3): 4.5/6.3 MB | 1.6/12 MB | 0.2/2.6 MB
2026.06.24 22:19:58 INFO  Progress (3): 4.5/6.3 MB | 1.6/12 MB | 0.2/2.6 MB
2026.06.24 22:19:58 INFO  Progress (3): 4.5/6.3 MB | 1.6/12 MB | 0.2/2.6 MB
2026.06.24 22:19:58 INFO  Progress (3): 4.5/6.3 MB | 1.6/12 MB | 0.3/2.6 MB
2026.06.24 22:19:58 INFO  Progress (3): 4.5/6.3 MB | 1.6/12 MB | 0.3/2.6 MB
2026.06.24 22:19:58 INFO  Progress (3): 4.5/6.3 MB | 1.6/12 MB | 0.3/2.6 MB
2026.06.24 22:19:58 INFO  Progress (3): 4.5/6.3 MB | 1.6/12 MB | 0.3/2.6 MB
2026.06.24 22:19:58 INFO  Progress (3): 4.5/6.3 MB | 1.6/12 MB | 0.3/2.6 MB
2026.06.24 22:19:58 INFO  Progress (3): 4.5/6.3 MB | 1.6/12 MB | 0.3/2.6 MB
2026.06.24 22:19:58 INFO  Progress (3): 4.5/6.3 MB | 1.6/12 MB | 0.4/2.6 MB
2026.06.24 22:19:58 INFO  Progress (3): 4.5/6.3 MB | 1.6/12 MB | 0.4/2.6 MB
2026.06.24 22:19:58 INFO  Progress (3): 4.5/6.3 MB | 1.6/12 MB | 0.4/2.6 MB
2026.06.24 22:19:58 INFO  Progress (3): 4.5/6.3 MB | 1.6/12 MB | 0.4/2.6 MB
2026.06.24 22:19:58 INFO  Progress (3): 4.5/6.3 MB | 1.6/12 MB | 0.4/2.6 MB
2026.06.24 22:19:58 INFO  Progress (3): 4.5/6.3 MB | 1.6/12 MB | 0.4/2.6 MB
2026.06.24 22:19:58 INFO  Progress (3): 4.5/6.3 MB | 1.7/12 MB | 0.4/2.6 MB
2026.06.24 22:19:58 INFO  Progress (3): 4.5/6.3 MB | 1.7/12 MB | 0.4/2.6 MB
2026.06.24 22:19:58 INFO  Progress (3): 4.5/6.3 MB | 1.7/12 MB | 0.4/2.6 MB
2026.06.24 22:19:58 INFO  Progress (3): 4.5/6.3 MB | 1.7/12 MB | 0.4/2.6 MB
2026.06.24 22:19:58 INFO  Progress (3): 4.5/6.3 MB | 1.7/12 MB | 0.4/2.6 MB
2026.06.24 22:19:58 INFO  Progress (3): 4.5/6.3 MB | 1.7/12 MB | 0.4/2.6 MB
2026.06.24 22:19:58 INFO  Progress (3): 4.5/6.3 MB | 1.8/12 MB | 0.4/2.6 MB
2026.06.24 22:19:58 INFO  Progress (3): 4.5/6.3 MB | 1.8/12 MB | 0.4/2.6 MB
2026.06.24 22:19:58 INFO  Progress (3): 4.5/6.3 MB | 1.8/12 MB | 0.4/2.6 MB
2026.06.24 22:19:58 INFO  Progress (3): 4.5/6.3 MB | 1.8/12 MB | 0.4/2.6 MB
2026.06.24 22:19:58 INFO  Progress (3): 4.5/6.3 MB | 1.8/12 MB | 0.4/2.6 MB
2026.06.24 22:19:58 INFO  Progress (3): 4.5/6.3 MB | 1.8/12 MB | 0.4/2.6 MB
2026.06.24 22:19:58 INFO  Progress (3): 4.5/6.3 MB | 1.9/12 MB | 0.4/2.6 MB
2026.06.24 22:19:58 INFO  Progress (3): 4.5/6.3 MB | 1.9/12 MB | 0.4/2.6 MB
2026.06.24 22:19:58 INFO  Progress (3): 4.5/6.3 MB | 1.9/12 MB | 0.4/2.6 MB
2026.06.24 22:19:58 INFO  Progress (3): 4.5/6.3 MB | 1.9/12 MB | 0.4/2.6 MB
2026.06.24 22:19:58 INFO  Progress (3): 4.5/6.3 MB | 1.9/12 MB | 0.4/2.6 MB
2026.06.24 22:19:58 INFO  Progress (3): 4.5/6.3 MB | 1.9/12 MB | 0.4/2.6 MB
2026.06.24 22:19:58 INFO  Progress (3): 4.5/6.3 MB | 1.9/12 MB | 0.4/2.6 MB
2026.06.24 22:19:58 INFO  Progress (3): 4.5/6.3 MB | 1.9/12 MB | 0.4/2.6 MB
2026.06.24 22:19:58 INFO  Progress (3): 4.5/6.3 MB | 1.9/12 MB | 0.4/2.6 MB
2026.06.24 22:19:58 INFO  Progress (3): 4.5/6.3 MB | 1.9/12 MB | 0.5/2.6 MB
2026.06.24 22:19:58 INFO  Progress (3): 4.5/6.3 MB | 1.9/12 MB | 0.5/2.6 MB
2026.06.24 22:19:58 INFO  Progress (3): 4.5/6.3 MB | 1.9/12 MB | 0.5/2.6 MB
2026.06.24 22:19:58 INFO  Progress (3): 4.5/6.3 MB | 1.9/12 MB | 0.5/2.6 MB
2026.06.24 22:19:58 INFO  Progress (3): 4.5/6.3 MB | 1.9/12 MB | 0.5/2.6 MB
2026.06.24 22:19:58 INFO  Progress (3): 4.5/6.3 MB | 1.9/12 MB | 0.5/2.6 MB
2026.06.24 22:19:58 INFO  Progress (3): 4.5/6.3 MB | 1.9/12 MB | 0.5/2.6 MB
2026.06.24 22:19:58 INFO  Progress (3): 4.6/6.3 MB | 1.9/12 MB | 0.5/2.6 MB
2026.06.24 22:19:58 INFO  Progress (3): 4.6/6.3 MB | 1.9/12 MB | 0.5/2.6 MB
2026.06.24 22:19:58 INFO  Progress (3): 4.6/6.3 MB | 1.9/12 MB | 0.5/2.6 MB
2026.06.24 22:19:58 INFO  Progress (3): 4.6/6.3 MB | 1.9/12 MB | 0.5/2.6 MB
2026.06.24 22:19:58 INFO  Progress (3): 4.6/6.3 MB | 1.9/12 MB | 0.5/2.6 MB
2026.06.24 22:19:58 INFO  Progress (3): 4.6/6.3 MB | 1.9/12 MB | 0.5/2.6 MB
2026.06.24 22:19:58 INFO  Progress (3): 4.6/6.3 MB | 1.9/12 MB | 0.5/2.6 MB
2026.06.24 22:19:58 INFO  Progress (3): 4.6/6.3 MB | 2.0/12 MB | 0.5/2.6 MB
2026.06.24 22:19:58 INFO  Progress (3): 4.6/6.3 MB | 2.0/12 MB | 0.5/2.6 MB
2026.06.24 22:19:58 INFO  Progress (3): 4.6/6.3 MB | 2.0/12 MB | 0.5/2.6 MB
2026.06.24 22:19:58 INFO  Progress (3): 4.6/6.3 MB | 2.0/12 MB | 0.5/2.6 MB
2026.06.24 22:19:58 INFO  Progress (4): 4.6/6.3 MB | 2.0/12 MB | 0.5/2.6 MB | 7.7/636 kB
2026.06.24 22:19:58 INFO  Progress (4): 4.6/6.3 MB | 2.0/12 MB | 0.5/2.6 MB | 16/636 kB 
2026.06.24 22:19:58 INFO  Progress (4): 4.6/6.3 MB | 2.0/12 MB | 0.5/2.6 MB | 25/636 kB
2026.06.24 22:19:58 INFO  Progress (5): 4.6/6.3 MB | 2.0/12 MB | 0.5/2.6 MB | 25/636 kB | 0/1.1 MB
2026.06.24 22:19:58 INFO  Progress (5): 4.6/6.3 MB | 2.0/12 MB | 0.5/2.6 MB | 25/636 kB | 0/1.1 MB
2026.06.24 22:19:58 INFO  Progress (5): 4.6/6.3 MB | 2.0/12 MB | 0.5/2.6 MB | 25/636 kB | 0/1.1 MB
2026.06.24 22:19:58 INFO  Progress (5): 4.6/6.3 MB | 2.0/12 MB | 0.5/2.6 MB | 25/636 kB | 0/1.1 MB
2026.06.24 22:19:58 INFO  Progress (5): 4.6/6.3 MB | 2.0/12 MB | 0.5/2.6 MB | 25/636 kB | 0.1/1.1 MB
2026.06.24 22:19:58 INFO  Progress (5): 4.6/6.3 MB | 2.0/12 MB | 0.5/2.6 MB | 25/636 kB | 0.1/1.1 MB
2026.06.24 22:19:58 INFO  Progress (5): 4.6/6.3 MB | 2.0/12 MB | 0.5/2.6 MB | 25/636 kB | 0.1/1.1 MB
2026.06.24 22:19:58 INFO  Progress (5): 4.6/6.3 MB | 2.0/12 MB | 0.5/2.6 MB | 25/636 kB | 0.1/1.1 MB
2026.06.24 22:19:58 INFO  Progress (5): 4.6/6.3 MB | 2.0/12 MB | 0.5/2.6 MB | 25/636 kB | 0.1/1.1 MB
2026.06.24 22:19:58 INFO  Progress (5): 4.6/6.3 MB | 2.0/12 MB | 0.5/2.6 MB | 25/636 kB | 0.1/1.1 MB
2026.06.24 22:19:58 INFO  Progress (5): 4.6/6.3 MB | 2.0/12 MB | 0.5/2.6 MB | 25/636 kB | 0.1/1.1 MB
2026.06.24 22:19:58 INFO  Progress (5): 4.6/6.3 MB | 2.0/12 MB | 0.5/2.6 MB | 25/636 kB | 0.1/1.1 MB
2026.06.24 22:19:58 INFO  Progress (5): 4.6/6.3 MB | 2.0/12 MB | 0.5/2.6 MB | 25/636 kB | 0.1/1.1 MB
2026.06.24 22:19:58 INFO  Progress (5): 4.6/6.3 MB | 2.0/12 MB | 0.6/2.6 MB | 25/636 kB | 0.1/1.1 MB
2026.06.24 22:19:58 INFO  Progress (5): 4.6/6.3 MB | 2.0/12 MB | 0.6/2.6 MB | 25/636 kB | 0.1/1.1 MB
2026.06.24 22:19:58 INFO  Progress (5): 4.6/6.3 MB | 2.0/12 MB | 0.6/2.6 MB | 25/636 kB | 0.1/1.1 MB
2026.06.24 22:19:58 INFO  Progress (5): 4.6/6.3 MB | 2.0/12 MB | 0.6/2.6 MB | 25/636 kB | 0.2/1.1 MB
2026.06.24 22:19:58 INFO  Progress (5): 4.6/6.3 MB | 2.0/12 MB | 0.6/2.6 MB | 25/636 kB | 0.2/1.1 MB
2026.06.24 22:19:58 INFO  Progress (5): 4.6/6.3 MB | 2.0/12 MB | 0.6/2.6 MB | 25/636 kB | 0.2/1.1 MB
2026.06.24 22:19:58 INFO  Progress (5): 4.6/6.3 MB | 2.0/12 MB | 0.6/2.6 MB | 25/636 kB | 0.2/1.1 MB
2026.06.24 22:19:58 INFO  Progress (5): 4.6/6.3 MB | 2.0/12 MB | 0.6/2.6 MB | 25/636 kB | 0.2/1.1 MB
2026.06.24 22:19:58 INFO  Progress (5): 4.6/6.3 MB | 2.0/12 MB | 0.7/2.6 MB | 25/636 kB | 0.2/1.1 MB
2026.06.24 22:19:58 INFO  Progress (5): 4.6/6.3 MB | 2.0/12 MB | 0.7/2.6 MB | 25/636 kB | 0.2/1.1 MB
2026.06.24 22:19:58 INFO  Progress (5): 4.6/6.3 MB | 2.0/12 MB | 0.7/2.6 MB | 25/636 kB | 0.2/1.1 MB
2026.06.24 22:19:58 INFO  Progress (5): 4.6/6.3 MB | 2.0/12 MB | 0.7/2.6 MB | 25/636 kB | 0.2/1.1 MB
2026.06.24 22:19:58 INFO  Progress (5): 4.6/6.3 MB | 2.0/12 MB | 0.7/2.6 MB | 25/636 kB | 0.2/1.1 MB
2026.06.24 22:19:58 INFO  Progress (5): 4.6/6.3 MB | 2.0/12 MB | 0.7/2.6 MB | 25/636 kB | 0.2/1.1 MB
2026.06.24 22:19:58 INFO  Progress (5): 4.6/6.3 MB | 2.0/12 MB | 0.8/2.6 MB | 25/636 kB | 0.2/1.1 MB
2026.06.24 22:19:58 INFO  Progress (5): 4.7/6.3 MB | 2.0/12 MB | 0.8/2.6 MB | 25/636 kB | 0.2/1.1 MB
2026.06.24 22:19:58 INFO  Progress (5): 4.7/6.3 MB | 2.0/12 MB | 0.8/2.6 MB | 25/636 kB | 0.2/1.1 MB
2026.06.24 22:19:58 INFO  Progress (5): 4.7/6.3 MB | 2.0/12 MB | 0.8/2.6 MB | 25/636 kB | 0.2/1.1 MB
2026.06.24 22:19:58 INFO  Progress (5): 4.7/6.3 MB | 2.0/12 MB | 0.8/2.6 MB | 25/636 kB | 0.2/1.1 MB
2026.06.24 22:19:58 INFO  Progress (5): 4.7/6.3 MB | 2.0/12 MB | 0.8/2.6 MB | 25/636 kB | 0.2/1.1 MB
2026.06.24 22:19:58 INFO  Progress (5): 4.7/6.3 MB | 2.0/12 MB | 0.8/2.6 MB | 25/636 kB | 0.2/1.1 MB
2026.06.24 22:19:58 INFO  Progress (5): 4.8/6.3 MB | 2.0/12 MB | 0.8/2.6 MB | 25/636 kB | 0.2/1.1 MB
2026.06.24 22:19:58 INFO  Progress (5): 4.8/6.3 MB | 2.0/12 MB | 0.8/2.6 MB | 25/636 kB | 0.2/1.1 MB
2026.06.24 22:19:58 INFO  Progress (5): 4.8/6.3 MB | 2.0/12 MB | 0.8/2.6 MB | 25/636 kB | 0.2/1.1 MB
2026.06.24 22:19:58 INFO  Progress (5): 4.8/6.3 MB | 2.0/12 MB | 0.8/2.6 MB | 25/636 kB | 0.2/1.1 MB
2026.06.24 22:19:58 INFO  Progress (5): 4.8/6.3 MB | 2.0/12 MB | 0.8/2.6 MB | 25/636 kB | 0.2/1.1 MB
2026.06.24 22:19:58 INFO  Progress (5): 4.8/6.3 MB | 2.0/12 MB | 0.8/2.6 MB | 25/636 kB | 0.2/1.1 MB
2026.06.24 22:19:58 INFO  Progress (5): 4.8/6.3 MB | 2.0/12 MB | 0.8/2.6 MB | 25/636 kB | 0.2/1.1 MB
2026.06.24 22:19:58 INFO  Progress (5): 4.8/6.3 MB | 2.0/12 MB | 0.8/2.6 MB | 25/636 kB | 0.2/1.1 MB
2026.06.24 22:19:58 INFO  Progress (5): 4.8/6.3 MB | 2.0/12 MB | 0.8/2.6 MB | 25/636 kB | 0.2/1.1 MB
2026.06.24 22:19:58 INFO  Progress (5): 4.9/6.3 MB | 2.0/12 MB | 0.8/2.6 MB | 25/636 kB | 0.2/1.1 MB
2026.06.24 22:19:58 INFO  Progress (5): 4.9/6.3 MB | 2.0/12 MB | 0.8/2.6 MB | 25/636 kB | 0.2/1.1 MB
2026.06.24 22:19:58 INFO  Progress (5): 4.9/6.3 MB | 2.0/12 MB | 0.8/2.6 MB | 25/636 kB | 0.2/1.1 MB
2026.06.24 22:19:58 INFO  Progress (5): 4.9/6.3 MB | 2.0/12 MB | 0.8/2.6 MB | 25/636 kB | 0.2/1.1 MB
2026.06.24 22:19:58 INFO  Progress (5): 4.9/6.3 MB | 2.0/12 MB | 0.8/2.6 MB | 25/636 kB | 0.2/1.1 MB
2026.06.24 22:19:58 INFO  Progress (5): 4.9/6.3 MB | 2.0/12 MB | 0.8/2.6 MB | 25/636 kB | 0.2/1.1 MB
2026.06.24 22:19:58 INFO  Progress (5): 4.9/6.3 MB | 2.0/12 MB | 0.8/2.6 MB | 25/636 kB | 0.2/1.1 MB
2026.06.24 22:19:58 INFO  Progress (5): 4.9/6.3 MB | 2.0/12 MB | 0.8/2.6 MB | 25/636 kB | 0.2/1.1 MB
2026.06.24 22:19:58 INFO  Progress (5): 5.0/6.3 MB | 2.0/12 MB | 0.8/2.6 MB | 25/636 kB | 0.2/1.1 MB
2026.06.24 22:19:58 INFO  Progress (5): 5.0/6.3 MB | 2.0/12 MB | 0.8/2.6 MB | 25/636 kB | 0.2/1.1 MB
2026.06.24 22:19:58 INFO  Progress (5): 5.0/6.3 MB | 2.0/12 MB | 0.8/2.6 MB | 25/636 kB | 0.2/1.1 MB
2026.06.24 22:19:58 INFO  Progress (5): 5.0/6.3 MB | 2.0/12 MB | 0.8/2.6 MB | 25/636 kB | 0.2/1.1 MB
2026.06.24 22:19:58 INFO  Progress (5): 5.0/6.3 MB | 2.0/12 MB | 0.8/2.6 MB | 25/636 kB | 0.2/1.1 MB
2026.06.24 22:19:58 INFO  Progress (5): 5.0/6.3 MB | 2.0/12 MB | 0.8/2.6 MB | 25/636 kB | 0.2/1.1 MB
2026.06.24 22:19:58 INFO  Progress (5): 5.1/6.3 MB | 2.0/12 MB | 0.8/2.6 MB | 25/636 kB | 0.2/1.1 MB
2026.06.24 22:19:58 INFO  Progress (5): 5.1/6.3 MB | 2.0/12 MB | 0.8/2.6 MB | 25/636 kB | 0.2/1.1 MB
2026.06.24 22:19:58 INFO  Progress (5): 5.1/6.3 MB | 2.0/12 MB | 0.8/2.6 MB | 25/636 kB | 0.2/1.1 MB
2026.06.24 22:19:58 INFO  Progress (5): 5.1/6.3 MB | 2.0/12 MB | 0.8/2.6 MB | 25/636 kB | 0.2/1.1 MB
2026.06.24 22:19:58 INFO  Progress (5): 5.1/6.3 MB | 2.0/12 MB | 0.8/2.6 MB | 25/636 kB | 0.2/1.1 MB
2026.06.24 22:19:58 INFO  Progress (5): 5.1/6.3 MB | 2.0/12 MB | 0.8/2.6 MB | 25/636 kB | 0.2/1.1 MB
2026.06.24 22:19:58 INFO  Progress (5): 5.2/6.3 MB | 2.0/12 MB | 0.8/2.6 MB | 25/636 kB | 0.2/1.1 MB
2026.06.24 22:19:58 INFO  Progress (5): 5.2/6.3 MB | 2.0/12 MB | 0.8/2.6 MB | 25/636 kB | 0.2/1.1 MB
2026.06.24 22:19:58 INFO  Progress (5): 5.2/6.3 MB | 2.0/12 MB | 0.8/2.6 MB | 25/636 kB | 0.2/1.1 MB
2026.06.24 22:19:58 INFO  Progress (5): 5.2/6.3 MB | 2.0/12 MB | 0.8/2.6 MB | 25/636 kB | 0.2/1.1 MB
2026.06.24 22:19:58 INFO  Progress (5): 5.2/6.3 MB | 2.0/12 MB | 0.8/2.6 MB | 25/636 kB | 0.2/1.1 MB
2026.06.24 22:19:58 INFO  Progress (5): 5.2/6.3 MB | 2.0/12 MB | 0.8/2.6 MB | 25/636 kB | 0.2/1.1 MB
2026.06.24 22:19:58 INFO  Progress (5): 5.2/6.3 MB | 2.0/12 MB | 0.8/2.6 MB | 25/636 kB | 0.2/1.1 MB
2026.06.24 22:19:58 INFO  Progress (5): 5.3/6.3 MB | 2.0/12 MB | 0.8/2.6 MB | 25/636 kB | 0.2/1.1 MB
2026.06.24 22:19:58 INFO  Progress (5): 5.3/6.3 MB | 2.0/12 MB | 0.8/2.6 MB | 25/636 kB | 0.2/1.1 MB
2026.06.24 22:19:58 INFO  Progress (5): 5.3/6.3 MB | 2.0/12 MB | 0.8/2.6 MB | 25/636 kB | 0.2/1.1 MB
2026.06.24 22:19:58 INFO  Progress (5): 5.3/6.3 MB | 2.0/12 MB | 0.8/2.6 MB | 25/636 kB | 0.2/1.1 MB
2026.06.24 22:19:58 INFO  Progress (5): 5.3/6.3 MB | 2.0/12 MB | 0.8/2.6 MB | 25/636 kB | 0.2/1.1 MB
2026.06.24 22:19:58 INFO  Progress (5): 5.3/6.3 MB | 2.0/12 MB | 0.8/2.6 MB | 25/636 kB | 0.2/1.1 MB
2026.06.24 22:19:58 INFO  Progress (5): 5.4/6.3 MB | 2.0/12 MB | 0.8/2.6 MB | 25/636 kB | 0.2/1.1 MB
2026.06.24 22:19:58 INFO  Progress (5): 5.4/6.3 MB | 2.0/12 MB | 0.8/2.6 MB | 25/636 kB | 0.2/1.1 MB
2026.06.24 22:19:58 INFO  Progress (5): 5.4/6.3 MB | 2.0/12 MB | 0.8/2.6 MB | 25/636 kB | 0.2/1.1 MB
2026.06.24 22:19:58 INFO  Progress (5): 5.4/6.3 MB | 2.0/12 MB | 0.8/2.6 MB | 41/636 kB | 0.2/1.1 MB
2026.06.24 22:19:58 INFO  Progress (5): 5.4/6.3 MB | 2.0/12 MB | 0.8/2.6 MB | 41/636 kB | 0.2/1.1 MB
2026.06.24 22:19:58 INFO  Progress (5): 5.4/6.3 MB | 2.0/12 MB | 0.8/2.6 MB | 41/636 kB | 0.2/1.1 MB
2026.06.24 22:19:58 INFO  Progress (5): 5.4/6.3 MB | 2.0/12 MB | 0.8/2.6 MB | 41/636 kB | 0.2/1.1 MB
2026.06.24 22:19:58 INFO  Progress (5): 5.5/6.3 MB | 2.0/12 MB | 0.8/2.6 MB | 41/636 kB | 0.2/1.1 MB
2026.06.24 22:19:58 INFO  Progress (5): 5.5/6.3 MB | 2.0/12 MB | 0.8/2.6 MB | 41/636 kB | 0.2/1.1 MB
2026.06.24 22:19:58 INFO  Progress (5): 5.5/6.3 MB | 2.0/12 MB | 0.8/2.6 MB | 41/636 kB | 0.2/1.1 MB
2026.06.24 22:19:58 INFO  Progress (5): 5.5/6.3 MB | 2.0/12 MB | 0.8/2.6 MB | 41/636 kB | 0.2/1.1 MB
2026.06.24 22:19:58 INFO  Progress (5): 5.5/6.3 MB | 2.0/12 MB | 0.8/2.6 MB | 41/636 kB | 0.2/1.1 MB
2026.06.24 22:19:58 INFO  Progress (5): 5.5/6.3 MB | 2.0/12 MB | 0.8/2.6 MB | 41/636 kB | 0.2/1.1 MB
2026.06.24 22:19:58 INFO  Progress (5): 5.6/6.3 MB | 2.0/12 MB | 0.8/2.6 MB | 41/636 kB | 0.2/1.1 MB
2026.06.24 22:19:58 INFO  Progress (5): 5.6/6.3 MB | 2.0/12 MB | 0.8/2.6 MB | 41/636 kB | 0.2/1.1 MB
2026.06.24 22:19:58 INFO  Progress (5): 5.6/6.3 MB | 2.0/12 MB | 0.8/2.6 MB | 41/636 kB | 0.2/1.1 MB
2026.06.24 22:19:58 INFO  Progress (5): 5.6/6.3 MB | 2.0/12 MB | 0.8/2.6 MB | 41/636 kB | 0.2/1.1 MB
2026.06.24 22:19:58 INFO  Progress (5): 5.6/6.3 MB | 2.0/12 MB | 0.8/2.6 MB | 41/636 kB | 0.2/1.1 MB
2026.06.24 22:19:58 INFO  Progress (5): 5.6/6.3 MB | 2.0/12 MB | 0.8/2.6 MB | 41/636 kB | 0.2/1.1 MB
2026.06.24 22:19:58 INFO  Progress (5): 5.7/6.3 MB | 2.0/12 MB | 0.8/2.6 MB | 41/636 kB | 0.2/1.1 MB
2026.06.24 22:19:58 INFO  Progress (5): 5.7/6.3 MB | 2.0/12 MB | 0.8/2.6 MB | 41/636 kB | 0.2/1.1 MB
2026.06.24 22:19:58 INFO  Progress (5): 5.7/6.3 MB | 2.0/12 MB | 0.8/2.6 MB | 41/636 kB | 0.2/1.1 MB
2026.06.24 22:19:58 INFO  Progress (5): 5.7/6.3 MB | 2.0/12 MB | 0.8/2.6 MB | 41/636 kB | 0.2/1.1 MB
2026.06.24 22:19:58 INFO  Progress (5): 5.7/6.3 MB | 2.0/12 MB | 0.8/2.6 MB | 41/636 kB | 0.2/1.1 MB
2026.06.24 22:19:58 INFO  Progress (5): 5.7/6.3 MB | 2.0/12 MB | 0.8/2.6 MB | 41/636 kB | 0.2/1.1 MB
2026.06.24 22:19:58 INFO  Progress (5): 5.8/6.3 MB | 2.0/12 MB | 0.8/2.6 MB | 41/636 kB | 0.2/1.1 MB
2026.06.24 22:19:58 INFO  Progress (5): 5.8/6.3 MB | 2.0/12 MB | 0.8/2.6 MB | 41/636 kB | 0.2/1.1 MB
2026.06.24 22:19:58 INFO  Progress (5): 5.8/6.3 MB | 2.0/12 MB | 0.8/2.6 MB | 41/636 kB | 0.2/1.1 MB
2026.06.24 22:19:58 INFO  Progress (5): 5.8/6.3 MB | 2.0/12 MB | 0.8/2.6 MB | 41/636 kB | 0.2/1.1 MB
2026.06.24 22:19:58 INFO  Progress (5): 5.8/6.3 MB | 2.0/12 MB | 0.8/2.6 MB | 41/636 kB | 0.2/1.1 MB
2026.06.24 22:19:58 INFO  Progress (5): 5.8/6.3 MB | 2.0/12 MB | 0.8/2.6 MB | 41/636 kB | 0.2/1.1 MB
2026.06.24 22:19:58 INFO  Progress (5): 5.8/6.3 MB | 2.0/12 MB | 0.8/2.6 MB | 41/636 kB | 0.2/1.1 MB
2026.06.24 22:19:58 INFO  Progress (5): 5.9/6.3 MB | 2.0/12 MB | 0.8/2.6 MB | 41/636 kB | 0.2/1.1 MB
2026.06.24 22:19:58 INFO  Progress (5): 5.9/6.3 MB | 2.0/12 MB | 0.8/2.6 MB | 41/636 kB | 0.2/1.1 MB
2026.06.24 22:19:58 INFO  Progress (5): 5.9/6.3 MB | 2.0/12 MB | 0.8/2.6 MB | 41/636 kB | 0.2/1.1 MB
2026.06.24 22:19:58 INFO  Progress (5): 5.9/6.3 MB | 2.0/12 MB | 0.8/2.6 MB | 41/636 kB | 0.2/1.1 MB
2026.06.24 22:19:58 INFO  Progress (5): 5.9/6.3 MB | 2.0/12 MB | 0.8/2.6 MB | 41/636 kB | 0.2/1.1 MB
2026.06.24 22:19:58 INFO  Progress (5): 5.9/6.3 MB | 2.0/12 MB | 0.8/2.6 MB | 41/636 kB | 0.2/1.1 MB
2026.06.24 22:19:58 INFO  Progress (5): 6.0/6.3 MB | 2.0/12 MB | 0.8/2.6 MB | 41/636 kB | 0.2/1.1 MB
2026.06.24 22:19:58 INFO  Progress (5): 6.0/6.3 MB | 2.0/12 MB | 0.8/2.6 MB | 41/636 kB | 0.2/1.1 MB
2026.06.24 22:19:58 INFO  Progress (5): 6.0/6.3 MB | 2.0/12 MB | 0.8/2.6 MB | 41/636 kB | 0.2/1.1 MB
2026.06.24 22:19:58 INFO  Progress (5): 6.0/6.3 MB | 2.0/12 MB | 0.8/2.6 MB | 41/636 kB | 0.2/1.1 MB
2026.06.24 22:19:58 INFO  Progress (5): 6.0/6.3 MB | 2.0/12 MB | 0.8/2.6 MB | 41/636 kB | 0.2/1.1 MB
2026.06.24 22:19:58 INFO  Progress (5): 6.0/6.3 MB | 2.0/12 MB | 0.8/2.6 MB | 41/636 kB | 0.2/1.1 MB
2026.06.24 22:19:58 INFO  Progress (5): 6.1/6.3 MB | 2.0/12 MB | 0.8/2.6 MB | 41/636 kB | 0.2/1.1 MB
2026.06.24 22:19:58 INFO  Progress (5): 6.1/6.3 MB | 2.0/12 MB | 0.8/2.6 MB | 41/636 kB | 0.2/1.1 MB
2026.06.24 22:19:58 INFO  Progress (5): 6.1/6.3 MB | 2.0/12 MB | 0.8/2.6 MB | 41/636 kB | 0.2/1.1 MB
2026.06.24 22:19:58 INFO  Progress (5): 6.1/6.3 MB | 2.0/12 MB | 0.8/2.6 MB | 41/636 kB | 0.2/1.1 MB
2026.06.24 22:19:58 INFO  Progress (5): 6.1/6.3 MB | 2.0/12 MB | 0.8/2.6 MB | 41/636 kB | 0.2/1.1 MB
2026.06.24 22:19:58 INFO  Progress (5): 6.1/6.3 MB | 2.0/12 MB | 0.8/2.6 MB | 41/636 kB | 0.2/1.1 MB
2026.06.24 22:19:58 INFO  Progress (5): 6.2/6.3 MB | 2.0/12 MB | 0.8/2.6 MB | 41/636 kB | 0.2/1.1 MB
2026.06.24 22:19:58 INFO  Progress (5): 6.2/6.3 MB | 2.0/12 MB | 0.8/2.6 MB | 41/636 kB | 0.2/1.1 MB
2026.06.24 22:19:58 INFO  Progress (5): 6.2/6.3 MB | 2.0/12 MB | 0.8/2.6 MB | 41/636 kB | 0.2/1.1 MB
2026.06.24 22:19:58 INFO  Progress (5): 6.2/6.3 MB | 2.0/12 MB | 0.8/2.6 MB | 41/636 kB | 0.2/1.1 MB
2026.06.24 22:19:58 INFO  Progress (5): 6.2/6.3 MB | 2.0/12 MB | 0.8/2.6 MB | 41/636 kB | 0.2/1.1 MB
2026.06.24 22:19:58 INFO  Progress (5): 6.2/6.3 MB | 2.0/12 MB | 0.8/2.6 MB | 41/636 kB | 0.2/1.1 MB
2026.06.24 22:19:58 INFO  Progress (5): 6.2/6.3 MB | 2.0/12 MB | 0.8/2.6 MB | 41/636 kB | 0.2/1.1 MB
2026.06.24 22:19:58 INFO  Progress (5): 6.2/6.3 MB | 2.0/12 MB | 0.8/2.6 MB | 41/636 kB | 0.2/1.1 MB
2026.06.24 22:19:58 INFO  Progress (5): 6.2/6.3 MB | 2.0/12 MB | 0.8/2.6 MB | 41/636 kB | 0.2/1.1 MB
2026.06.24 22:19:58 INFO  Progress (5): 6.2/6.3 MB | 2.0/12 MB | 0.8/2.6 MB | 41/636 kB | 0.2/1.1 MB
2026.06.24 22:19:58 INFO  Progress (5): 6.2/6.3 MB | 2.0/12 MB | 0.8/2.6 MB | 41/636 kB | 0.2/1.1 MB
2026.06.24 22:19:58 INFO  Progress (5): 6.2/6.3 MB | 2.0/12 MB | 0.8/2.6 MB | 41/636 kB | 0.2/1.1 MB
2026.06.24 22:19:58 INFO  Progress (5): 6.2/6.3 MB | 2.0/12 MB | 0.8/2.6 MB | 41/636 kB | 0.3/1.1 MB
2026.06.24 22:19:58 INFO  Progress (5): 6.2/6.3 MB | 2.0/12 MB | 0.8/2.6 MB | 41/636 kB | 0.3/1.1 MB
2026.06.24 22:19:58 INFO  Progress (5): 6.3/6.3 MB | 2.0/12 MB | 0.8/2.6 MB | 41/636 kB | 0.3/1.1 MB
2026.06.24 22:19:58 INFO  Progress (5): 6.3/6.3 MB | 2.0/12 MB | 0.8/2.6 MB | 41/636 kB | 0.3/1.1 MB
2026.06.24 22:19:58 INFO  Progress (5): 6.3/6.3 MB | 2.0/12 MB | 0.8/2.6 MB | 41/636 kB | 0.3/1.1 MB
2026.06.24 22:19:58 INFO  Progress (5): 6.3/6.3 MB | 2.0/12 MB | 0.8/2.6 MB | 41/636 kB | 0.3/1.1 MB
2026.06.24 22:19:58 INFO  Progress (5): 6.3/6.3 MB | 2.0/12 MB | 0.8/2.6 MB | 41/636 kB | 0.3/1.1 MB
2026.06.24 22:19:58 INFO  Progress (5): 6.3/6.3 MB | 2.0/12 MB | 0.8/2.6 MB | 41/636 kB | 0.3/1.1 MB
2026.06.24 22:19:58 INFO  Progress (5): 6.3 MB | 2.0/12 MB | 0.8/2.6 MB | 41/636 kB | 0.3/1.1 MB    
2026.06.24 22:19:58 INFO  Progress (5): 6.3 MB | 2.0/12 MB | 0.8/2.6 MB | 41/636 kB | 0.3/1.1 MB
2026.06.24 22:19:58 INFO  Progress (5): 6.3 MB | 2.0/12 MB | 0.8/2.6 MB | 41/636 kB | 0.4/1.1 MB
2026.06.24 22:19:58 INFO  Progress (5): 6.3 MB | 2.0/12 MB | 0.8/2.6 MB | 41/636 kB | 0.4/1.1 MB
2026.06.24 22:19:58 INFO  Progress (5): 6.3 MB | 2.0/12 MB | 0.8/2.6 MB | 41/636 kB | 0.4/1.1 MB
2026.06.24 22:19:58 INFO  Progress (5): 6.3 MB | 2.0/12 MB | 0.8/2.6 MB | 41/636 kB | 0.4/1.1 MB
2026.06.24 22:19:58 INFO  Progress (5): 6.3 MB | 2.0/12 MB | 0.8/2.6 MB | 41/636 kB | 0.4/1.1 MB
2026.06.24 22:19:58 INFO  Progress (5): 6.3 MB | 2.0/12 MB | 0.8/2.6 MB | 41/636 kB | 0.4/1.1 MB
2026.06.24 22:19:58 INFO  Progress (5): 6.3 MB | 2.0/12 MB | 0.8/2.6 MB | 41/636 kB | 0.5/1.1 MB
2026.06.24 22:19:58 INFO  Progress (5): 6.3 MB | 2.0/12 MB | 0.8/2.6 MB | 41/636 kB | 0.5/1.1 MB
2026.06.24 22:19:58 INFO  Progress (5): 6.3 MB | 2.0/12 MB | 0.8/2.6 MB | 41/636 kB | 0.5/1.1 MB
2026.06.24 22:19:58 INFO  Progress (5): 6.3 MB | 2.0/12 MB | 0.8/2.6 MB | 41/636 kB | 0.5/1.1 MB
2026.06.24 22:19:58 INFO  Progress (5): 6.3 MB | 2.0/12 MB | 0.8/2.6 MB | 41/636 kB | 0.5/1.1 MB
2026.06.24 22:19:58 INFO  Progress (5): 6.3 MB | 2.0/12 MB | 0.8/2.6 MB | 41/636 kB | 0.5/1.1 MB
2026.06.24 22:19:58 INFO                                                                        
2026.06.24 22:19:58 INFO  Downloaded from central: https://repo.maven.apache.org/maven2/com/github/luben/zstd-jni/1.5.2-5/zstd-jni-1.5.2-5.jar (6.3 MB at 20 MB/s)
2026.06.24 22:19:58 INFO  Downloading from central: https://repo.maven.apache.org/maven2/com/swoval/file-tree-views/2.1.9/file-tree-views-2.1.9.jar
2026.06.24 22:19:58 INFO  Progress (4): 2.0/12 MB | 0.8/2.6 MB | 41/636 kB | 0.6/1.1 MB
2026.06.24 22:19:58 INFO  Progress (4): 2.0/12 MB | 0.8/2.6 MB | 57/636 kB | 0.6/1.1 MB
2026.06.24 22:19:58 INFO  Progress (4): 2.0/12 MB | 0.8/2.6 MB | 74/636 kB | 0.6/1.1 MB
2026.06.24 22:19:58 INFO  Progress (4): 2.0/12 MB | 0.8/2.6 MB | 90/636 kB | 0.6/1.1 MB
2026.06.24 22:19:58 INFO  Progress (4): 2.0/12 MB | 0.8/2.6 MB | 106/636 kB | 0.6/1.1 MB
2026.06.24 22:19:58 INFO  Progress (4): 2.0/12 MB | 0.8/2.6 MB | 123/636 kB | 0.6/1.1 MB
2026.06.24 22:19:58 INFO  Progress (4): 2.0/12 MB | 0.8/2.6 MB | 131/636 kB | 0.6/1.1 MB
2026.06.24 22:19:58 INFO  Progress (4): 2.0/12 MB | 0.8/2.6 MB | 147/636 kB | 0.6/1.1 MB
2026.06.24 22:19:58 INFO  Progress (4): 2.0/12 MB | 0.8/2.6 MB | 164/636 kB | 0.6/1.1 MB
2026.06.24 22:19:58 INFO  Progress (4): 2.0/12 MB | 0.8/2.6 MB | 180/636 kB | 0.6/1.1 MB
2026.06.24 22:19:58 INFO  Progress (4): 2.0/12 MB | 0.8/2.6 MB | 197/636 kB | 0.6/1.1 MB
2026.06.24 22:19:58 INFO  Progress (4): 2.0/12 MB | 0.8/2.6 MB | 213/636 kB | 0.6/1.1 MB
2026.06.24 22:19:58 INFO  Progress (4): 2.0/12 MB | 0.8/2.6 MB | 229/636 kB | 0.6/1.1 MB
2026.06.24 22:19:58 INFO  Progress (4): 2.0/12 MB | 0.8/2.6 MB | 246/636 kB | 0.6/1.1 MB
2026.06.24 22:19:58 INFO  Progress (4): 2.0/12 MB | 0.8/2.6 MB | 262/636 kB | 0.6/1.1 MB
2026.06.24 22:19:58 INFO  Progress (4): 2.0/12 MB | 0.8/2.6 MB | 279/636 kB | 0.6/1.1 MB
2026.06.24 22:19:58 INFO  Progress (4): 2.0/12 MB | 0.8/2.6 MB | 295/636 kB | 0.6/1.1 MB
2026.06.24 22:19:58 INFO  Progress (4): 2.0/12 MB | 0.8/2.6 MB | 311/636 kB | 0.6/1.1 MB
2026.06.24 22:19:58 INFO  Progress (4): 2.0/12 MB | 0.8/2.6 MB | 328/636 kB | 0.6/1.1 MB
2026.06.24 22:19:58 INFO  Progress (4): 2.0/12 MB | 0.8/2.6 MB | 344/636 kB | 0.6/1.1 MB
2026.06.24 22:19:58 INFO  Progress (4): 2.0/12 MB | 0.8/2.6 MB | 360/636 kB | 0.6/1.1 MB
2026.06.24 22:19:58 INFO  Progress (4): 2.0/12 MB | 0.8/2.6 MB | 377/636 kB | 0.6/1.1 MB
2026.06.24 22:19:58 INFO  Progress (4): 2.0/12 MB | 0.8/2.6 MB | 393/636 kB | 0.6/1.1 MB
2026.06.24 22:19:58 INFO  Progress (4): 2.0/12 MB | 0.8/2.6 MB | 410/636 kB | 0.6/1.1 MB
2026.06.24 22:19:58 INFO  Progress (4): 2.0/12 MB | 0.8/2.6 MB | 426/636 kB | 0.6/1.1 MB
2026.06.24 22:19:58 INFO  Progress (4): 2.0/12 MB | 0.8/2.6 MB | 442/636 kB | 0.6/1.1 MB
2026.06.24 22:19:58 INFO  Progress (4): 2.0/12 MB | 0.8/2.6 MB | 459/636 kB | 0.6/1.1 MB
2026.06.24 22:19:58 INFO  Progress (4): 2.0/12 MB | 0.8/2.6 MB | 475/636 kB | 0.6/1.1 MB
2026.06.24 22:19:58 INFO  Progress (4): 2.0/12 MB | 0.8/2.6 MB | 492/636 kB | 0.6/1.1 MB
2026.06.24 22:19:58 INFO  Progress (4): 2.0/12 MB | 0.8/2.6 MB | 508/636 kB | 0.6/1.1 MB
2026.06.24 22:19:58 INFO  Progress (4): 2.0/12 MB | 0.8/2.6 MB | 524/636 kB | 0.6/1.1 MB
2026.06.24 22:19:58 INFO  Progress (4): 2.0/12 MB | 0.8/2.6 MB | 541/636 kB | 0.6/1.1 MB
2026.06.24 22:19:58 INFO  Progress (4): 2.0/12 MB | 0.8/2.6 MB | 557/636 kB | 0.6/1.1 MB
2026.06.24 22:19:58 INFO  Progress (4): 2.0/12 MB | 0.8/2.6 MB | 573/636 kB | 0.6/1.1 MB
2026.06.24 22:19:58 INFO  Progress (4): 2.0/12 MB | 0.8/2.6 MB | 590/636 kB | 0.6/1.1 MB
2026.06.24 22:19:58 INFO  Progress (4): 2.0/12 MB | 0.8/2.6 MB | 606/636 kB | 0.6/1.1 MB
2026.06.24 22:19:58 INFO  Progress (4): 2.0/12 MB | 0.8/2.6 MB | 623/636 kB | 0.6/1.1 MB
2026.06.24 22:19:58 INFO  Progress (4): 2.0/12 MB | 0.8/2.6 MB | 636 kB | 0.6/1.1 MB    
2026.06.24 22:19:58 INFO                                                            
2026.06.24 22:19:58 INFO  Downloaded from central: https://repo.maven.apache.org/maven2/org/scala-sbt/io_2.13/1.8.0/io_2.13-1.8.0.jar (636 kB at 1.9 MB/s)
2026.06.24 22:19:58 INFO  Downloading from central: https://repo.maven.apache.org/maven2/net/java/dev/jna/jna/5.12.0/jna-5.12.0.jar
2026.06.24 22:19:58 INFO  Progress (3): 2.0/12 MB | 0.8/2.6 MB | 0.6/1.1 MB
2026.06.24 22:19:58 INFO  Progress (3): 2.0/12 MB | 0.8/2.6 MB | 0.6/1.1 MB
2026.06.24 22:19:58 INFO  Progress (3): 2.0/12 MB | 0.8/2.6 MB | 0.6/1.1 MB
2026.06.24 22:19:58 INFO  Progress (3): 2.0/12 MB | 0.8/2.6 MB | 0.6/1.1 MB
2026.06.24 22:19:58 INFO  Progress (3): 2.1/12 MB | 0.8/2.6 MB | 0.6/1.1 MB
2026.06.24 22:19:58 INFO  Progress (3): 2.1/12 MB | 0.8/2.6 MB | 0.6/1.1 MB
2026.06.24 22:19:58 INFO  Progress (3): 2.1/12 MB | 0.8/2.6 MB | 0.6/1.1 MB
2026.06.24 22:19:58 INFO  Progress (3): 2.1/12 MB | 0.8/2.6 MB | 0.6/1.1 MB
2026.06.24 22:19:58 INFO  Progress (3): 2.1/12 MB | 0.8/2.6 MB | 0.6/1.1 MB
2026.06.24 22:19:58 INFO  Progress (3): 2.1/12 MB | 0.8/2.6 MB | 0.6/1.1 MB
2026.06.24 22:19:58 INFO  Progress (3): 2.1/12 MB | 0.8/2.6 MB | 0.7/1.1 MB
2026.06.24 22:19:58 INFO  Progress (3): 2.1/12 MB | 0.8/2.6 MB | 0.7/1.1 MB
2026.06.24 22:19:58 INFO  Progress (3): 2.1/12 MB | 0.8/2.6 MB | 0.7/1.1 MB
2026.06.24 22:19:58 INFO  Progress (3): 2.2/12 MB | 0.8/2.6 MB | 0.7/1.1 MB
2026.06.24 22:19:58 INFO  Progress (3): 2.2/12 MB | 0.8/2.6 MB | 0.7/1.1 MB
2026.06.24 22:19:58 INFO  Progress (3): 2.2/12 MB | 0.8/2.6 MB | 0.7/1.1 MB
2026.06.24 22:19:58 INFO  Progress (3): 2.2/12 MB | 0.8/2.6 MB | 0.7/1.1 MB
2026.06.24 22:19:58 INFO  Progress (3): 2.2/12 MB | 0.8/2.6 MB | 0.7/1.1 MB
2026.06.24 22:19:58 INFO  Progress (3): 2.2/12 MB | 0.8/2.6 MB | 0.7/1.1 MB
2026.06.24 22:19:58 INFO  Progress (3): 2.2/12 MB | 0.8/2.6 MB | 0.7/1.1 MB
2026.06.24 22:19:58 INFO  Progress (3): 2.2/12 MB | 0.8/2.6 MB | 0.7/1.1 MB
2026.06.24 22:19:58 INFO  Progress (3): 2.2/12 MB | 0.8/2.6 MB | 0.7/1.1 MB
2026.06.24 22:19:58 INFO  Progress (3): 2.2/12 MB | 0.8/2.6 MB | 0.8/1.1 MB
2026.06.24 22:19:58 INFO  Progress (3): 2.2/12 MB | 0.8/2.6 MB | 0.8/1.1 MB
2026.06.24 22:19:58 INFO  Progress (3): 2.2/12 MB | 0.8/2.6 MB | 0.8/1.1 MB
2026.06.24 22:19:58 INFO  Progress (3): 2.3/12 MB | 0.8/2.6 MB | 0.8/1.1 MB
2026.06.24 22:19:58 INFO  Progress (3): 2.3/12 MB | 0.8/2.6 MB | 0.8/1.1 MB
2026.06.24 22:19:58 INFO  Progress (3): 2.3/12 MB | 0.8/2.6 MB | 0.8/1.1 MB
2026.06.24 22:19:58 INFO  Progress (3): 2.3/12 MB | 0.8/2.6 MB | 0.8/1.1 MB
2026.06.24 22:19:58 INFO  Progress (3): 2.3/12 MB | 0.8/2.6 MB | 0.8/1.1 MB
2026.06.24 22:19:58 INFO  Progress (3): 2.3/12 MB | 0.8/2.6 MB | 0.8/1.1 MB
2026.06.24 22:19:58 INFO  Progress (3): 2.3/12 MB | 0.8/2.6 MB | 0.8/1.1 MB
2026.06.24 22:19:58 INFO  Progress (3): 2.3/12 MB | 0.8/2.6 MB | 0.8/1.1 MB
2026.06.24 22:19:58 INFO  Progress (3): 2.3/12 MB | 0.8/2.6 MB | 0.8/1.1 MB
2026.06.24 22:19:58 INFO  Progress (3): 2.3/12 MB | 0.8/2.6 MB | 0.8/1.1 MB
2026.06.24 22:19:58 INFO  Progress (3): 2.4/12 MB | 0.8/2.6 MB | 0.8/1.1 MB
2026.06.24 22:19:58 INFO  Progress (3): 2.4/12 MB | 0.8/2.6 MB | 0.9/1.1 MB
2026.06.24 22:19:58 INFO  Progress (3): 2.4/12 MB | 0.8/2.6 MB | 0.9/1.1 MB
2026.06.24 22:19:58 INFO  Progress (3): 2.4/12 MB | 0.8/2.6 MB | 0.9/1.1 MB
2026.06.24 22:19:58 INFO  Progress (3): 2.4/12 MB | 0.8/2.6 MB | 0.9/1.1 MB
2026.06.24 22:19:58 INFO  Progress (3): 2.4/12 MB | 0.8/2.6 MB | 0.9/1.1 MB
2026.06.24 22:19:58 INFO  Progress (3): 2.4/12 MB | 0.8/2.6 MB | 0.9/1.1 MB
2026.06.24 22:19:58 INFO  Progress (3): 2.4/12 MB | 0.8/2.6 MB | 0.9/1.1 MB
2026.06.24 22:19:58 INFO  Progress (3): 2.4/12 MB | 0.8/2.6 MB | 0.9/1.1 MB
2026.06.24 22:19:58 INFO  Progress (3): 2.4/12 MB | 0.8/2.6 MB | 0.9/1.1 MB
2026.06.24 22:19:58 INFO  Progress (3): 2.4/12 MB | 0.8/2.6 MB | 0.9/1.1 MB
2026.06.24 22:19:58 INFO  Progress (3): 2.4/12 MB | 0.8/2.6 MB | 0.9/1.1 MB
2026.06.24 22:19:58 INFO  Progress (3): 2.5/12 MB | 0.8/2.6 MB | 0.9/1.1 MB
2026.06.24 22:19:58 INFO  Progress (3): 2.5/12 MB | 0.8/2.6 MB | 0.9/1.1 MB
2026.06.24 22:19:58 INFO  Progress (3): 2.5/12 MB | 0.8/2.6 MB | 1.0/1.1 MB
2026.06.24 22:19:58 INFO  Progress (3): 2.5/12 MB | 0.8/2.6 MB | 1.0/1.1 MB
2026.06.24 22:19:58 INFO  Progress (3): 2.5/12 MB | 0.8/2.6 MB | 1.0/1.1 MB
2026.06.24 22:19:58 INFO  Progress (3): 2.5/12 MB | 0.8/2.6 MB | 1.0/1.1 MB
2026.06.24 22:19:58 INFO  Progress (3): 2.5/12 MB | 0.8/2.6 MB | 1.0/1.1 MB
2026.06.24 22:19:58 INFO  Progress (3): 2.5/12 MB | 0.8/2.6 MB | 1.0/1.1 MB
2026.06.24 22:19:58 INFO  Progress (3): 2.5/12 MB | 0.8/2.6 MB | 1.0/1.1 MB
2026.06.24 22:19:58 INFO  Progress (3): 2.5/12 MB | 0.8/2.6 MB | 1.0/1.1 MB
2026.06.24 22:19:58 INFO  Progress (3): 2.5/12 MB | 0.8/2.6 MB | 1.0/1.1 MB
2026.06.24 22:19:58 INFO  Progress (3): 2.5/12 MB | 0.8/2.6 MB | 1.0/1.1 MB
2026.06.24 22:19:58 INFO  Progress (3): 2.6/12 MB | 0.8/2.6 MB | 1.0/1.1 MB
2026.06.24 22:19:58 INFO  Progress (3): 2.6/12 MB | 0.8/2.6 MB | 1.0/1.1 MB
2026.06.24 22:19:58 INFO  Progress (3): 2.6/12 MB | 0.8/2.6 MB | 1.0/1.1 MB
2026.06.24 22:19:58 INFO  Progress (3): 2.6/12 MB | 0.8/2.6 MB | 1.0/1.1 MB
2026.06.24 22:19:58 INFO  Progress (3): 2.6/12 MB | 0.8/2.6 MB | 1.0/1.1 MB
2026.06.24 22:19:58 INFO  Progress (3): 2.6/12 MB | 0.8/2.6 MB | 1.0/1.1 MB
2026.06.24 22:19:58 INFO  Progress (3): 2.7/12 MB | 0.8/2.6 MB | 1.0/1.1 MB
2026.06.24 22:19:58 INFO  Progress (3): 2.7/12 MB | 0.8/2.6 MB | 1.0/1.1 MB
2026.06.24 22:19:58 INFO  Progress (3): 2.7/12 MB | 0.8/2.6 MB | 1.0/1.1 MB
2026.06.24 22:19:58 INFO  Progress (3): 2.7/12 MB | 0.8/2.6 MB | 1.0/1.1 MB
2026.06.24 22:19:58 INFO  Progress (3): 2.7/12 MB | 0.8/2.6 MB | 1.0/1.1 MB
2026.06.24 22:19:58 INFO  Progress (3): 2.7/12 MB | 0.8/2.6 MB | 1.0/1.1 MB
2026.06.24 22:19:58 INFO  Progress (3): 2.8/12 MB | 0.8/2.6 MB | 1.0/1.1 MB
2026.06.24 22:19:58 INFO  Progress (3): 2.8/12 MB | 0.8/2.6 MB | 1.0/1.1 MB
2026.06.24 22:19:58 INFO  Progress (3): 2.8/12 MB | 0.8/2.6 MB | 1.0/1.1 MB
2026.06.24 22:19:58 INFO  Progress (3): 2.8/12 MB | 0.8/2.6 MB | 1.0/1.1 MB
2026.06.24 22:19:58 INFO  Progress (3): 2.8/12 MB | 0.8/2.6 MB | 1.0/1.1 MB
2026.06.24 22:19:58 INFO  Progress (3): 2.8/12 MB | 0.8/2.6 MB | 1.0/1.1 MB
2026.06.24 22:19:58 INFO  Progress (3): 2.9/12 MB | 0.8/2.6 MB | 1.0/1.1 MB
2026.06.24 22:19:58 INFO  Progress (3): 2.9/12 MB | 0.8/2.6 MB | 1.0/1.1 MB
2026.06.24 22:19:58 INFO  Progress (3): 2.9/12 MB | 0.8/2.6 MB | 1.0/1.1 MB
2026.06.24 22:19:58 INFO  Progress (3): 2.9/12 MB | 0.8/2.6 MB | 1.0/1.1 MB
2026.06.24 22:19:58 INFO  Progress (3): 2.9/12 MB | 0.8/2.6 MB | 1.0/1.1 MB
2026.06.24 22:19:58 INFO  Progress (3): 2.9/12 MB | 0.8/2.6 MB | 1.0/1.1 MB
2026.06.24 22:19:58 INFO  Progress (3): 2.9/12 MB | 0.8/2.6 MB | 1.0/1.1 MB
2026.06.24 22:19:58 INFO  Progress (3): 3.0/12 MB | 0.8/2.6 MB | 1.0/1.1 MB
2026.06.24 22:19:58 INFO  Progress (3): 3.0/12 MB | 0.8/2.6 MB | 1.0/1.1 MB
2026.06.24 22:19:58 INFO  Progress (3): 3.0/12 MB | 0.8/2.6 MB | 1.0/1.1 MB
2026.06.24 22:19:58 INFO  Progress (3): 3.0/12 MB | 0.8/2.6 MB | 1.0/1.1 MB
2026.06.24 22:19:58 INFO  Progress (3): 3.0/12 MB | 0.8/2.6 MB | 1.0/1.1 MB
2026.06.24 22:19:58 INFO  Progress (3): 3.0/12 MB | 0.8/2.6 MB | 1.0/1.1 MB
2026.06.24 22:19:58 INFO  Progress (3): 3.1/12 MB | 0.8/2.6 MB | 1.0/1.1 MB
2026.06.24 22:19:58 INFO  Progress (3): 3.1/12 MB | 0.8/2.6 MB | 1.0/1.1 MB
2026.06.24 22:19:58 INFO  Progress (3): 3.1/12 MB | 0.8/2.6 MB | 1.0/1.1 MB
2026.06.24 22:19:58 INFO  Progress (3): 3.1/12 MB | 0.8/2.6 MB | 1.0/1.1 MB
2026.06.24 22:19:58 INFO  Progress (3): 3.1/12 MB | 0.8/2.6 MB | 1.0/1.1 MB
2026.06.24 22:19:58 INFO  Progress (3): 3.1/12 MB | 0.8/2.6 MB | 1.0/1.1 MB
2026.06.24 22:19:58 INFO  Progress (3): 3.1/12 MB | 0.8/2.6 MB | 1.0/1.1 MB
2026.06.24 22:19:58 INFO  Progress (3): 3.1/12 MB | 0.8/2.6 MB | 1.0/1.1 MB
2026.06.24 22:19:58 INFO  Progress (3): 3.1/12 MB | 0.9/2.6 MB | 1.0/1.1 MB
2026.06.24 22:19:58 INFO  Progress (3): 3.1/12 MB | 0.9/2.6 MB | 1.0/1.1 MB
2026.06.24 22:19:58 INFO  Progress (3): 3.1/12 MB | 0.9/2.6 MB | 1.0/1.1 MB
2026.06.24 22:19:58 INFO  Progress (3): 3.1/12 MB | 0.9/2.6 MB | 1.0/1.1 MB
2026.06.24 22:19:58 INFO  Progress (3): 3.1/12 MB | 0.9/2.6 MB | 1.0/1.1 MB
2026.06.24 22:19:58 INFO  Progress (3): 3.2/12 MB | 0.9/2.6 MB | 1.0/1.1 MB
2026.06.24 22:19:58 INFO  Progress (3): 3.2/12 MB | 0.9/2.6 MB | 1.0/1.1 MB
2026.06.24 22:19:58 INFO  Progress (3): 3.2/12 MB | 0.9/2.6 MB | 1.0/1.1 MB
2026.06.24 22:19:58 INFO  Progress (3): 3.2/12 MB | 0.9/2.6 MB | 1.0/1.1 MB
2026.06.24 22:19:58 INFO  Progress (3): 3.2/12 MB | 0.9/2.6 MB | 1.0/1.1 MB
2026.06.24 22:19:58 INFO  Progress (3): 3.2/12 MB | 0.9/2.6 MB | 1.0/1.1 MB
2026.06.24 22:19:58 INFO  Progress (3): 3.2/12 MB | 0.9/2.6 MB | 1.0/1.1 MB
2026.06.24 22:19:58 INFO  Progress (3): 3.2/12 MB | 1.0/2.6 MB | 1.0/1.1 MB
2026.06.24 22:19:58 INFO  Progress (3): 3.2/12 MB | 1.0/2.6 MB | 1.0/1.1 MB
2026.06.24 22:19:58 INFO  Progress (3): 3.2/12 MB | 1.0/2.6 MB | 1.0/1.1 MB
2026.06.24 22:19:58 INFO  Progress (3): 3.2/12 MB | 1.0/2.6 MB | 1.0/1.1 MB
2026.06.24 22:19:58 INFO  Progress (3): 3.2/12 MB | 1.0/2.6 MB | 1.0/1.1 MB
2026.06.24 22:19:58 INFO  Progress (3): 3.2/12 MB | 1.0/2.6 MB | 1.0/1.1 MB
2026.06.24 22:19:58 INFO  Progress (3): 3.3/12 MB | 1.0/2.6 MB | 1.0/1.1 MB
2026.06.24 22:19:58 INFO  Progress (3): 3.3/12 MB | 1.0/2.6 MB | 1.0/1.1 MB
2026.06.24 22:19:58 INFO  Progress (3): 3.3/12 MB | 1.0/2.6 MB | 1.0/1.1 MB
2026.06.24 22:19:58 INFO  Progress (3): 3.3/12 MB | 1.0/2.6 MB | 1.0/1.1 MB
2026.06.24 22:19:58 INFO  Progress (3): 3.3/12 MB | 1.0/2.6 MB | 1.0/1.1 MB
2026.06.24 22:19:58 INFO  Progress (3): 3.3/12 MB | 1.0/2.6 MB | 1.0/1.1 MB
2026.06.24 22:19:58 INFO  Progress (3): 3.3/12 MB | 1.0/2.6 MB | 1.1/1.1 MB
2026.06.24 22:19:58 INFO  Progress (3): 3.3/12 MB | 1.1/2.6 MB | 1.1/1.1 MB
2026.06.24 22:19:58 INFO  Progress (3): 3.3/12 MB | 1.1/2.6 MB | 1.1/1.1 MB
2026.06.24 22:19:58 INFO  Progress (3): 3.3/12 MB | 1.1/2.6 MB | 1.1/1.1 MB
2026.06.24 22:19:58 INFO  Progress (3): 3.3/12 MB | 1.1/2.6 MB | 1.1/1.1 MB
2026.06.24 22:19:58 INFO  Progress (3): 3.3/12 MB | 1.1/2.6 MB | 1.1/1.1 MB
2026.06.24 22:19:58 INFO  Progress (3): 3.3/12 MB | 1.1/2.6 MB | 1.1/1.1 MB
2026.06.24 22:19:58 INFO  Progress (3): 3.3/12 MB | 1.1/2.6 MB | 1.1/1.1 MB
2026.06.24 22:19:58 INFO  Progress (3): 3.3/12 MB | 1.1/2.6 MB | 1.1/1.1 MB
2026.06.24 22:19:58 INFO  Progress (3): 3.3/12 MB | 1.1/2.6 MB | 1.1/1.1 MB
2026.06.24 22:19:58 INFO  Progress (3): 3.3/12 MB | 1.1/2.6 MB | 1.1/1.1 MB
2026.06.24 22:19:58 INFO  Progress (3): 3.3/12 MB | 1.1/2.6 MB | 1.1/1.1 MB
2026.06.24 22:19:58 INFO  Progress (3): 3.4/12 MB | 1.1/2.6 MB | 1.1/1.1 MB
2026.06.24 22:19:58 INFO  Progress (3): 3.4/12 MB | 1.1/2.6 MB | 1.1/1.1 MB
2026.06.24 22:19:58 INFO  Progress (3): 3.4/12 MB | 1.1/2.6 MB | 1.1 MB    
2026.06.24 22:19:58 INFO  Progress (3): 3.4/12 MB | 1.1/2.6 MB | 1.1 MB
2026.06.24 22:19:58 INFO  Progress (3): 3.4/12 MB | 1.1/2.6 MB | 1.1 MB
2026.06.24 22:19:58 INFO  Progress (3): 3.4/12 MB | 1.1/2.6 MB | 1.1 MB
2026.06.24 22:19:58 INFO  Progress (3): 3.4/12 MB | 1.2/2.6 MB | 1.1 MB
2026.06.24 22:19:58 INFO  Progress (3): 3.4/12 MB | 1.2/2.6 MB | 1.1 MB
2026.06.24 22:19:58 INFO  Progress (3): 3.4/12 MB | 1.2/2.6 MB | 1.1 MB
2026.06.24 22:19:58 INFO  Progress (3): 3.4/12 MB | 1.2/2.6 MB | 1.1 MB
2026.06.24 22:19:58 INFO  Progress (3): 3.4/12 MB | 1.2/2.6 MB | 1.1 MB
2026.06.24 22:19:58 INFO  Progress (3): 3.4/12 MB | 1.2/2.6 MB | 1.1 MB
2026.06.24 22:19:58 INFO  Progress (3): 3.4/12 MB | 1.2/2.6 MB | 1.1 MB
2026.06.24 22:19:58 INFO  Progress (3): 3.5/12 MB | 1.2/2.6 MB | 1.1 MB
2026.06.24 22:19:58 INFO  Progress (4): 3.5/12 MB | 1.2/2.6 MB | 1.1 MB | 7.7/229 kB
2026.06.24 22:19:58 INFO  Progress (4): 3.5/12 MB | 1.2/2.6 MB | 1.1 MB | 7.7/229 kB
2026.06.24 22:19:58 INFO  Progress (4): 3.5/12 MB | 1.2/2.6 MB | 1.1 MB | 7.7/229 kB
2026.06.24 22:19:58 INFO  Progress (4): 3.5/12 MB | 1.2/2.6 MB | 1.1 MB | 7.7/229 kB
2026.06.24 22:19:58 INFO                                                            
2026.06.24 22:19:58 INFO  Downloaded from central: https://repo.maven.apache.org/maven2/org/scala-lang/modules/scala-parallel-collections_2.13/0.2.0/scala-parallel-collections_2.13-0.2.0.jar (1.1 MB at 3.2 MB/s)
2026.06.24 22:19:58 INFO  Downloading from central: https://repo.maven.apache.org/maven2/net/java/dev/jna/jna-platform/5.12.0/jna-platform-5.12.0.jar
2026.06.24 22:19:58 INFO  Progress (3): 3.5/12 MB | 1.2/2.6 MB | 7.7/229 kB
2026.06.24 22:19:58 INFO  Progress (3): 3.5/12 MB | 1.2/2.6 MB | 7.7/229 kB
2026.06.24 22:19:58 INFO  Progress (3): 3.5/12 MB | 1.2/2.6 MB | 24/229 kB 
2026.06.24 22:19:58 INFO  Progress (3): 3.5/12 MB | 1.3/2.6 MB | 24/229 kB
2026.06.24 22:19:58 INFO  Progress (3): 3.5/12 MB | 1.3/2.6 MB | 24/229 kB
2026.06.24 22:19:58 INFO  Progress (3): 3.5/12 MB | 1.3/2.6 MB | 40/229 kB
2026.06.24 22:19:58 INFO  Progress (3): 3.5/12 MB | 1.3/2.6 MB | 40/229 kB
2026.06.24 22:19:58 INFO  Progress (3): 3.5/12 MB | 1.3/2.6 MB | 40/229 kB
2026.06.24 22:19:58 INFO  Progress (3): 3.5/12 MB | 1.3/2.6 MB | 57/229 kB
2026.06.24 22:19:58 INFO  Progress (3): 3.5/12 MB | 1.3/2.6 MB | 57/229 kB
2026.06.24 22:19:58 INFO  Progress (3): 3.5/12 MB | 1.3/2.6 MB | 57/229 kB
2026.06.24 22:19:58 INFO  Progress (3): 3.5/12 MB | 1.3/2.6 MB | 73/229 kB
2026.06.24 22:19:58 INFO  Progress (3): 3.6/12 MB | 1.3/2.6 MB | 73/229 kB
2026.06.24 22:19:58 INFO  Progress (3): 3.6/12 MB | 1.3/2.6 MB | 90/229 kB
2026.06.24 22:19:58 INFO  Progress (3): 3.6/12 MB | 1.3/2.6 MB | 90/229 kB
2026.06.24 22:19:58 INFO  Progress (3): 3.6/12 MB | 1.3/2.6 MB | 90/229 kB
2026.06.24 22:19:58 INFO  Progress (3): 3.6/12 MB | 1.3/2.6 MB | 90/229 kB
2026.06.24 22:19:58 INFO  Progress (3): 3.6/12 MB | 1.3/2.6 MB | 106/229 kB
2026.06.24 22:19:58 INFO  Progress (3): 3.6/12 MB | 1.3/2.6 MB | 106/229 kB
2026.06.24 22:19:58 INFO  Progress (3): 3.6/12 MB | 1.3/2.6 MB | 106/229 kB
2026.06.24 22:19:58 INFO  Progress (3): 3.6/12 MB | 1.3/2.6 MB | 122/229 kB
2026.06.24 22:19:58 INFO  Progress (3): 3.6/12 MB | 1.3/2.6 MB | 122/229 kB
2026.06.24 22:19:58 INFO  Progress (3): 3.6/12 MB | 1.3/2.6 MB | 122/229 kB
2026.06.24 22:19:58 INFO  Progress (3): 3.6/12 MB | 1.3/2.6 MB | 139/229 kB
2026.06.24 22:19:58 INFO  Progress (3): 3.6/12 MB | 1.4/2.6 MB | 139/229 kB
2026.06.24 22:19:58 INFO  Progress (3): 3.6/12 MB | 1.4/2.6 MB | 155/229 kB
2026.06.24 22:19:58 INFO  Progress (3): 3.6/12 MB | 1.4/2.6 MB | 155/229 kB
2026.06.24 22:19:58 INFO  Progress (3): 3.6/12 MB | 1.4/2.6 MB | 155/229 kB
2026.06.24 22:19:58 INFO  Progress (3): 3.6/12 MB | 1.4/2.6 MB | 172/229 kB
2026.06.24 22:19:58 INFO  Progress (3): 3.6/12 MB | 1.4/2.6 MB | 172/229 kB
2026.06.24 22:19:58 INFO  Progress (3): 3.7/12 MB | 1.4/2.6 MB | 172/229 kB
2026.06.24 22:19:58 INFO  Progress (3): 3.7/12 MB | 1.4/2.6 MB | 188/229 kB
2026.06.24 22:19:58 INFO  Progress (3): 3.7/12 MB | 1.4/2.6 MB | 188/229 kB
2026.06.24 22:19:58 INFO  Progress (3): 3.7/12 MB | 1.4/2.6 MB | 188/229 kB
2026.06.24 22:19:58 INFO  Progress (3): 3.7/12 MB | 1.4/2.6 MB | 204/229 kB
2026.06.24 22:19:58 INFO  Progress (3): 3.7/12 MB | 1.4/2.6 MB | 204/229 kB
2026.06.24 22:19:58 INFO  Progress (3): 3.7/12 MB | 1.4/2.6 MB | 221/229 kB
2026.06.24 22:19:58 INFO  Progress (3): 3.7/12 MB | 1.4/2.6 MB | 221/229 kB
2026.06.24 22:19:58 INFO  Progress (3): 3.7/12 MB | 1.4/2.6 MB | 221/229 kB
2026.06.24 22:19:58 INFO  Progress (3): 3.7/12 MB | 1.4/2.6 MB | 221/229 kB
2026.06.24 22:19:58 INFO  Progress (3): 3.7/12 MB | 1.4/2.6 MB | 221/229 kB
2026.06.24 22:19:58 INFO  Progress (3): 3.7/12 MB | 1.5/2.6 MB | 221/229 kB
2026.06.24 22:19:58 INFO  Progress (3): 3.7/12 MB | 1.5/2.6 MB | 229 kB    
2026.06.24 22:19:58 INFO  Progress (3): 3.7/12 MB | 1.5/2.6 MB | 229 kB
2026.06.24 22:19:58 INFO  Progress (3): 3.7/12 MB | 1.5/2.6 MB | 229 kB
2026.06.24 22:19:58 INFO  Progress (3): 3.8/12 MB | 1.5/2.6 MB | 229 kB
2026.06.24 22:19:58 INFO  Progress (3): 3.8/12 MB | 1.5/2.6 MB | 229 kB
2026.06.24 22:19:58 INFO  Progress (3): 3.8/12 MB | 1.5/2.6 MB | 229 kB
2026.06.24 22:19:58 INFO  Progress (3): 3.8/12 MB | 1.5/2.6 MB | 229 kB
2026.06.24 22:19:58 INFO  Progress (3): 3.8/12 MB | 1.5/2.6 MB | 229 kB
2026.06.24 22:19:58 INFO                                               
2026.06.24 22:19:58 INFO  Downloaded from central: https://repo.maven.apache.org/maven2/com/swoval/file-tree-views/2.1.9/file-tree-views-2.1.9.jar (229 kB at 646 kB/s)
2026.06.24 22:19:58 INFO  Downloading from central: https://repo.maven.apache.org/maven2/org/scala-sbt/util-logging_2.13/1.8.0/util-logging_2.13-1.8.0.jar
2026.06.24 22:19:58 INFO  Progress (2): 3.8/12 MB | 1.5/2.6 MB
2026.06.24 22:19:58 INFO  Progress (2): 3.8/12 MB | 1.5/2.6 MB
2026.06.24 22:19:58 INFO  Progress (2): 3.8/12 MB | 1.5/2.6 MB
2026.06.24 22:19:58 INFO  Progress (2): 3.8/12 MB | 1.6/2.6 MB
2026.06.24 22:19:58 INFO  Progress (2): 3.8/12 MB | 1.6/2.6 MB
2026.06.24 22:19:58 INFO  Progress (2): 3.8/12 MB | 1.6/2.6 MB
2026.06.24 22:19:58 INFO  Progress (2): 3.8/12 MB | 1.6/2.6 MB
2026.06.24 22:19:58 INFO  Progress (2): 3.8/12 MB | 1.6/2.6 MB
2026.06.24 22:19:58 INFO  Progress (2): 3.9/12 MB | 1.6/2.6 MB
2026.06.24 22:19:58 INFO  Progress (2): 3.9/12 MB | 1.6/2.6 MB
2026.06.24 22:19:58 INFO  Progress (2): 3.9/12 MB | 1.6/2.6 MB
2026.06.24 22:19:58 INFO  Progress (2): 3.9/12 MB | 1.6/2.6 MB
2026.06.24 22:19:58 INFO  Progress (2): 3.9/12 MB | 1.6/2.6 MB
2026.06.24 22:19:58 INFO  Progress (2): 3.9/12 MB | 1.6/2.6 MB
2026.06.24 22:19:58 INFO  Progress (2): 3.9/12 MB | 1.6/2.6 MB
2026.06.24 22:19:58 INFO  Progress (2): 3.9/12 MB | 1.7/2.6 MB
2026.06.24 22:19:58 INFO  Progress (2): 3.9/12 MB | 1.7/2.6 MB
2026.06.24 22:19:58 INFO  Progress (2): 3.9/12 MB | 1.7/2.6 MB
2026.06.24 22:19:58 INFO  Progress (2): 3.9/12 MB | 1.7/2.6 MB
2026.06.24 22:19:58 INFO  Progress (2): 3.9/12 MB | 1.7/2.6 MB
2026.06.24 22:19:58 INFO  Progress (2): 3.9/12 MB | 1.7/2.6 MB
2026.06.24 22:19:58 INFO  Progress (2): 3.9/12 MB | 1.7/2.6 MB
2026.06.24 22:19:58 INFO  Progress (2): 4.0/12 MB | 1.7/2.6 MB
2026.06.24 22:19:58 INFO  Progress (2): 4.0/12 MB | 1.7/2.6 MB
2026.06.24 22:19:58 INFO  Progress (2): 4.0/12 MB | 1.7/2.6 MB
2026.06.24 22:19:58 INFO  Progress (2): 4.0/12 MB | 1.7/2.6 MB
2026.06.24 22:19:58 INFO  Progress (2): 4.0/12 MB | 1.7/2.6 MB
2026.06.24 22:19:58 INFO  Progress (2): 4.0/12 MB | 1.8/2.6 MB
2026.06.24 22:19:58 INFO  Progress (2): 4.0/12 MB | 1.8/2.6 MB
2026.06.24 22:19:58 INFO  Progress (2): 4.0/12 MB | 1.8/2.6 MB
2026.06.24 22:19:58 INFO  Progress (2): 4.0/12 MB | 1.8/2.6 MB
2026.06.24 22:19:58 INFO  Progress (2): 4.0/12 MB | 1.8/2.6 MB
2026.06.24 22:19:58 INFO  Progress (2): 4.0/12 MB | 1.8/2.6 MB
2026.06.24 22:19:58 INFO  Progress (2): 4.0/12 MB | 1.8/2.6 MB
2026.06.24 22:19:58 INFO  Progress (2): 4.1/12 MB | 1.8/2.6 MB
2026.06.24 22:19:58 INFO  Progress (2): 4.1/12 MB | 1.8/2.6 MB
2026.06.24 22:19:58 INFO  Progress (2): 4.1/12 MB | 1.8/2.6 MB
2026.06.24 22:19:58 INFO  Progress (2): 4.1/12 MB | 1.8/2.6 MB
2026.06.24 22:19:58 INFO  Progress (2): 4.1/12 MB | 1.8/2.6 MB
2026.06.24 22:19:58 INFO  Progress (2): 4.1/12 MB | 1.8/2.6 MB
2026.06.24 22:19:58 INFO  Progress (2): 4.1/12 MB | 1.8/2.6 MB
2026.06.24 22:19:58 INFO  Progress (2): 4.1/12 MB | 1.9/2.6 MB
2026.06.24 22:19:58 INFO  Progress (2): 4.1/12 MB | 1.9/2.6 MB
2026.06.24 22:19:58 INFO  Progress (2): 4.1/12 MB | 1.9/2.6 MB
2026.06.24 22:19:58 INFO  Progress (2): 4.1/12 MB | 1.9/2.6 MB
2026.06.24 22:19:58 INFO  Progress (2): 4.1/12 MB | 1.9/2.6 MB
2026.06.24 22:19:58 INFO  Progress (2): 4.1/12 MB | 1.9/2.6 MB
2026.06.24 22:19:58 INFO  Progress (2): 4.1/12 MB | 1.9/2.6 MB
2026.06.24 22:19:58 INFO  Progress (2): 4.2/12 MB | 1.9/2.6 MB
2026.06.24 22:19:58 INFO  Progress (3): 4.2/12 MB | 1.9/2.6 MB | 0/1.9 MB
2026.06.24 22:19:58 INFO  Progress (3): 4.2/12 MB | 1.9/2.6 MB | 0/1.9 MB
2026.06.24 22:19:58 INFO  Progress (3): 4.2/12 MB | 1.9/2.6 MB | 0/1.9 MB
2026.06.24 22:19:58 INFO  Progress (3): 4.2/12 MB | 1.9/2.6 MB | 0/1.9 MB
2026.06.24 22:19:58 INFO  Progress (3): 4.2/12 MB | 1.9/2.6 MB | 0/1.9 MB
2026.06.24 22:19:58 INFO  Progress (3): 4.2/12 MB | 1.9/2.6 MB | 0/1.9 MB
2026.06.24 22:19:58 INFO  Progress (3): 4.2/12 MB | 1.9/2.6 MB | 0/1.9 MB
2026.06.24 22:19:58 INFO  Progress (3): 4.2/12 MB | 1.9/2.6 MB | 0/1.9 MB
2026.06.24 22:19:58 INFO  Progress (3): 4.2/12 MB | 1.9/2.6 MB | 0/1.9 MB
2026.06.24 22:19:58 INFO  Progress (3): 4.2/12 MB | 1.9/2.6 MB | 0/1.9 MB
2026.06.24 22:19:58 INFO  Progress (3): 4.2/12 MB | 2.0/2.6 MB | 0/1.9 MB
2026.06.24 22:19:58 INFO  Progress (3): 4.2/12 MB | 2.0/2.6 MB | 0/1.9 MB
2026.06.24 22:19:58 INFO  Progress (3): 4.2/12 MB | 2.0/2.6 MB | 0/1.9 MB
2026.06.24 22:19:58 INFO  Progress (3): 4.2/12 MB | 2.0/2.6 MB | 0/1.9 MB
2026.06.24 22:19:58 INFO  Progress (3): 4.2/12 MB | 2.0/2.6 MB | 0.1/1.9 MB
2026.06.24 22:19:58 INFO  Progress (3): 4.2/12 MB | 2.0/2.6 MB | 0.1/1.9 MB
2026.06.24 22:19:58 INFO  Progress (3): 4.2/12 MB | 2.0/2.6 MB | 0.1/1.9 MB
2026.06.24 22:19:58 INFO  Progress (3): 4.3/12 MB | 2.0/2.6 MB | 0.1/1.9 MB
2026.06.24 22:19:58 INFO  Progress (3): 4.3/12 MB | 2.0/2.6 MB | 0.1/1.9 MB
2026.06.24 22:19:58 INFO  Progress (3): 4.3/12 MB | 2.0/2.6 MB | 0.1/1.9 MB
2026.06.24 22:19:58 INFO  Progress (3): 4.3/12 MB | 2.1/2.6 MB | 0.1/1.9 MB
2026.06.24 22:19:58 INFO  Progress (3): 4.3/12 MB | 2.1/2.6 MB | 0.1/1.9 MB
2026.06.24 22:19:58 INFO  Progress (3): 4.3/12 MB | 2.1/2.6 MB | 0.1/1.9 MB
2026.06.24 22:19:58 INFO  Progress (3): 4.3/12 MB | 2.1/2.6 MB | 0.1/1.9 MB
2026.06.24 22:19:58 INFO  Progress (3): 4.3/12 MB | 2.1/2.6 MB | 0.1/1.9 MB
2026.06.24 22:19:58 INFO  Progress (3): 4.3/12 MB | 2.1/2.6 MB | 0.1/1.9 MB
2026.06.24 22:19:58 INFO  Progress (3): 4.3/12 MB | 2.1/2.6 MB | 0.1/1.9 MB
2026.06.24 22:19:58 INFO  Progress (3): 4.3/12 MB | 2.1/2.6 MB | 0.1/1.9 MB
2026.06.24 22:19:58 INFO  Progress (3): 4.3/12 MB | 2.1/2.6 MB | 0.1/1.9 MB
2026.06.24 22:19:58 INFO  Progress (3): 4.3/12 MB | 2.1/2.6 MB | 0.1/1.9 MB
2026.06.24 22:19:58 INFO  Progress (3): 4.3/12 MB | 2.1/2.6 MB | 0.1/1.9 MB
2026.06.24 22:19:58 INFO  Progress (3): 4.3/12 MB | 2.1/2.6 MB | 0.1/1.9 MB
2026.06.24 22:19:58 INFO  Progress (3): 4.3/12 MB | 2.1/2.6 MB | 0.1/1.9 MB
2026.06.24 22:19:58 INFO  Progress (3): 4.3/12 MB | 2.1/2.6 MB | 0.2/1.9 MB
2026.06.24 22:19:58 INFO  Progress (3): 4.3/12 MB | 2.1/2.6 MB | 0.2/1.9 MB
2026.06.24 22:19:58 INFO  Progress (3): 4.3/12 MB | 2.1/2.6 MB | 0.2/1.9 MB
2026.06.24 22:19:58 INFO  Progress (3): 4.3/12 MB | 2.2/2.6 MB | 0.2/1.9 MB
2026.06.24 22:19:58 INFO  Progress (3): 4.3/12 MB | 2.2/2.6 MB | 0.2/1.9 MB
2026.06.24 22:19:58 INFO  Progress (3): 4.3/12 MB | 2.2/2.6 MB | 0.2/1.9 MB
2026.06.24 22:19:58 INFO  Progress (3): 4.3/12 MB | 2.2/2.6 MB | 0.2/1.9 MB
2026.06.24 22:19:58 INFO  Progress (3): 4.3/12 MB | 2.2/2.6 MB | 0.2/1.9 MB
2026.06.24 22:19:58 INFO  Progress (3): 4.3/12 MB | 2.2/2.6 MB | 0.2/1.9 MB
2026.06.24 22:19:58 INFO  Progress (3): 4.3/12 MB | 2.2/2.6 MB | 0.2/1.9 MB
2026.06.24 22:19:58 INFO  Progress (3): 4.3/12 MB | 2.2/2.6 MB | 0.2/1.9 MB
2026.06.24 22:19:58 INFO  Progress (3): 4.3/12 MB | 2.2/2.6 MB | 0.2/1.9 MB
2026.06.24 22:19:58 INFO  Progress (3): 4.4/12 MB | 2.2/2.6 MB | 0.2/1.9 MB
2026.06.24 22:19:58 INFO  Progress (3): 4.4/12 MB | 2.2/2.6 MB | 0.2/1.9 MB
2026.06.24 22:19:58 INFO  Progress (3): 4.4/12 MB | 2.2/2.6 MB | 0.2/1.9 MB
2026.06.24 22:19:58 INFO  Progress (3): 4.4/12 MB | 2.2/2.6 MB | 0.2/1.9 MB
2026.06.24 22:19:58 INFO  Progress (3): 4.4/12 MB | 2.2/2.6 MB | 0.2/1.9 MB
2026.06.24 22:19:58 INFO  Progress (3): 4.4/12 MB | 2.2/2.6 MB | 0.2/1.9 MB
2026.06.24 22:19:58 INFO  Progress (3): 4.4/12 MB | 2.2/2.6 MB | 0.2/1.9 MB
2026.06.24 22:19:58 INFO  Progress (3): 4.4/12 MB | 2.2/2.6 MB | 0.3/1.9 MB
2026.06.24 22:19:58 INFO  Progress (3): 4.4/12 MB | 2.3/2.6 MB | 0.3/1.9 MB
2026.06.24 22:19:58 INFO  Progress (3): 4.4/12 MB | 2.3/2.6 MB | 0.3/1.9 MB
2026.06.24 22:19:58 INFO  Progress (3): 4.4/12 MB | 2.3/2.6 MB | 0.3/1.9 MB
2026.06.24 22:19:58 INFO  Progress (3): 4.4/12 MB | 2.3/2.6 MB | 0.3/1.9 MB
2026.06.24 22:19:58 INFO  Progress (3): 4.4/12 MB | 2.3/2.6 MB | 0.3/1.9 MB
2026.06.24 22:19:58 INFO  Progress (3): 4.4/12 MB | 2.3/2.6 MB | 0.3/1.9 MB
2026.06.24 22:19:58 INFO  Progress (3): 4.4/12 MB | 2.3/2.6 MB | 0.3/1.9 MB
2026.06.24 22:19:58 INFO  Progress (3): 4.4/12 MB | 2.3/2.6 MB | 0.3/1.9 MB
2026.06.24 22:19:58 INFO  Progress (3): 4.4/12 MB | 2.3/2.6 MB | 0.3/1.9 MB
2026.06.24 22:19:58 INFO  Progress (3): 4.5/12 MB | 2.3/2.6 MB | 0.3/1.9 MB
2026.06.24 22:19:58 INFO  Progress (3): 4.5/12 MB | 2.3/2.6 MB | 0.3/1.9 MB
2026.06.24 22:19:58 INFO  Progress (3): 4.5/12 MB | 2.3/2.6 MB | 0.3/1.9 MB
2026.06.24 22:19:58 INFO  Progress (3): 4.5/12 MB | 2.3/2.6 MB | 0.3/1.9 MB
2026.06.24 22:19:58 INFO  Progress (3): 4.5/12 MB | 2.3/2.6 MB | 0.3/1.9 MB
2026.06.24 22:19:58 INFO  Progress (3): 4.5/12 MB | 2.3/2.6 MB | 0.3/1.9 MB
2026.06.24 22:19:58 INFO  Progress (3): 4.5/12 MB | 2.3/2.6 MB | 0.3/1.9 MB
2026.06.24 22:19:58 INFO  Progress (3): 4.5/12 MB | 2.3/2.6 MB | 0.3/1.9 MB
2026.06.24 22:19:58 INFO  Progress (3): 4.5/12 MB | 2.3/2.6 MB | 0.3/1.9 MB
2026.06.24 22:19:58 INFO  Progress (3): 4.5/12 MB | 2.4/2.6 MB | 0.3/1.9 MB
2026.06.24 22:19:58 INFO  Progress (3): 4.5/12 MB | 2.4/2.6 MB | 0.3/1.9 MB
2026.06.24 22:19:58 INFO  Progress (3): 4.5/12 MB | 2.4/2.6 MB | 0.4/1.9 MB
2026.06.24 22:19:58 INFO  Progress (3): 4.5/12 MB | 2.4/2.6 MB | 0.4/1.9 MB
2026.06.24 22:19:58 INFO  Progress (3): 4.5/12 MB | 2.4/2.6 MB | 0.4/1.9 MB
2026.06.24 22:19:58 INFO  Progress (3): 4.5/12 MB | 2.4/2.6 MB | 0.4/1.9 MB
2026.06.24 22:19:58 INFO  Progress (3): 4.5/12 MB | 2.4/2.6 MB | 0.4/1.9 MB
2026.06.24 22:19:58 INFO  Progress (3): 4.5/12 MB | 2.4/2.6 MB | 0.4/1.9 MB
2026.06.24 22:19:58 INFO  Progress (3): 4.6/12 MB | 2.4/2.6 MB | 0.4/1.9 MB
2026.06.24 22:19:58 INFO  Progress (3): 4.6/12 MB | 2.4/2.6 MB | 0.4/1.9 MB
2026.06.24 22:19:58 INFO  Progress (3): 4.6/12 MB | 2.4/2.6 MB | 0.4/1.9 MB
2026.06.24 22:19:58 INFO  Progress (3): 4.6/12 MB | 2.4/2.6 MB | 0.4/1.9 MB
2026.06.24 22:19:58 INFO  Progress (3): 4.6/12 MB | 2.4/2.6 MB | 0.4/1.9 MB
2026.06.24 22:19:58 INFO  Progress (3): 4.6/12 MB | 2.4/2.6 MB | 0.4/1.9 MB
2026.06.24 22:19:58 INFO  Progress (3): 4.6/12 MB | 2.4/2.6 MB | 0.4/1.9 MB
2026.06.24 22:19:58 INFO  Progress (3): 4.6/12 MB | 2.4/2.6 MB | 0.4/1.9 MB
2026.06.24 22:19:58 INFO  Progress (3): 4.6/12 MB | 2.4/2.6 MB | 0.4/1.9 MB
2026.06.24 22:19:58 INFO  Progress (3): 4.6/12 MB | 2.4/2.6 MB | 0.4/1.9 MB
2026.06.24 22:19:58 INFO  Progress (3): 4.6/12 MB | 2.4/2.6 MB | 0.4/1.9 MB
2026.06.24 22:19:58 INFO  Progress (3): 4.6/12 MB | 2.4/2.6 MB | 0.5/1.9 MB
2026.06.24 22:19:58 INFO  Progress (3): 4.6/12 MB | 2.4/2.6 MB | 0.5/1.9 MB
2026.06.24 22:19:58 INFO  Progress (3): 4.6/12 MB | 2.5/2.6 MB | 0.5/1.9 MB
2026.06.24 22:19:58 INFO  Progress (3): 4.6/12 MB | 2.5/2.6 MB | 0.5/1.9 MB
2026.06.24 22:19:58 INFO  Progress (3): 4.6/12 MB | 2.5/2.6 MB | 0.5/1.9 MB
2026.06.24 22:19:58 INFO  Progress (3): 4.6/12 MB | 2.5/2.6 MB | 0.5/1.9 MB
2026.06.24 22:19:58 INFO  Progress (3): 4.6/12 MB | 2.5/2.6 MB | 0.5/1.9 MB
2026.06.24 22:19:58 INFO  Progress (3): 4.7/12 MB | 2.5/2.6 MB | 0.5/1.9 MB
2026.06.24 22:19:58 INFO  Progress (3): 4.7/12 MB | 2.5/2.6 MB | 0.5/1.9 MB
2026.06.24 22:19:58 INFO  Progress (3): 4.7/12 MB | 2.5/2.6 MB | 0.5/1.9 MB
2026.06.24 22:19:58 INFO  Progress (3): 4.7/12 MB | 2.5/2.6 MB | 0.5/1.9 MB
2026.06.24 22:19:58 INFO  Progress (3): 4.7/12 MB | 2.5/2.6 MB | 0.5/1.9 MB
2026.06.24 22:19:58 INFO  Progress (3): 4.7/12 MB | 2.5/2.6 MB | 0.5/1.9 MB
2026.06.24 22:19:58 INFO  Progress (3): 4.7/12 MB | 2.5/2.6 MB | 0.5/1.9 MB
2026.06.24 22:19:58 INFO  Progress (3): 4.7/12 MB | 2.5/2.6 MB | 0.5/1.9 MB
2026.06.24 22:19:58 INFO  Progress (3): 4.7/12 MB | 2.5/2.6 MB | 0.5/1.9 MB
2026.06.24 22:19:58 INFO  Progress (3): 4.7/12 MB | 2.5/2.6 MB | 0.5/1.9 MB
2026.06.24 22:19:58 INFO  Progress (3): 4.7/12 MB | 2.5/2.6 MB | 0.6/1.9 MB
2026.06.24 22:19:58 INFO  Progress (3): 4.7/12 MB | 2.5/2.6 MB | 0.6/1.9 MB
2026.06.24 22:19:58 INFO  Progress (3): 4.7/12 MB | 2.5/2.6 MB | 0.6/1.9 MB
2026.06.24 22:19:58 INFO  Progress (3): 4.7/12 MB | 2.5/2.6 MB | 0.6/1.9 MB
2026.06.24 22:19:58 INFO  Progress (3): 4.7/12 MB | 2.5/2.6 MB | 0.6/1.9 MB
2026.06.24 22:19:58 INFO  Progress (3): 4.7/12 MB | 2.5/2.6 MB | 0.6/1.9 MB
2026.06.24 22:19:58 INFO  Progress (3): 4.8/12 MB | 2.5/2.6 MB | 0.6/1.9 MB
2026.06.24 22:19:58 INFO  Progress (3): 4.8/12 MB | 2.5/2.6 MB | 0.6/1.9 MB
2026.06.24 22:19:58 INFO  Progress (3): 4.8/12 MB | 2.5/2.6 MB | 0.6/1.9 MB
2026.06.24 22:19:58 INFO  Progress (3): 4.8/12 MB | 2.6/2.6 MB | 0.6/1.9 MB
2026.06.24 22:19:58 INFO  Progress (3): 4.8/12 MB | 2.6/2.6 MB | 0.6/1.9 MB
2026.06.24 22:19:58 INFO  Progress (3): 4.8/12 MB | 2.6/2.6 MB | 0.6/1.9 MB
2026.06.24 22:19:58 INFO  Progress (3): 4.8/12 MB | 2.6/2.6 MB | 0.6/1.9 MB
2026.06.24 22:19:58 INFO  Progress (3): 4.8/12 MB | 2.6/2.6 MB | 0.6/1.9 MB
2026.06.24 22:19:58 INFO  Progress (3): 4.8/12 MB | 2.6/2.6 MB | 0.6/1.9 MB
2026.06.24 22:19:58 INFO  Progress (3): 4.8/12 MB | 2.6/2.6 MB | 0.6/1.9 MB
2026.06.24 22:19:58 INFO  Progress (3): 4.8/12 MB | 2.6/2.6 MB | 0.6/1.9 MB
2026.06.24 22:19:58 INFO  Progress (3): 4.8/12 MB | 2.6/2.6 MB | 0.6/1.9 MB
2026.06.24 22:19:58 INFO  Progress (3): 4.8/12 MB | 2.6/2.6 MB | 0.6/1.9 MB
2026.06.24 22:19:58 INFO  Progress (3): 4.8/12 MB | 2.6/2.6 MB | 0.7/1.9 MB
2026.06.24 22:19:58 INFO  Progress (3): 4.8/12 MB | 2.6 MB | 0.7/1.9 MB    
2026.06.24 22:19:58 INFO  Progress (4): 4.8/12 MB | 2.6 MB | 0.7/1.9 MB | 7.7/463 kB
2026.06.24 22:19:58 INFO  Progress (4): 4.8/12 MB | 2.6 MB | 0.7/1.9 MB | 7.7/463 kB
2026.06.24 22:19:58 INFO  Progress (4): 4.8/12 MB | 2.6 MB | 0.7/1.9 MB | 7.7/463 kB
2026.06.24 22:19:58 INFO  Progress (4): 4.8/12 MB | 2.6 MB | 0.7/1.9 MB | 7.7/463 kB
2026.06.24 22:19:58 INFO  Progress (4): 4.8/12 MB | 2.6 MB | 0.7/1.9 MB | 24/463 kB 
2026.06.24 22:19:58 INFO  Progress (4): 4.8/12 MB | 2.6 MB | 0.7/1.9 MB | 24/463 kB
2026.06.24 22:19:58 INFO  Progress (4): 4.9/12 MB | 2.6 MB | 0.7/1.9 MB | 24/463 kB
2026.06.24 22:19:58 INFO  Progress (4): 4.9/12 MB | 2.6 MB | 0.7/1.9 MB | 40/463 kB
2026.06.24 22:19:58 INFO  Progress (4): 4.9/12 MB | 2.6 MB | 0.7/1.9 MB | 40/463 kB
2026.06.24 22:19:58 INFO  Progress (4): 4.9/12 MB | 2.6 MB | 0.7/1.9 MB | 40/463 kB
2026.06.24 22:19:58 INFO  Progress (4): 4.9/12 MB | 2.6 MB | 0.7/1.9 MB | 40/463 kB
2026.06.24 22:19:58 INFO  Progress (4): 4.9/12 MB | 2.6 MB | 0.7/1.9 MB | 57/463 kB
2026.06.24 22:19:58 INFO  Progress (4): 4.9/12 MB | 2.6 MB | 0.7/1.9 MB | 57/463 kB
2026.06.24 22:19:58 INFO  Progress (4): 4.9/12 MB | 2.6 MB | 0.7/1.9 MB | 66/463 kB
2026.06.24 22:19:58 INFO  Progress (4): 4.9/12 MB | 2.6 MB | 0.8/1.9 MB | 66/463 kB
2026.06.24 22:19:58 INFO  Progress (4): 4.9/12 MB | 2.6 MB | 0.8/1.9 MB | 66/463 kB
2026.06.24 22:19:58 INFO  Progress (4): 4.9/12 MB | 2.6 MB | 0.8/1.9 MB | 82/463 kB
2026.06.24 22:19:58 INFO                                                           
2026.06.24 22:19:58 INFO  Downloaded from central: https://repo.maven.apache.org/maven2/org/scala-sbt/zinc-persist-core-assembly/1.8.0/zinc-persist-core-assembly-1.8.0.jar (2.6 MB at 6.9 MB/s)
2026.06.24 22:19:58 INFO  Downloading from central: https://repo.maven.apache.org/maven2/org/scala-sbt/collections_2.13/1.8.0/collections_2.13-1.8.0.jar
2026.06.24 22:19:58 INFO  Progress (3): 4.9/12 MB | 0.8/1.9 MB | 98/463 kB
2026.06.24 22:19:58 INFO  Progress (3): 4.9/12 MB | 0.8/1.9 MB | 98/463 kB
2026.06.24 22:19:58 INFO  Progress (3): 4.9/12 MB | 0.8/1.9 MB | 98/463 kB
2026.06.24 22:19:58 INFO  Progress (3): 4.9/12 MB | 0.8/1.9 MB | 115/463 kB
2026.06.24 22:19:58 INFO  Progress (3): 4.9/12 MB | 0.8/1.9 MB | 115/463 kB
2026.06.24 22:19:58 INFO  Progress (3): 4.9/12 MB | 0.8/1.9 MB | 115/463 kB
2026.06.24 22:19:58 INFO  Progress (3): 4.9/12 MB | 0.8/1.9 MB | 131/463 kB
2026.06.24 22:19:58 INFO  Progress (3): 4.9/12 MB | 0.8/1.9 MB | 131/463 kB
2026.06.24 22:19:58 INFO  Progress (3): 4.9/12 MB | 0.8/1.9 MB | 131/463 kB
2026.06.24 22:19:58 INFO  Progress (3): 4.9/12 MB | 0.8/1.9 MB | 147/463 kB
2026.06.24 22:19:58 INFO  Progress (3): 5.0/12 MB | 0.8/1.9 MB | 147/463 kB
2026.06.24 22:19:58 INFO  Progress (3): 5.0/12 MB | 0.8/1.9 MB | 147/463 kB
2026.06.24 22:19:58 INFO  Progress (3): 5.0/12 MB | 0.8/1.9 MB | 147/463 kB
2026.06.24 22:19:58 INFO  Progress (3): 5.0/12 MB | 0.8/1.9 MB | 164/463 kB
2026.06.24 22:19:58 INFO  Progress (3): 5.0/12 MB | 0.8/1.9 MB | 164/463 kB
2026.06.24 22:19:58 INFO  Progress (3): 5.0/12 MB | 0.8/1.9 MB | 164/463 kB
2026.06.24 22:19:58 INFO  Progress (3): 5.0/12 MB | 0.9/1.9 MB | 164/463 kB
2026.06.24 22:19:58 INFO  Progress (3): 5.0/12 MB | 0.9/1.9 MB | 164/463 kB
2026.06.24 22:19:58 INFO  Progress (3): 5.0/12 MB | 0.9/1.9 MB | 164/463 kB
2026.06.24 22:19:58 INFO  Progress (3): 5.0/12 MB | 0.9/1.9 MB | 164/463 kB
2026.06.24 22:19:58 INFO  Progress (3): 5.0/12 MB | 0.9/1.9 MB | 164/463 kB
2026.06.24 22:19:58 INFO  Progress (3): 5.0/12 MB | 0.9/1.9 MB | 180/463 kB
2026.06.24 22:19:58 INFO  Progress (3): 5.0/12 MB | 0.9/1.9 MB | 197/463 kB
2026.06.24 22:19:58 INFO  Progress (3): 5.0/12 MB | 0.9/1.9 MB | 213/463 kB
2026.06.24 22:19:58 INFO  Progress (3): 5.0/12 MB | 0.9/1.9 MB | 229/463 kB
2026.06.24 22:19:58 INFO  Progress (3): 5.0/12 MB | 0.9/1.9 MB | 229/463 kB
2026.06.24 22:19:58 INFO  Progress (3): 5.0/12 MB | 0.9/1.9 MB | 229/463 kB
2026.06.24 22:19:58 INFO  Progress (3): 5.0/12 MB | 0.9/1.9 MB | 229/463 kB
2026.06.24 22:19:58 INFO  Progress (3): 5.0/12 MB | 0.9/1.9 MB | 229/463 kB
2026.06.24 22:19:58 INFO  Progress (3): 5.0/12 MB | 0.9/1.9 MB | 229/463 kB
2026.06.24 22:19:58 INFO  Progress (3): 5.0/12 MB | 1.0/1.9 MB | 229/463 kB
2026.06.24 22:19:58 INFO  Progress (3): 5.1/12 MB | 1.0/1.9 MB | 229/463 kB
2026.06.24 22:19:58 INFO  Progress (3): 5.1/12 MB | 1.0/1.9 MB | 229/463 kB
2026.06.24 22:19:58 INFO  Progress (3): 5.1/12 MB | 1.0/1.9 MB | 229/463 kB
2026.06.24 22:19:58 INFO  Progress (3): 5.1/12 MB | 1.0/1.9 MB | 229/463 kB
2026.06.24 22:19:58 INFO  Progress (3): 5.1/12 MB | 1.0/1.9 MB | 229/463 kB
2026.06.24 22:19:58 INFO  Progress (3): 5.1/12 MB | 1.0/1.9 MB | 246/463 kB
2026.06.24 22:19:58 INFO  Progress (3): 5.1/12 MB | 1.0/1.9 MB | 246/463 kB
2026.06.24 22:19:58 INFO  Progress (3): 5.1/12 MB | 1.0/1.9 MB | 262/463 kB
2026.06.24 22:19:58 INFO  Progress (3): 5.1/12 MB | 1.0/1.9 MB | 279/463 kB
2026.06.24 22:19:58 INFO  Progress (4): 5.1/12 MB | 1.0/1.9 MB | 279/463 kB | 0/1.4 MB
2026.06.24 22:19:58 INFO  Progress (4): 5.1/12 MB | 1.0/1.9 MB | 295/463 kB | 0/1.4 MB
2026.06.24 22:19:58 INFO  Progress (4): 5.1/12 MB | 1.0/1.9 MB | 295/463 kB | 0/1.4 MB
2026.06.24 22:19:58 INFO  Progress (4): 5.1/12 MB | 1.0/1.9 MB | 311/463 kB | 0/1.4 MB
2026.06.24 22:19:58 INFO  Progress (4): 5.1/12 MB | 1.0/1.9 MB | 311/463 kB | 0/1.4 MB
2026.06.24 22:19:58 INFO  Progress (4): 5.1/12 MB | 1.0/1.9 MB | 328/463 kB | 0/1.4 MB
2026.06.24 22:19:58 INFO  Progress (4): 5.1/12 MB | 1.0/1.9 MB | 328/463 kB | 0/1.4 MB
2026.06.24 22:19:58 INFO  Progress (4): 5.1/12 MB | 1.0/1.9 MB | 328/463 kB | 0/1.4 MB
2026.06.24 22:19:58 INFO  Progress (4): 5.1/12 MB | 1.0/1.9 MB | 328/463 kB | 0/1.4 MB
2026.06.24 22:19:58 INFO  Progress (4): 5.1/12 MB | 1.1/1.9 MB | 328/463 kB | 0/1.4 MB
2026.06.24 22:19:58 INFO  Progress (4): 5.1/12 MB | 1.1/1.9 MB | 328/463 kB | 0/1.4 MB
2026.06.24 22:19:58 INFO  Progress (4): 5.1/12 MB | 1.1/1.9 MB | 328/463 kB | 0.1/1.4 MB
2026.06.24 22:19:58 INFO  Progress (4): 5.1/12 MB | 1.1/1.9 MB | 328/463 kB | 0.1/1.4 MB
2026.06.24 22:19:58 INFO  Progress (4): 5.1/12 MB | 1.1/1.9 MB | 328/463 kB | 0.1/1.4 MB
2026.06.24 22:19:58 INFO  Progress (4): 5.1/12 MB | 1.1/1.9 MB | 344/463 kB | 0.1/1.4 MB
2026.06.24 22:19:58 INFO  Progress (4): 5.1/12 MB | 1.1/1.9 MB | 344/463 kB | 0.1/1.4 MB
2026.06.24 22:19:58 INFO  Progress (4): 5.1/12 MB | 1.1/1.9 MB | 344/463 kB | 0.1/1.4 MB
2026.06.24 22:19:58 INFO  Progress (4): 5.1/12 MB | 1.1/1.9 MB | 344/463 kB | 0.1/1.4 MB
2026.06.24 22:19:58 INFO  Progress (4): 5.1/12 MB | 1.1/1.9 MB | 360/463 kB | 0.1/1.4 MB
2026.06.24 22:19:58 INFO  Progress (4): 5.1/12 MB | 1.1/1.9 MB | 360/463 kB | 0.1/1.4 MB
2026.06.24 22:19:58 INFO  Progress (4): 5.1/12 MB | 1.1/1.9 MB | 360/463 kB | 0.1/1.4 MB
2026.06.24 22:19:58 INFO  Progress (4): 5.1/12 MB | 1.1/1.9 MB | 360/463 kB | 0.1/1.4 MB
2026.06.24 22:19:58 INFO  Progress (4): 5.1/12 MB | 1.1/1.9 MB | 360/463 kB | 0.1/1.4 MB
2026.06.24 22:19:58 INFO  Progress (4): 5.1/12 MB | 1.1/1.9 MB | 377/463 kB | 0.1/1.4 MB
2026.06.24 22:19:58 INFO  Progress (4): 5.1/12 MB | 1.1/1.9 MB | 377/463 kB | 0.1/1.4 MB
2026.06.24 22:19:58 INFO  Progress (4): 5.1/12 MB | 1.1/1.9 MB | 393/463 kB | 0.1/1.4 MB
2026.06.24 22:19:58 INFO  Progress (4): 5.1/12 MB | 1.1/1.9 MB | 393/463 kB | 0.1/1.4 MB
2026.06.24 22:19:58 INFO  Progress (4): 5.1/12 MB | 1.1/1.9 MB | 393/463 kB | 0.1/1.4 MB
2026.06.24 22:19:58 INFO  Progress (4): 5.1/12 MB | 1.2/1.9 MB | 393/463 kB | 0.1/1.4 MB
2026.06.24 22:19:58 INFO  Progress (4): 5.1/12 MB | 1.2/1.9 MB | 410/463 kB | 0.1/1.4 MB
2026.06.24 22:19:58 INFO  Progress (4): 5.2/12 MB | 1.2/1.9 MB | 410/463 kB | 0.1/1.4 MB
2026.06.24 22:19:58 INFO  Progress (4): 5.2/12 MB | 1.2/1.9 MB | 410/463 kB | 0.1/1.4 MB
2026.06.24 22:19:58 INFO  Progress (4): 5.2/12 MB | 1.2/1.9 MB | 410/463 kB | 0.1/1.4 MB
2026.06.24 22:19:58 INFO  Progress (4): 5.2/12 MB | 1.2/1.9 MB | 426/463 kB | 0.1/1.4 MB
2026.06.24 22:19:58 INFO  Progress (4): 5.2/12 MB | 1.2/1.9 MB | 426/463 kB | 0.2/1.4 MB
2026.06.24 22:19:58 INFO  Progress (4): 5.2/12 MB | 1.2/1.9 MB | 426/463 kB | 0.2/1.4 MB
2026.06.24 22:19:58 INFO  Progress (4): 5.2/12 MB | 1.2/1.9 MB | 426/463 kB | 0.2/1.4 MB
2026.06.24 22:19:58 INFO  Progress (4): 5.2/12 MB | 1.2/1.9 MB | 426/463 kB | 0.2/1.4 MB
2026.06.24 22:19:58 INFO  Progress (4): 5.2/12 MB | 1.2/1.9 MB | 442/463 kB | 0.2/1.4 MB
2026.06.24 22:19:58 INFO  Progress (4): 5.2/12 MB | 1.2/1.9 MB | 442/463 kB | 0.2/1.4 MB
2026.06.24 22:19:58 INFO  Progress (4): 5.2/12 MB | 1.2/1.9 MB | 442/463 kB | 0.2/1.4 MB
2026.06.24 22:19:58 INFO  Progress (4): 5.2/12 MB | 1.2/1.9 MB | 442/463 kB | 0.2/1.4 MB
2026.06.24 22:19:58 INFO  Progress (4): 5.2/12 MB | 1.2/1.9 MB | 442/463 kB | 0.2/1.4 MB
2026.06.24 22:19:58 INFO  Progress (4): 5.2/12 MB | 1.2/1.9 MB | 459/463 kB | 0.2/1.4 MB
2026.06.24 22:19:58 INFO  Progress (4): 5.2/12 MB | 1.2/1.9 MB | 459/463 kB | 0.2/1.4 MB
2026.06.24 22:19:58 INFO  Progress (4): 5.2/12 MB | 1.2/1.9 MB | 459/463 kB | 0.2/1.4 MB
2026.06.24 22:19:58 INFO  Progress (4): 5.2/12 MB | 1.2/1.9 MB | 463 kB | 0.2/1.4 MB    
2026.06.24 22:19:58 INFO  Progress (4): 5.2/12 MB | 1.2/1.9 MB | 463 kB | 0.2/1.4 MB
2026.06.24 22:19:58 INFO  Progress (4): 5.2/12 MB | 1.3/1.9 MB | 463 kB | 0.2/1.4 MB
2026.06.24 22:19:58 INFO  Progress (4): 5.2/12 MB | 1.3/1.9 MB | 463 kB | 0.2/1.4 MB
2026.06.24 22:19:58 INFO  Progress (4): 5.2/12 MB | 1.3/1.9 MB | 463 kB | 0.2/1.4 MB
2026.06.24 22:19:58 INFO  Progress (4): 5.2/12 MB | 1.3/1.9 MB | 463 kB | 0.2/1.4 MB
2026.06.24 22:19:58 INFO  Progress (4): 5.2/12 MB | 1.3/1.9 MB | 463 kB | 0.2/1.4 MB
2026.06.24 22:19:58 INFO  Progress (4): 5.2/12 MB | 1.3/1.9 MB | 463 kB | 0.3/1.4 MB
2026.06.24 22:19:58 INFO  Progress (4): 5.2/12 MB | 1.3/1.9 MB | 463 kB | 0.3/1.4 MB
2026.06.24 22:19:58 INFO  Progress (4): 5.2/12 MB | 1.3/1.9 MB | 463 kB | 0.3/1.4 MB
2026.06.24 22:19:58 INFO  Progress (4): 5.2/12 MB | 1.3/1.9 MB | 463 kB | 0.3/1.4 MB
2026.06.24 22:19:58 INFO  Progress (4): 5.2/12 MB | 1.3/1.9 MB | 463 kB | 0.3/1.4 MB
2026.06.24 22:19:58 INFO  Progress (4): 5.2/12 MB | 1.3/1.9 MB | 463 kB | 0.3/1.4 MB
2026.06.24 22:19:58 INFO                                                            
2026.06.24 22:19:58 INFO  Downloaded from central: https://repo.maven.apache.org/maven2/org/scala-sbt/util-logging_2.13/1.8.0/util-logging_2.13-1.8.0.jar (463 kB at 1.2 MB/s)
2026.06.24 22:19:58 INFO  Downloading from central: https://repo.maven.apache.org/maven2/org/scala-sbt/util-position_2.13/1.8.0/util-position_2.13-1.8.0.jar
2026.06.24 22:19:58 INFO  Progress (3): 5.2/12 MB | 1.4/1.9 MB | 0.3/1.4 MB
2026.06.24 22:19:58 INFO  Progress (3): 5.2/12 MB | 1.4/1.9 MB | 0.3/1.4 MB
2026.06.24 22:19:58 INFO  Progress (3): 5.2/12 MB | 1.4/1.9 MB | 0.3/1.4 MB
2026.06.24 22:19:58 INFO  Progress (3): 5.2/12 MB | 1.4/1.9 MB | 0.3/1.4 MB
2026.06.24 22:19:58 INFO  Progress (3): 5.2/12 MB | 1.4/1.9 MB | 0.3/1.4 MB
2026.06.24 22:19:58 INFO  Progress (3): 5.2/12 MB | 1.4/1.9 MB | 0.3/1.4 MB
2026.06.24 22:19:58 INFO  Progress (3): 5.2/12 MB | 1.4/1.9 MB | 0.3/1.4 MB
2026.06.24 22:19:58 INFO  Progress (3): 5.2/12 MB | 1.4/1.9 MB | 0.3/1.4 MB
2026.06.24 22:19:58 INFO  Progress (3): 5.2/12 MB | 1.4/1.9 MB | 0.3/1.4 MB
2026.06.24 22:19:58 INFO  Progress (3): 5.2/12 MB | 1.4/1.9 MB | 0.3/1.4 MB
2026.06.24 22:19:58 INFO  Progress (3): 5.2/12 MB | 1.5/1.9 MB | 0.3/1.4 MB
2026.06.24 22:19:58 INFO  Progress (3): 5.2/12 MB | 1.5/1.9 MB | 0.3/1.4 MB
2026.06.24 22:19:58 INFO  Progress (3): 5.2/12 MB | 1.5/1.9 MB | 0.3/1.4 MB
2026.06.24 22:19:58 INFO  Progress (3): 5.2/12 MB | 1.5/1.9 MB | 0.4/1.4 MB
2026.06.24 22:19:58 INFO  Progress (3): 5.2/12 MB | 1.5/1.9 MB | 0.4/1.4 MB
2026.06.24 22:19:58 INFO  Progress (3): 5.2/12 MB | 1.5/1.9 MB | 0.4/1.4 MB
2026.06.24 22:19:58 INFO  Progress (3): 5.2/12 MB | 1.5/1.9 MB | 0.4/1.4 MB
2026.06.24 22:19:58 INFO  Progress (3): 5.2/12 MB | 1.5/1.9 MB | 0.4/1.4 MB
2026.06.24 22:19:58 INFO  Progress (3): 5.3/12 MB | 1.5/1.9 MB | 0.4/1.4 MB
2026.06.24 22:19:58 INFO  Progress (3): 5.3/12 MB | 1.5/1.9 MB | 0.4/1.4 MB
2026.06.24 22:19:58 INFO  Progress (3): 5.3/12 MB | 1.5/1.9 MB | 0.4/1.4 MB
2026.06.24 22:19:58 INFO  Progress (3): 5.3/12 MB | 1.5/1.9 MB | 0.4/1.4 MB
2026.06.24 22:19:58 INFO  Progress (3): 5.3/12 MB | 1.5/1.9 MB | 0.4/1.4 MB
2026.06.24 22:19:58 INFO  Progress (3): 5.3/12 MB | 1.5/1.9 MB | 0.4/1.4 MB
2026.06.24 22:19:58 INFO  Progress (3): 5.3/12 MB | 1.5/1.9 MB | 0.4/1.4 MB
2026.06.24 22:19:58 INFO  Progress (3): 5.3/12 MB | 1.6/1.9 MB | 0.4/1.4 MB
2026.06.24 22:19:58 INFO  Progress (3): 5.3/12 MB | 1.6/1.9 MB | 0.4/1.4 MB
2026.06.24 22:19:58 INFO  Progress (3): 5.3/12 MB | 1.6/1.9 MB | 0.4/1.4 MB
2026.06.24 22:19:58 INFO  Progress (3): 5.3/12 MB | 1.6/1.9 MB | 0.4/1.4 MB
2026.06.24 22:19:58 INFO  Progress (3): 5.3/12 MB | 1.6/1.9 MB | 0.5/1.4 MB
2026.06.24 22:19:58 INFO  Progress (3): 5.3/12 MB | 1.6/1.9 MB | 0.5/1.4 MB
2026.06.24 22:19:58 INFO  Progress (3): 5.3/12 MB | 1.6/1.9 MB | 0.5/1.4 MB
2026.06.24 22:19:58 INFO  Progress (3): 5.3/12 MB | 1.6/1.9 MB | 0.5/1.4 MB
2026.06.24 22:19:58 INFO  Progress (4): 5.3/12 MB | 1.6/1.9 MB | 0.5/1.4 MB | 7.7/365 kB
2026.06.24 22:19:58 INFO  Progress (4): 5.3/12 MB | 1.6/1.9 MB | 0.5/1.4 MB | 11/365 kB 
2026.06.24 22:19:58 INFO  Progress (4): 5.3/12 MB | 1.6/1.9 MB | 0.5/1.4 MB | 28/365 kB
2026.06.24 22:19:58 INFO  Progress (4): 5.3/12 MB | 1.6/1.9 MB | 0.5/1.4 MB | 44/365 kB
2026.06.24 22:19:58 INFO  Progress (4): 5.3/12 MB | 1.6/1.9 MB | 0.5/1.4 MB | 61/365 kB
2026.06.24 22:19:58 INFO  Progress (4): 5.3/12 MB | 1.6/1.9 MB | 0.5/1.4 MB | 77/365 kB
2026.06.24 22:19:58 INFO  Progress (4): 5.3/12 MB | 1.6/1.9 MB | 0.5/1.4 MB | 93/365 kB
2026.06.24 22:19:58 INFO  Progress (4): 5.3/12 MB | 1.6/1.9 MB | 0.5/1.4 MB | 110/365 kB
2026.06.24 22:19:58 INFO  Progress (4): 5.3/12 MB | 1.6/1.9 MB | 0.5/1.4 MB | 126/365 kB
2026.06.24 22:19:58 INFO  Progress (4): 5.3/12 MB | 1.6/1.9 MB | 0.5/1.4 MB | 142/365 kB
2026.06.24 22:19:58 INFO  Progress (4): 5.3/12 MB | 1.6/1.9 MB | 0.5/1.4 MB | 159/365 kB
2026.06.24 22:19:58 INFO  Progress (4): 5.3/12 MB | 1.6/1.9 MB | 0.5/1.4 MB | 175/365 kB
2026.06.24 22:19:58 INFO  Progress (4): 5.3/12 MB | 1.6/1.9 MB | 0.5/1.4 MB | 192/365 kB
2026.06.24 22:19:58 INFO  Progress (4): 5.3/12 MB | 1.6/1.9 MB | 0.5/1.4 MB | 208/365 kB
2026.06.24 22:19:58 INFO  Progress (4): 5.3/12 MB | 1.6/1.9 MB | 0.5/1.4 MB | 224/365 kB
2026.06.24 22:19:58 INFO  Progress (4): 5.3/12 MB | 1.6/1.9 MB | 0.5/1.4 MB | 230/365 kB
2026.06.24 22:19:58 INFO  Progress (4): 5.3/12 MB | 1.6/1.9 MB | 0.5/1.4 MB | 246/365 kB
2026.06.24 22:19:58 INFO  Progress (4): 5.3/12 MB | 1.6/1.9 MB | 0.5/1.4 MB | 263/365 kB
2026.06.24 22:19:58 INFO  Progress (4): 5.3/12 MB | 1.6/1.9 MB | 0.5/1.4 MB | 279/365 kB
2026.06.24 22:19:58 INFO  Progress (4): 5.3/12 MB | 1.6/1.9 MB | 0.5/1.4 MB | 296/365 kB
2026.06.24 22:19:58 INFO  Progress (4): 5.3/12 MB | 1.6/1.9 MB | 0.5/1.4 MB | 296/365 kB
2026.06.24 22:19:58 INFO  Progress (4): 5.3/12 MB | 1.6/1.9 MB | 0.5/1.4 MB | 296/365 kB
2026.06.24 22:19:58 INFO  Progress (4): 5.3/12 MB | 1.6/1.9 MB | 0.5/1.4 MB | 296/365 kB
2026.06.24 22:19:58 INFO  Progress (4): 5.3/12 MB | 1.6/1.9 MB | 0.5/1.4 MB | 296/365 kB
2026.06.24 22:19:58 INFO  Progress (4): 5.3/12 MB | 1.6/1.9 MB | 0.5/1.4 MB | 296/365 kB
2026.06.24 22:19:58 INFO  Progress (4): 5.3/12 MB | 1.6/1.9 MB | 0.5/1.4 MB | 296/365 kB
2026.06.24 22:19:58 INFO  Progress (4): 5.3/12 MB | 1.7/1.9 MB | 0.5/1.4 MB | 296/365 kB
2026.06.24 22:19:58 INFO  Progress (4): 5.3/12 MB | 1.7/1.9 MB | 0.5/1.4 MB | 296/365 kB
2026.06.24 22:19:58 INFO  Progress (4): 5.3/12 MB | 1.7/1.9 MB | 0.5/1.4 MB | 296/365 kB
2026.06.24 22:19:58 INFO  Progress (4): 5.3/12 MB | 1.7/1.9 MB | 0.5/1.4 MB | 296/365 kB
2026.06.24 22:19:58 INFO  Progress (4): 5.4/12 MB | 1.7/1.9 MB | 0.5/1.4 MB | 296/365 kB
2026.06.24 22:19:58 INFO  Progress (4): 5.4/12 MB | 1.7/1.9 MB | 0.5/1.4 MB | 296/365 kB
2026.06.24 22:19:58 INFO  Progress (4): 5.4/12 MB | 1.7/1.9 MB | 0.5/1.4 MB | 296/365 kB
2026.06.24 22:19:58 INFO  Progress (4): 5.4/12 MB | 1.7/1.9 MB | 0.5/1.4 MB | 296/365 kB
2026.06.24 22:19:58 INFO  Progress (4): 5.4/12 MB | 1.7/1.9 MB | 0.5/1.4 MB | 296/365 kB
2026.06.24 22:19:58 INFO  Progress (4): 5.4/12 MB | 1.7/1.9 MB | 0.5/1.4 MB | 296/365 kB
2026.06.24 22:19:58 INFO  Progress (4): 5.4/12 MB | 1.7/1.9 MB | 0.5/1.4 MB | 296/365 kB
2026.06.24 22:19:58 INFO  Progress (4): 5.4/12 MB | 1.8/1.9 MB | 0.5/1.4 MB | 296/365 kB
2026.06.24 22:19:58 INFO  Progress (4): 5.4/12 MB | 1.8/1.9 MB | 0.5/1.4 MB | 296/365 kB
2026.06.24 22:19:58 INFO  Progress (4): 5.4/12 MB | 1.8/1.9 MB | 0.5/1.4 MB | 296/365 kB
2026.06.24 22:19:58 INFO  Progress (4): 5.4/12 MB | 1.8/1.9 MB | 0.5/1.4 MB | 296/365 kB
2026.06.24 22:19:58 INFO  Progress (4): 5.4/12 MB | 1.8/1.9 MB | 0.5/1.4 MB | 296/365 kB
2026.06.24 22:19:58 INFO  Progress (4): 5.4/12 MB | 1.8/1.9 MB | 0.5/1.4 MB | 296/365 kB
2026.06.24 22:19:58 INFO  Progress (4): 5.5/12 MB | 1.8/1.9 MB | 0.5/1.4 MB | 296/365 kB
2026.06.24 22:19:58 INFO  Progress (4): 5.5/12 MB | 1.8/1.9 MB | 0.5/1.4 MB | 296/365 kB
2026.06.24 22:19:58 INFO  Progress (4): 5.5/12 MB | 1.8/1.9 MB | 0.5/1.4 MB | 296/365 kB
2026.06.24 22:19:58 INFO  Progress (4): 5.5/12 MB | 1.8/1.9 MB | 0.5/1.4 MB | 296/365 kB
2026.06.24 22:19:58 INFO  Progress (4): 5.5/12 MB | 1.8/1.9 MB | 0.5/1.4 MB | 296/365 kB
2026.06.24 22:19:58 INFO  Progress (4): 5.5/12 MB | 1.9/1.9 MB | 0.5/1.4 MB | 296/365 kB
2026.06.24 22:19:58 INFO  Progress (4): 5.5/12 MB | 1.9/1.9 MB | 0.5/1.4 MB | 296/365 kB
2026.06.24 22:19:58 INFO  Progress (4): 5.5/12 MB | 1.9 MB | 0.5/1.4 MB | 296/365 kB    
2026.06.24 22:19:58 INFO  Progress (4): 5.5/12 MB | 1.9 MB | 0.5/1.4 MB | 296/365 kB
2026.06.24 22:19:58 INFO  Progress (4): 5.5/12 MB | 1.9 MB | 0.5/1.4 MB | 296/365 kB
2026.06.24 22:19:58 INFO  Progress (4): 5.6/12 MB | 1.9 MB | 0.5/1.4 MB | 296/365 kB
2026.06.24 22:19:58 INFO  Progress (4): 5.6/12 MB | 1.9 MB | 0.5/1.4 MB | 296/365 kB
2026.06.24 22:19:58 INFO  Progress (4): 5.6/12 MB | 1.9 MB | 0.5/1.4 MB | 296/365 kB
2026.06.24 22:19:58 INFO  Progress (4): 5.6/12 MB | 1.9 MB | 0.5/1.4 MB | 296/365 kB
2026.06.24 22:19:58 INFO  Progress (4): 5.6/12 MB | 1.9 MB | 0.5/1.4 MB | 296/365 kB
2026.06.24 22:19:58 INFO  Progress (4): 5.6/12 MB | 1.9 MB | 0.5/1.4 MB | 296/365 kB
2026.06.24 22:19:58 INFO  Progress (4): 5.6/12 MB | 1.9 MB | 0.5/1.4 MB | 296/365 kB
2026.06.24 22:19:58 INFO  Progress (4): 5.6/12 MB | 1.9 MB | 0.5/1.4 MB | 296/365 kB
2026.06.24 22:19:58 INFO                                                            
2026.06.24 22:19:58 INFO  Downloaded from central: https://repo.maven.apache.org/maven2/net/java/dev/jna/jna/5.12.0/jna-5.12.0.jar (1.9 MB at 4.3 MB/s)
2026.06.24 22:19:58 INFO  Downloading from central: https://repo.maven.apache.org/maven2/org/scala-sbt/core-macros_2.13/1.8.0/core-macros_2.13-1.8.0.jar
2026.06.24 22:19:58 INFO  Progress (3): 5.7/12 MB | 0.5/1.4 MB | 296/365 kB
2026.06.24 22:19:58 INFO  Progress (3): 5.7/12 MB | 0.5/1.4 MB | 296/365 kB
2026.06.24 22:19:58 INFO  Progress (3): 5.7/12 MB | 0.5/1.4 MB | 296/365 kB
2026.06.24 22:19:58 INFO  Progress (3): 5.7/12 MB | 0.5/1.4 MB | 296/365 kB
2026.06.24 22:19:58 INFO  Progress (3): 5.7/12 MB | 0.5/1.4 MB | 296/365 kB
2026.06.24 22:19:58 INFO  Progress (3): 5.7/12 MB | 0.5/1.4 MB | 296/365 kB
2026.06.24 22:19:58 INFO  Progress (3): 5.8/12 MB | 0.5/1.4 MB | 296/365 kB
2026.06.24 22:19:58 INFO  Progress (4): 5.8/12 MB | 0.5/1.4 MB | 296/365 kB | 7.7/28 kB
2026.06.24 22:19:58 INFO  Progress (4): 5.8/12 MB | 0.5/1.4 MB | 296/365 kB | 7.7/28 kB
2026.06.24 22:19:58 INFO  Progress (4): 5.8/12 MB | 0.5/1.4 MB | 296/365 kB | 16/28 kB 
2026.06.24 22:19:58 INFO  Progress (4): 5.8/12 MB | 0.5/1.4 MB | 296/365 kB | 16/28 kB
2026.06.24 22:19:58 INFO  Progress (4): 5.8/12 MB | 0.5/1.4 MB | 296/365 kB | 24/28 kB
2026.06.24 22:19:58 INFO  Progress (4): 5.8/12 MB | 0.5/1.4 MB | 296/365 kB | 24/28 kB
2026.06.24 22:19:58 INFO  Progress (4): 5.8/12 MB | 0.5/1.4 MB | 296/365 kB | 28 kB   
2026.06.24 22:19:58 INFO  Progress (4): 5.8/12 MB | 0.5/1.4 MB | 296/365 kB | 28 kB
2026.06.24 22:19:58 INFO  Progress (4): 5.8/12 MB | 0.5/1.4 MB | 296/365 kB | 28 kB
2026.06.24 22:19:58 INFO  Progress (4): 5.8/12 MB | 0.5/1.4 MB | 296/365 kB | 28 kB
2026.06.24 22:19:58 INFO  Progress (4): 5.8/12 MB | 0.6/1.4 MB | 296/365 kB | 28 kB
2026.06.24 22:19:58 INFO  Progress (4): 5.8/12 MB | 0.6/1.4 MB | 312/365 kB | 28 kB
2026.06.24 22:19:58 INFO  Progress (4): 5.9/12 MB | 0.6/1.4 MB | 312/365 kB | 28 kB
2026.06.24 22:19:58 INFO  Progress (4): 5.9/12 MB | 0.6/1.4 MB | 312/365 kB | 28 kB
2026.06.24 22:19:58 INFO  Progress (4): 5.9/12 MB | 0.6/1.4 MB | 328/365 kB | 28 kB
2026.06.24 22:19:58 INFO  Progress (4): 5.9/12 MB | 0.6/1.4 MB | 328/365 kB | 28 kB
2026.06.24 22:19:58 INFO  Progress (4): 5.9/12 MB | 0.6/1.4 MB | 328/365 kB | 28 kB
2026.06.24 22:19:58 INFO                                                           
2026.06.24 22:19:58 INFO  Downloaded from central: https://repo.maven.apache.org/maven2/org/scala-sbt/util-position_2.13/1.8.0/util-position_2.13-1.8.0.jar (28 kB at 63 kB/s)
2026.06.24 22:19:58 INFO  Downloading from central: https://repo.maven.apache.org/maven2/org/jline/jline-terminal/3.19.0/jline-terminal-3.19.0.jar
2026.06.24 22:19:58 INFO  Progress (3): 5.9/12 MB | 0.6/1.4 MB | 345/365 kB
2026.06.24 22:19:58 INFO  Progress (3): 5.9/12 MB | 0.6/1.4 MB | 345/365 kB
2026.06.24 22:19:58 INFO  Progress (3): 5.9/12 MB | 0.6/1.4 MB | 345/365 kB
2026.06.24 22:19:58 INFO  Progress (3): 5.9/12 MB | 0.6/1.4 MB | 345/365 kB
2026.06.24 22:19:58 INFO  Progress (3): 5.9/12 MB | 0.6/1.4 MB | 345/365 kB
2026.06.24 22:19:58 INFO  Progress (3): 5.9/12 MB | 0.6/1.4 MB | 345/365 kB
2026.06.24 22:19:58 INFO  Progress (3): 5.9/12 MB | 0.6/1.4 MB | 345/365 kB
2026.06.24 22:19:58 INFO  Progress (3): 5.9/12 MB | 0.6/1.4 MB | 345/365 kB
2026.06.24 22:19:58 INFO  Progress (3): 5.9/12 MB | 0.6/1.4 MB | 345/365 kB
2026.06.24 22:19:58 INFO  Progress (3): 5.9/12 MB | 0.6/1.4 MB | 345/365 kB
2026.06.24 22:19:58 INFO  Progress (3): 6.0/12 MB | 0.6/1.4 MB | 345/365 kB
2026.06.24 22:19:58 INFO  Progress (3): 6.0/12 MB | 0.7/1.4 MB | 345/365 kB
2026.06.24 22:19:58 INFO  Progress (3): 6.0/12 MB | 0.7/1.4 MB | 345/365 kB
2026.06.24 22:19:58 INFO  Progress (3): 6.0/12 MB | 0.7/1.4 MB | 345/365 kB
2026.06.24 22:19:58 INFO  Progress (3): 6.0/12 MB | 0.7/1.4 MB | 345/365 kB
2026.06.24 22:19:58 INFO  Progress (3): 6.0/12 MB | 0.7/1.4 MB | 345/365 kB
2026.06.24 22:19:58 INFO  Progress (3): 6.0/12 MB | 0.7/1.4 MB | 345/365 kB
2026.06.24 22:19:58 INFO  Progress (3): 6.0/12 MB | 0.7/1.4 MB | 345/365 kB
2026.06.24 22:19:58 INFO  Progress (3): 6.0/12 MB | 0.7/1.4 MB | 345/365 kB
2026.06.24 22:19:58 INFO  Progress (3): 6.0/12 MB | 0.7/1.4 MB | 345/365 kB
2026.06.24 22:19:58 INFO  Progress (3): 6.0/12 MB | 0.7/1.4 MB | 345/365 kB
2026.06.24 22:19:58 INFO  Progress (3): 6.0/12 MB | 0.7/1.4 MB | 345/365 kB
2026.06.24 22:19:58 INFO  Progress (3): 6.0/12 MB | 0.7/1.4 MB | 345/365 kB
2026.06.24 22:19:58 INFO  Progress (3): 6.0/12 MB | 0.8/1.4 MB | 345/365 kB
2026.06.24 22:19:58 INFO  Progress (3): 6.1/12 MB | 0.8/1.4 MB | 345/365 kB
2026.06.24 22:19:58 INFO  Progress (3): 6.1/12 MB | 0.8/1.4 MB | 345/365 kB
2026.06.24 22:19:58 INFO  Progress (3): 6.1/12 MB | 0.8/1.4 MB | 345/365 kB
2026.06.24 22:19:58 INFO  Progress (3): 6.1/12 MB | 0.8/1.4 MB | 345/365 kB
2026.06.24 22:19:58 INFO  Progress (3): 6.1/12 MB | 0.8/1.4 MB | 345/365 kB
2026.06.24 22:19:58 INFO  Progress (3): 6.1/12 MB | 0.8/1.4 MB | 345/365 kB
2026.06.24 22:19:58 INFO  Progress (3): 6.1/12 MB | 0.8/1.4 MB | 345/365 kB
2026.06.24 22:19:58 INFO  Progress (3): 6.1/12 MB | 0.8/1.4 MB | 345/365 kB
2026.06.24 22:19:58 INFO  Progress (3): 6.1/12 MB | 0.8/1.4 MB | 345/365 kB
2026.06.24 22:19:58 INFO  Progress (3): 6.1/12 MB | 0.8/1.4 MB | 345/365 kB
2026.06.24 22:19:58 INFO  Progress (3): 6.1/12 MB | 0.8/1.4 MB | 345/365 kB
2026.06.24 22:19:58 INFO  Progress (3): 6.1/12 MB | 0.8/1.4 MB | 345/365 kB
2026.06.24 22:19:58 INFO  Progress (3): 6.2/12 MB | 0.8/1.4 MB | 345/365 kB
2026.06.24 22:19:58 INFO  Progress (3): 6.2/12 MB | 0.8/1.4 MB | 345/365 kB
2026.06.24 22:19:58 INFO  Progress (3): 6.2/12 MB | 0.9/1.4 MB | 345/365 kB
2026.06.24 22:19:58 INFO  Progress (3): 6.2/12 MB | 0.9/1.4 MB | 345/365 kB
2026.06.24 22:19:58 INFO  Progress (4): 6.2/12 MB | 0.9/1.4 MB | 345/365 kB | 7.7/87 kB
2026.06.24 22:19:58 INFO  Progress (4): 6.2/12 MB | 0.9/1.4 MB | 345/365 kB | 16/87 kB 
2026.06.24 22:19:58 INFO  Progress (4): 6.2/12 MB | 0.9/1.4 MB | 345/365 kB | 16/87 kB
2026.06.24 22:19:58 INFO  Progress (4): 6.2/12 MB | 0.9/1.4 MB | 345/365 kB | 16/87 kB
2026.06.24 22:19:58 INFO  Progress (4): 6.2/12 MB | 0.9/1.4 MB | 361/365 kB | 16/87 kB
2026.06.24 22:19:58 INFO  Progress (4): 6.2/12 MB | 0.9/1.4 MB | 365 kB | 16/87 kB    
2026.06.24 22:19:58 INFO  Progress (4): 6.2/12 MB | 0.9/1.4 MB | 365 kB | 32/87 kB
2026.06.24 22:19:58 INFO  Progress (4): 6.2/12 MB | 0.9/1.4 MB | 365 kB | 32/87 kB
2026.06.24 22:19:58 INFO  Progress (4): 6.2/12 MB | 0.9/1.4 MB | 365 kB | 32/87 kB
2026.06.24 22:19:58 INFO  Progress (4): 6.2/12 MB | 0.9/1.4 MB | 365 kB | 32/87 kB
2026.06.24 22:19:58 INFO  Progress (4): 6.2/12 MB | 0.9/1.4 MB | 365 kB | 32/87 kB
2026.06.24 22:19:58 INFO                                                          
2026.06.24 22:19:58 INFO  Downloaded from central: https://repo.maven.apache.org/maven2/org/scala-sbt/collections_2.13/1.8.0/collections_2.13-1.8.0.jar (365 kB at 796 kB/s)
2026.06.24 22:19:58 INFO  Downloading from central: https://repo.maven.apache.org/maven2/org/scala-lang/scala-reflect/2.13.8/scala-reflect-2.13.8.jar
2026.06.24 22:19:58 INFO  Progress (3): 6.2/12 MB | 0.9/1.4 MB | 49/87 kB
2026.06.24 22:19:58 INFO  Progress (3): 6.2/12 MB | 0.9/1.4 MB | 49/87 kB
2026.06.24 22:19:58 INFO  Progress (3): 6.2/12 MB | 0.9/1.4 MB | 49/87 kB
2026.06.24 22:19:58 INFO  Progress (3): 6.2/12 MB | 0.9/1.4 MB | 65/87 kB
2026.06.24 22:19:58 INFO  Progress (3): 6.2/12 MB | 0.9/1.4 MB | 65/87 kB
2026.06.24 22:19:58 INFO  Progress (3): 6.3/12 MB | 0.9/1.4 MB | 65/87 kB
2026.06.24 22:19:58 INFO  Progress (3): 6.3/12 MB | 0.9/1.4 MB | 81/87 kB
2026.06.24 22:19:58 INFO  Progress (3): 6.3/12 MB | 0.9/1.4 MB | 81/87 kB
2026.06.24 22:19:58 INFO  Progress (3): 6.3/12 MB | 0.9/1.4 MB | 82/87 kB
2026.06.24 22:19:58 INFO  Progress (3): 6.3/12 MB | 0.9/1.4 MB | 82/87 kB
2026.06.24 22:19:58 INFO  Progress (3): 6.3/12 MB | 0.9/1.4 MB | 87 kB   
2026.06.24 22:19:58 INFO  Progress (3): 6.3/12 MB | 1.0/1.4 MB | 87 kB
2026.06.24 22:19:58 INFO  Progress (3): 6.3/12 MB | 1.0/1.4 MB | 87 kB
2026.06.24 22:19:58 INFO  Progress (3): 6.3/12 MB | 1.0/1.4 MB | 87 kB
2026.06.24 22:19:58 INFO  Progress (3): 6.3/12 MB | 1.0/1.4 MB | 87 kB
2026.06.24 22:19:58 INFO  Progress (3): 6.3/12 MB | 1.0/1.4 MB | 87 kB
2026.06.24 22:19:58 INFO  Progress (3): 6.3/12 MB | 1.0/1.4 MB | 87 kB
2026.06.24 22:19:58 INFO  Progress (3): 6.4/12 MB | 1.0/1.4 MB | 87 kB
2026.06.24 22:19:58 INFO  Progress (3): 6.4/12 MB | 1.0/1.4 MB | 87 kB
2026.06.24 22:19:58 INFO  Progress (3): 6.4/12 MB | 1.0/1.4 MB | 87 kB
2026.06.24 22:19:58 INFO                                              
2026.06.24 22:19:58 INFO  Downloaded from central: https://repo.maven.apache.org/maven2/org/scala-sbt/core-macros_2.13/1.8.0/core-macros_2.13-1.8.0.jar (87 kB at 188 kB/s)
2026.06.24 22:19:58 INFO  Downloading from central: https://repo.maven.apache.org/maven2/org/scala-sbt/util-relation_2.13/1.8.0/util-relation_2.13-1.8.0.jar
2026.06.24 22:19:58 INFO  Progress (2): 6.4/12 MB | 1.0/1.4 MB
2026.06.24 22:19:58 INFO  Progress (2): 6.4/12 MB | 1.0/1.4 MB
2026.06.24 22:19:58 INFO  Progress (2): 6.4/12 MB | 1.0/1.4 MB
2026.06.24 22:19:58 INFO  Progress (2): 6.4/12 MB | 1.0/1.4 MB
2026.06.24 22:19:58 INFO  Progress (2): 6.4/12 MB | 1.0/1.4 MB
2026.06.24 22:19:58 INFO  Progress (2): 6.4/12 MB | 1.1/1.4 MB
2026.06.24 22:19:58 INFO  Progress (2): 6.4/12 MB | 1.1/1.4 MB
2026.06.24 22:19:58 INFO  Progress (2): 6.4/12 MB | 1.1/1.4 MB
2026.06.24 22:19:58 INFO  Progress (2): 6.5/12 MB | 1.1/1.4 MB
2026.06.24 22:19:58 INFO  Progress (2): 6.5/12 MB | 1.1/1.4 MB
2026.06.24 22:19:58 INFO  Progress (2): 6.5/12 MB | 1.1/1.4 MB
2026.06.24 22:19:58 INFO  Progress (2): 6.5/12 MB | 1.1/1.4 MB
2026.06.24 22:19:58 INFO  Progress (2): 6.5/12 MB | 1.1/1.4 MB
2026.06.24 22:19:58 INFO  Progress (2): 6.5/12 MB | 1.1/1.4 MB
2026.06.24 22:19:58 INFO  Progress (2): 6.5/12 MB | 1.1/1.4 MB
2026.06.24 22:19:58 INFO  Progress (2): 6.5/12 MB | 1.1/1.4 MB
2026.06.24 22:19:58 INFO  Progress (2): 6.5/12 MB | 1.1/1.4 MB
2026.06.24 22:19:58 INFO  Progress (2): 6.5/12 MB | 1.2/1.4 MB
2026.06.24 22:19:58 INFO  Progress (2): 6.5/12 MB | 1.2/1.4 MB
2026.06.24 22:19:58 INFO  Progress (2): 6.5/12 MB | 1.2/1.4 MB
2026.06.24 22:19:58 INFO  Progress (2): 6.6/12 MB | 1.2/1.4 MB
2026.06.24 22:19:58 INFO  Progress (2): 6.6/12 MB | 1.2/1.4 MB
2026.06.24 22:19:58 INFO  Progress (2): 6.6/12 MB | 1.2/1.4 MB
2026.06.24 22:19:58 INFO  Progress (2): 6.6/12 MB | 1.2/1.4 MB
2026.06.24 22:19:58 INFO  Progress (2): 6.6/12 MB | 1.2/1.4 MB
2026.06.24 22:19:58 INFO  Progress (2): 6.6/12 MB | 1.2/1.4 MB
2026.06.24 22:19:58 INFO  Progress (2): 6.6/12 MB | 1.2/1.4 MB
2026.06.24 22:19:58 INFO  Progress (2): 6.6/12 MB | 1.2/1.4 MB
2026.06.24 22:19:58 INFO  Progress (2): 6.6/12 MB | 1.2/1.4 MB
2026.06.24 22:19:58 INFO  Progress (2): 6.6/12 MB | 1.3/1.4 MB
2026.06.24 22:19:58 INFO  Progress (2): 6.6/12 MB | 1.3/1.4 MB
2026.06.24 22:19:58 INFO  Progress (2): 6.7/12 MB | 1.3/1.4 MB
2026.06.24 22:19:58 INFO  Progress (2): 6.7/12 MB | 1.3/1.4 MB
2026.06.24 22:19:58 INFO  Progress (2): 6.7/12 MB | 1.3/1.4 MB
2026.06.24 22:19:58 INFO  Progress (2): 6.7/12 MB | 1.3/1.4 MB
2026.06.24 22:19:58 INFO  Progress (2): 6.7/12 MB | 1.3/1.4 MB
2026.06.24 22:19:58 INFO  Progress (2): 6.7/12 MB | 1.3/1.4 MB
2026.06.24 22:19:58 INFO  Progress (2): 6.7/12 MB | 1.3/1.4 MB
2026.06.24 22:19:58 INFO  Progress (2): 6.7/12 MB | 1.3/1.4 MB
2026.06.24 22:19:58 INFO  Progress (2): 6.7/12 MB | 1.3/1.4 MB
2026.06.24 22:19:58 INFO  Progress (2): 6.7/12 MB | 1.3/1.4 MB
2026.06.24 22:19:58 INFO  Progress (2): 6.7/12 MB | 1.3/1.4 MB
2026.06.24 22:19:58 INFO  Progress (2): 6.7/12 MB | 1.4 MB    
2026.06.24 22:19:58 INFO  Progress (2): 6.8/12 MB | 1.4 MB
2026.06.24 22:19:58 INFO  Progress (2): 6.8/12 MB | 1.4 MB
2026.06.24 22:19:58 INFO  Progress (2): 6.8/12 MB | 1.4 MB
2026.06.24 22:19:58 INFO  Progress (2): 6.8/12 MB | 1.4 MB
2026.06.24 22:19:58 INFO  Progress (2): 6.8/12 MB | 1.4 MB
2026.06.24 22:19:58 INFO                                  
2026.06.24 22:19:58 INFO  Downloaded from central: https://repo.maven.apache.org/maven2/net/java/dev/jna/jna-platform/5.12.0/jna-platform-5.12.0.jar (1.4 MB at 2.9 MB/s)
2026.06.24 22:19:58 INFO  Downloading from central: https://repo.maven.apache.org/maven2/org/scala-sbt/zinc-persist_2.13/1.8.0/zinc-persist_2.13-1.8.0.jar
2026.06.24 22:19:58 INFO  Progress (1): 6.8/12 MB
2026.06.24 22:19:58 INFO  Progress (1): 6.9/12 MB
2026.06.24 22:19:58 INFO  Progress (1): 6.9/12 MB
2026.06.24 22:19:58 INFO  Progress (1): 6.9/12 MB
2026.06.24 22:19:58 INFO  Progress (1): 6.9/12 MB
2026.06.24 22:19:58 INFO  Progress (1): 6.9/12 MB
2026.06.24 22:19:58 INFO  Progress (1): 6.9/12 MB
2026.06.24 22:19:58 INFO  Progress (1): 7.0/12 MB
2026.06.24 22:19:58 INFO  Progress (1): 7.0/12 MB
2026.06.24 22:19:58 INFO  Progress (1): 7.0/12 MB
2026.06.24 22:19:58 INFO  Progress (1): 7.0/12 MB
2026.06.24 22:19:58 INFO  Progress (1): 7.0/12 MB
2026.06.24 22:19:58 INFO  Progress (1): 7.0/12 MB
2026.06.24 22:19:58 INFO  Progress (1): 7.1/12 MB
2026.06.24 22:19:58 INFO  Progress (1): 7.1/12 MB
2026.06.24 22:19:58 INFO  Progress (1): 7.1/12 MB
2026.06.24 22:19:58 INFO  Progress (1): 7.1/12 MB
2026.06.24 22:19:58 INFO  Progress (1): 7.1/12 MB
2026.06.24 22:19:58 INFO  Progress (1): 7.1/12 MB
2026.06.24 22:19:58 INFO  Progress (1): 7.1/12 MB
2026.06.24 22:19:58 INFO  Progress (1): 7.2/12 MB
2026.06.24 22:19:58 INFO  Progress (1): 7.2/12 MB
2026.06.24 22:19:58 INFO  Progress (1): 7.2/12 MB
2026.06.24 22:19:58 INFO  Progress (1): 7.2/12 MB
2026.06.24 22:19:58 INFO  Progress (1): 7.2/12 MB
2026.06.24 22:19:58 INFO  Progress (1): 7.2/12 MB
2026.06.24 22:19:58 INFO  Progress (1): 7.3/12 MB
2026.06.24 22:19:58 INFO  Progress (1): 7.3/12 MB
2026.06.24 22:19:58 INFO  Progress (1): 7.3/12 MB
2026.06.24 22:19:58 INFO  Progress (1): 7.3/12 MB
2026.06.24 22:19:58 INFO  Progress (1): 7.3/12 MB
2026.06.24 22:19:58 INFO  Progress (1): 7.3/12 MB
2026.06.24 22:19:58 INFO  Progress (1): 7.4/12 MB
2026.06.24 22:19:58 INFO  Progress (1): 7.4/12 MB
2026.06.24 22:19:58 INFO  Progress (1): 7.4/12 MB
2026.06.24 22:19:58 INFO  Progress (1): 7.4/12 MB
2026.06.24 22:19:58 INFO  Progress (1): 7.4/12 MB
2026.06.24 22:19:58 INFO  Progress (1): 7.4/12 MB
2026.06.24 22:19:58 INFO  Progress (1): 7.5/12 MB
2026.06.24 22:19:58 INFO  Progress (1): 7.5/12 MB
2026.06.24 22:19:58 INFO  Progress (1): 7.5/12 MB
2026.06.24 22:19:58 INFO  Progress (1): 7.5/12 MB
2026.06.24 22:19:58 INFO  Progress (1): 7.5/12 MB
2026.06.24 22:19:58 INFO  Progress (1): 7.5/12 MB
2026.06.24 22:19:58 INFO  Progress (1): 7.6/12 MB
2026.06.24 22:19:58 INFO  Progress (1): 7.6/12 MB
2026.06.24 22:19:58 INFO  Progress (1): 7.6/12 MB
2026.06.24 22:19:58 INFO  Progress (1): 7.6/12 MB
2026.06.24 22:19:58 INFO  Progress (1): 7.6/12 MB
2026.06.24 22:19:58 INFO  Progress (1): 7.6/12 MB
2026.06.24 22:19:58 INFO  Progress (1): 7.7/12 MB
2026.06.24 22:19:58 INFO  Progress (1): 7.7/12 MB
2026.06.24 22:19:58 INFO  Progress (1): 7.7/12 MB
2026.06.24 22:19:58 INFO  Progress (1): 7.7/12 MB
2026.06.24 22:19:58 INFO  Progress (1): 7.7/12 MB
2026.06.24 22:19:58 INFO  Progress (1): 7.7/12 MB
2026.06.24 22:19:58 INFO  Progress (1): 7.8/12 MB
2026.06.24 22:19:58 INFO  Progress (1): 7.8/12 MB
2026.06.24 22:19:58 INFO  Progress (1): 7.8/12 MB
2026.06.24 22:19:58 INFO  Progress (1): 7.8/12 MB
2026.06.24 22:19:58 INFO  Progress (1): 7.8/12 MB
2026.06.24 22:19:58 INFO  Progress (1): 7.8/12 MB
2026.06.24 22:19:58 INFO  Progress (1): 7.8/12 MB
2026.06.24 22:19:58 INFO  Progress (1): 7.9/12 MB
2026.06.24 22:19:58 INFO  Progress (1): 7.9/12 MB
2026.06.24 22:19:58 INFO  Progress (1): 7.9/12 MB
2026.06.24 22:19:58 INFO  Progress (1): 7.9/12 MB
2026.06.24 22:19:58 INFO  Progress (1): 7.9/12 MB
2026.06.24 22:19:58 INFO  Progress (1): 7.9/12 MB
2026.06.24 22:19:58 INFO  Progress (1): 8.0/12 MB
2026.06.24 22:19:58 INFO  Progress (1): 8.0/12 MB
2026.06.24 22:19:58 INFO  Progress (1): 8.0/12 MB
2026.06.24 22:19:58 INFO  Progress (1): 8.0/12 MB
2026.06.24 22:19:58 INFO  Progress (1): 8.0/12 MB
2026.06.24 22:19:58 INFO  Progress (1): 8.0/12 MB
2026.06.24 22:19:58 INFO  Progress (1): 8.1/12 MB
2026.06.24 22:19:58 INFO  Progress (1): 8.1/12 MB
2026.06.24 22:19:58 INFO  Progress (1): 8.1/12 MB
2026.06.24 22:19:58 INFO  Progress (1): 8.1/12 MB
2026.06.24 22:19:58 INFO  Progress (1): 8.1/12 MB
2026.06.24 22:19:58 INFO  Progress (1): 8.1/12 MB
2026.06.24 22:19:58 INFO  Progress (1): 8.2/12 MB
2026.06.24 22:19:58 INFO  Progress (1): 8.2/12 MB
2026.06.24 22:19:58 INFO  Progress (1): 8.2/12 MB
2026.06.24 22:19:58 INFO  Progress (1): 8.2/12 MB
2026.06.24 22:19:58 INFO  Progress (1): 8.2/12 MB
2026.06.24 22:19:58 INFO  Progress (1): 8.2/12 MB
2026.06.24 22:19:58 INFO  Progress (1): 8.3/12 MB
2026.06.24 22:19:58 INFO  Progress (1): 8.3/12 MB
2026.06.24 22:19:58 INFO  Progress (1): 8.3/12 MB
2026.06.24 22:19:58 INFO  Progress (1): 8.3/12 MB
2026.06.24 22:19:58 INFO  Progress (1): 8.3/12 MB
2026.06.24 22:19:58 INFO  Progress (1): 8.3/12 MB
2026.06.24 22:19:58 INFO  Progress (1): 8.4/12 MB
2026.06.24 22:19:58 INFO  Progress (1): 8.4/12 MB
2026.06.24 22:19:58 INFO  Progress (1): 8.4/12 MB
2026.06.24 22:19:58 INFO  Progress (1): 8.4/12 MB
2026.06.24 22:19:58 INFO  Progress (1): 8.4/12 MB
2026.06.24 22:19:58 INFO  Progress (1): 8.4/12 MB
2026.06.24 22:19:58 INFO  Progress (1): 8.5/12 MB
2026.06.24 22:19:58 INFO  Progress (1): 8.5/12 MB
2026.06.24 22:19:58 INFO  Progress (2): 8.5/12 MB | 7.7/228 kB
2026.06.24 22:19:58 INFO  Progress (2): 8.5/12 MB | 16/228 kB 
2026.06.24 22:19:58 INFO  Progress (2): 8.5/12 MB | 24/228 kB
2026.06.24 22:19:58 INFO  Progress (2): 8.5/12 MB | 40/228 kB
2026.06.24 22:19:58 INFO  Progress (2): 8.5/12 MB | 40/228 kB
2026.06.24 22:19:58 INFO  Progress (2): 8.5/12 MB | 57/228 kB
2026.06.24 22:19:58 INFO  Progress (2): 8.5/12 MB | 73/228 kB
2026.06.24 22:19:58 INFO  Progress (2): 8.5/12 MB | 90/228 kB
2026.06.24 22:19:58 INFO  Progress (2): 8.5/12 MB | 90/228 kB
2026.06.24 22:19:58 INFO  Progress (2): 8.5/12 MB | 106/228 kB
2026.06.24 22:19:58 INFO  Progress (2): 8.5/12 MB | 106/228 kB
2026.06.24 22:19:58 INFO  Progress (2): 8.5/12 MB | 106/228 kB
2026.06.24 22:19:58 INFO  Progress (2): 8.5/12 MB | 122/228 kB
2026.06.24 22:19:58 INFO  Progress (2): 8.5/12 MB | 139/228 kB
2026.06.24 22:19:58 INFO  Progress (2): 8.5/12 MB | 155/228 kB
2026.06.24 22:19:58 INFO  Progress (2): 8.6/12 MB | 155/228 kB
2026.06.24 22:19:58 INFO  Progress (2): 8.6/12 MB | 172/228 kB
2026.06.24 22:19:58 INFO  Progress (3): 8.6/12 MB | 172/228 kB | 7.7/15 kB
2026.06.24 22:19:58 INFO  Progress (3): 8.6/12 MB | 172/228 kB | 11/15 kB 
2026.06.24 22:19:58 INFO  Progress (3): 8.6/12 MB | 172/228 kB | 15 kB   
2026.06.24 22:19:58 INFO  Progress (3): 8.6/12 MB | 188/228 kB | 15 kB
2026.06.24 22:19:58 INFO                                              
2026.06.24 22:19:58 INFO  Downloaded from central: https://repo.maven.apache.org/maven2/org/scala-sbt/util-relation_2.13/1.8.0/util-relation_2.13-1.8.0.jar (15 kB at 31 kB/s)
2026.06.24 22:19:58 INFO  Downloading from central: https://repo.maven.apache.org/maven2/org/scala-sbt/zinc-compile-core_2.13/1.8.0/zinc-compile-core_2.13-1.8.0.jar
2026.06.24 22:19:58 INFO  Progress (2): 8.6/12 MB | 204/228 kB
2026.06.24 22:19:58 INFO  Progress (2): 8.6/12 MB | 204/228 kB
2026.06.24 22:19:58 INFO  Progress (2): 8.6/12 MB | 204/228 kB
2026.06.24 22:19:58 INFO  Progress (2): 8.6/12 MB | 221/228 kB
2026.06.24 22:19:58 INFO  Progress (2): 8.6/12 MB | 228 kB    
2026.06.24 22:19:58 INFO  Progress (2): 8.6/12 MB | 228 kB
2026.06.24 22:19:58 INFO  Progress (2): 8.6/12 MB | 228 kB
2026.06.24 22:19:58 INFO                                  
2026.06.24 22:19:58 INFO  Downloaded from central: https://repo.maven.apache.org/maven2/org/jline/jline-terminal/3.19.0/jline-terminal-3.19.0.jar (228 kB at 472 kB/s)
2026.06.24 22:19:58 INFO  Downloading from central: https://repo.maven.apache.org/maven2/org/scala-lang/modules/scala-parser-combinators_2.13/1.1.2/scala-parser-combinators_2.13-1.1.2.jar
2026.06.24 22:19:58 INFO  Progress (1): 8.6/12 MB
2026.06.24 22:19:58 INFO  Progress (1): 8.7/12 MB
2026.06.24 22:19:58 INFO  Progress (2): 8.7/12 MB | 0/3.8 MB
2026.06.24 22:19:58 INFO  Progress (2): 8.7/12 MB | 0/3.8 MB
2026.06.24 22:19:58 INFO  Progress (2): 8.7/12 MB | 0/3.8 MB
2026.06.24 22:19:58 INFO  Progress (2): 8.7/12 MB | 0/3.8 MB
2026.06.24 22:19:58 INFO  Progress (2): 8.7/12 MB | 0/3.8 MB
2026.06.24 22:19:58 INFO  Progress (2): 8.7/12 MB | 0/3.8 MB
2026.06.24 22:19:58 INFO  Progress (2): 8.7/12 MB | 0/3.8 MB
2026.06.24 22:19:58 INFO  Progress (2): 8.7/12 MB | 0/3.8 MB
2026.06.24 22:19:58 INFO  Progress (2): 8.7/12 MB | 0/3.8 MB
2026.06.24 22:19:58 INFO  Progress (2): 8.7/12 MB | 0.1/3.8 MB
2026.06.24 22:19:58 INFO  Progress (2): 8.7/12 MB | 0.1/3.8 MB
2026.06.24 22:19:58 INFO  Progress (2): 8.7/12 MB | 0.1/3.8 MB
2026.06.24 22:19:58 INFO  Progress (2): 8.8/12 MB | 0.1/3.8 MB
2026.06.24 22:19:58 INFO  Progress (2): 8.8/12 MB | 0.1/3.8 MB
2026.06.24 22:19:58 INFO  Progress (2): 8.8/12 MB | 0.1/3.8 MB
2026.06.24 22:19:58 INFO  Progress (2): 8.8/12 MB | 0.1/3.8 MB
2026.06.24 22:19:58 INFO  Progress (2): 8.8/12 MB | 0.1/3.8 MB
2026.06.24 22:19:58 INFO  Progress (2): 8.8/12 MB | 0.1/3.8 MB
2026.06.24 22:19:58 INFO  Progress (2): 8.8/12 MB | 0.1/3.8 MB
2026.06.24 22:19:58 INFO  Progress (2): 8.8/12 MB | 0.1/3.8 MB
2026.06.24 22:19:58 INFO  Progress (2): 8.8/12 MB | 0.1/3.8 MB
2026.06.24 22:19:58 INFO  Progress (2): 8.8/12 MB | 0.1/3.8 MB
2026.06.24 22:19:58 INFO  Progress (2): 8.8/12 MB | 0.2/3.8 MB
2026.06.24 22:19:58 INFO  Progress (2): 8.9/12 MB | 0.2/3.8 MB
2026.06.24 22:19:58 INFO  Progress (2): 8.9/12 MB | 0.2/3.8 MB
2026.06.24 22:19:58 INFO  Progress (2): 8.9/12 MB | 0.2/3.8 MB
2026.06.24 22:19:58 INFO  Progress (2): 8.9/12 MB | 0.2/3.8 MB
2026.06.24 22:19:58 INFO  Progress (2): 8.9/12 MB | 0.2/3.8 MB
2026.06.24 22:19:58 INFO  Progress (2): 8.9/12 MB | 0.2/3.8 MB
2026.06.24 22:19:58 INFO  Progress (2): 8.9/12 MB | 0.2/3.8 MB
2026.06.24 22:19:58 INFO  Progress (2): 8.9/12 MB | 0.2/3.8 MB
2026.06.24 22:19:58 INFO  Progress (2): 8.9/12 MB | 0.2/3.8 MB
2026.06.24 22:19:58 INFO  Progress (2): 8.9/12 MB | 0.2/3.8 MB
2026.06.24 22:19:58 INFO  Progress (2): 9.0/12 MB | 0.2/3.8 MB
2026.06.24 22:19:58 INFO  Progress (2): 9.0/12 MB | 0.2/3.8 MB
2026.06.24 22:19:58 INFO  Progress (2): 9.0/12 MB | 0.3/3.8 MB
2026.06.24 22:19:58 INFO  Progress (2): 9.0/12 MB | 0.3/3.8 MB
2026.06.24 22:19:58 INFO  Progress (2): 9.0/12 MB | 0.3/3.8 MB
2026.06.24 22:19:58 INFO  Progress (2): 9.0/12 MB | 0.3/3.8 MB
2026.06.24 22:19:58 INFO  Progress (2): 9.0/12 MB | 0.3/3.8 MB
2026.06.24 22:19:58 INFO  Progress (2): 9.0/12 MB | 0.3/3.8 MB
2026.06.24 22:19:58 INFO  Progress (2): 9.0/12 MB | 0.3/3.8 MB
2026.06.24 22:19:58 INFO  Progress (2): 9.0/12 MB | 0.3/3.8 MB
2026.06.24 22:19:58 INFO  Progress (2): 9.0/12 MB | 0.3/3.8 MB
2026.06.24 22:19:58 INFO  Progress (2): 9.1/12 MB | 0.3/3.8 MB
2026.06.24 22:19:58 INFO  Progress (2): 9.1/12 MB | 0.3/3.8 MB
2026.06.24 22:19:58 INFO  Progress (2): 9.1/12 MB | 0.3/3.8 MB
2026.06.24 22:19:58 INFO  Progress (2): 9.1/12 MB | 0.3/3.8 MB
2026.06.24 22:19:58 INFO  Progress (2): 9.1/12 MB | 0.3/3.8 MB
2026.06.24 22:19:58 INFO  Progress (2): 9.1/12 MB | 0.3/3.8 MB
2026.06.24 22:19:58 INFO  Progress (2): 9.1/12 MB | 0.4/3.8 MB
2026.06.24 22:19:58 INFO  Progress (2): 9.1/12 MB | 0.4/3.8 MB
2026.06.24 22:19:58 INFO  Progress (2): 9.1/12 MB | 0.4/3.8 MB
2026.06.24 22:19:58 INFO  Progress (2): 9.1/12 MB | 0.4/3.8 MB
2026.06.24 22:19:58 INFO  Progress (2): 9.1/12 MB | 0.4/3.8 MB
2026.06.24 22:19:58 INFO  Progress (2): 9.2/12 MB | 0.4/3.8 MB
2026.06.24 22:19:58 INFO  Progress (2): 9.2/12 MB | 0.4/3.8 MB
2026.06.24 22:19:58 INFO  Progress (2): 9.2/12 MB | 0.4/3.8 MB
2026.06.24 22:19:58 INFO  Progress (3): 9.2/12 MB | 0.4/3.8 MB | 7.7/270 kB
2026.06.24 22:19:58 INFO  Progress (3): 9.2/12 MB | 0.4/3.8 MB | 16/270 kB 
2026.06.24 22:19:58 INFO  Progress (3): 9.2/12 MB | 0.4/3.8 MB | 16/270 kB
2026.06.24 22:19:58 INFO  Progress (3): 9.2/12 MB | 0.4/3.8 MB | 16/270 kB
2026.06.24 22:19:58 INFO  Progress (3): 9.2/12 MB | 0.4/3.8 MB | 29/270 kB
2026.06.24 22:19:58 INFO  Progress (3): 9.2/12 MB | 0.4/3.8 MB | 45/270 kB
2026.06.24 22:19:58 INFO  Progress (3): 9.2/12 MB | 0.4/3.8 MB | 61/270 kB
2026.06.24 22:19:58 INFO  Progress (3): 9.2/12 MB | 0.4/3.8 MB | 78/270 kB
2026.06.24 22:19:58 INFO  Progress (3): 9.2/12 MB | 0.4/3.8 MB | 78/270 kB
2026.06.24 22:19:58 INFO  Progress (3): 9.2/12 MB | 0.4/3.8 MB | 94/270 kB
2026.06.24 22:19:58 INFO  Progress (3): 9.2/12 MB | 0.4/3.8 MB | 94/270 kB
2026.06.24 22:19:58 INFO  Progress (3): 9.2/12 MB | 0.4/3.8 MB | 111/270 kB
2026.06.24 22:19:58 INFO  Progress (3): 9.2/12 MB | 0.4/3.8 MB | 127/270 kB
2026.06.24 22:19:58 INFO  Progress (3): 9.2/12 MB | 0.4/3.8 MB | 143/270 kB
2026.06.24 22:19:58 INFO  Progress (3): 9.2/12 MB | 0.4/3.8 MB | 143/270 kB
2026.06.24 22:19:58 INFO  Progress (3): 9.2/12 MB | 0.4/3.8 MB | 143/270 kB
2026.06.24 22:19:58 INFO  Progress (3): 9.2/12 MB | 0.5/3.8 MB | 143/270 kB
2026.06.24 22:19:58 INFO  Progress (3): 9.2/12 MB | 0.5/3.8 MB | 160/270 kB
2026.06.24 22:19:58 INFO  Progress (3): 9.2/12 MB | 0.5/3.8 MB | 176/270 kB
2026.06.24 22:19:58 INFO  Progress (3): 9.2/12 MB | 0.5/3.8 MB | 176/270 kB
2026.06.24 22:19:58 INFO  Progress (3): 9.2/12 MB | 0.5/3.8 MB | 193/270 kB
2026.06.24 22:19:58 INFO  Progress (3): 9.2/12 MB | 0.5/3.8 MB | 209/270 kB
2026.06.24 22:19:58 INFO  Progress (3): 9.3/12 MB | 0.5/3.8 MB | 209/270 kB
2026.06.24 22:19:58 INFO  Progress (3): 9.3/12 MB | 0.5/3.8 MB | 209/270 kB
2026.06.24 22:19:58 INFO  Progress (3): 9.3/12 MB | 0.5/3.8 MB | 225/270 kB
2026.06.24 22:19:58 INFO  Progress (3): 9.3/12 MB | 0.5/3.8 MB | 242/270 kB
2026.06.24 22:19:58 INFO  Progress (3): 9.3/12 MB | 0.5/3.8 MB | 242/270 kB
2026.06.24 22:19:58 INFO  Progress (3): 9.3/12 MB | 0.5/3.8 MB | 258/270 kB
2026.06.24 22:19:58 INFO  Progress (3): 9.3/12 MB | 0.5/3.8 MB | 270 kB    
2026.06.24 22:19:58 INFO  Progress (3): 9.3/12 MB | 0.5/3.8 MB | 270 kB
2026.06.24 22:19:58 INFO  Progress (3): 9.3/12 MB | 0.5/3.8 MB | 270 kB
2026.06.24 22:19:58 INFO  Progress (3): 9.3/12 MB | 0.5/3.8 MB | 270 kB
2026.06.24 22:19:58 INFO  Progress (3): 9.3/12 MB | 0.5/3.8 MB | 270 kB
2026.06.24 22:19:58 INFO  Progress (3): 9.3/12 MB | 0.5/3.8 MB | 270 kB
2026.06.24 22:19:58 INFO  Progress (3): 9.4/12 MB | 0.5/3.8 MB | 270 kB
2026.06.24 22:19:58 INFO                                               
2026.06.24 22:19:58 INFO  Downloaded from central: https://repo.maven.apache.org/maven2/org/scala-sbt/zinc-persist_2.13/1.8.0/zinc-persist_2.13-1.8.0.jar (270 kB at 536 kB/s)
2026.06.24 22:19:58 INFO  Downloading from central: https://repo.maven.apache.org/maven2/net/openhft/zero-allocation-hashing/0.10.1/zero-allocation-hashing-0.10.1.jar
2026.06.24 22:19:58 INFO  Progress (2): 9.4/12 MB | 0.5/3.8 MB
2026.06.24 22:19:58 INFO  Progress (2): 9.4/12 MB | 0.5/3.8 MB
2026.06.24 22:19:58 INFO  Progress (2): 9.4/12 MB | 0.5/3.8 MB
2026.06.24 22:19:58 INFO  Progress (2): 9.4/12 MB | 0.5/3.8 MB
2026.06.24 22:19:58 INFO  Progress (2): 9.4/12 MB | 0.5/3.8 MB
2026.06.24 22:19:58 INFO  Progress (2): 9.4/12 MB | 0.5/3.8 MB
2026.06.24 22:19:58 INFO  Progress (2): 9.4/12 MB | 0.6/3.8 MB
2026.06.24 22:19:58 INFO  Progress (2): 9.4/12 MB | 0.6/3.8 MB
2026.06.24 22:19:58 INFO  Progress (2): 9.4/12 MB | 0.6/3.8 MB
2026.06.24 22:19:58 INFO  Progress (2): 9.4/12 MB | 0.6/3.8 MB
2026.06.24 22:19:58 INFO  Progress (2): 9.4/12 MB | 0.6/3.8 MB
2026.06.24 22:19:58 INFO  Progress (2): 9.4/12 MB | 0.6/3.8 MB
2026.06.24 22:19:58 INFO  Progress (2): 9.4/12 MB | 0.6/3.8 MB
2026.06.24 22:19:58 INFO  Progress (2): 9.4/12 MB | 0.6/3.8 MB
2026.06.24 22:19:58 INFO  Progress (2): 9.5/12 MB | 0.6/3.8 MB
2026.06.24 22:19:58 INFO  Progress (2): 9.5/12 MB | 0.6/3.8 MB
2026.06.24 22:19:58 INFO  Progress (3): 9.5/12 MB | 0.6/3.8 MB | 7.7/254 kB
2026.06.24 22:19:58 INFO  Progress (3): 9.5/12 MB | 0.6/3.8 MB | 12/254 kB 
2026.06.24 22:19:58 INFO  Progress (3): 9.5/12 MB | 0.6/3.8 MB | 29/254 kB
2026.06.24 22:19:58 INFO  Progress (3): 9.5/12 MB | 0.6/3.8 MB | 29/254 kB
2026.06.24 22:19:58 INFO  Progress (3): 9.5/12 MB | 0.6/3.8 MB | 29/254 kB
2026.06.24 22:19:58 INFO  Progress (3): 9.5/12 MB | 0.6/3.8 MB | 45/254 kB
2026.06.24 22:19:58 INFO  Progress (3): 9.5/12 MB | 0.6/3.8 MB | 61/254 kB
2026.06.24 22:19:58 INFO  Progress (3): 9.5/12 MB | 0.6/3.8 MB | 78/254 kB
2026.06.24 22:19:58 INFO  Progress (3): 9.5/12 MB | 0.6/3.8 MB | 94/254 kB
2026.06.24 22:19:58 INFO  Progress (3): 9.5/12 MB | 0.6/3.8 MB | 94/254 kB
2026.06.24 22:19:58 INFO  Progress (3): 9.5/12 MB | 0.6/3.8 MB | 111/254 kB
2026.06.24 22:19:58 INFO  Progress (3): 9.5/12 MB | 0.7/3.8 MB | 111/254 kB
2026.06.24 22:19:58 INFO  Progress (3): 9.5/12 MB | 0.7/3.8 MB | 127/254 kB
2026.06.24 22:19:58 INFO  Progress (3): 9.5/12 MB | 0.7/3.8 MB | 143/254 kB
2026.06.24 22:19:58 INFO  Progress (3): 9.5/12 MB | 0.7/3.8 MB | 143/254 kB
2026.06.24 22:19:58 INFO  Progress (3): 9.5/12 MB | 0.7/3.8 MB | 143/254 kB
2026.06.24 22:19:58 INFO  Progress (3): 9.5/12 MB | 0.7/3.8 MB | 160/254 kB
2026.06.24 22:19:58 INFO  Progress (3): 9.5/12 MB | 0.7/3.8 MB | 160/254 kB
2026.06.24 22:19:58 INFO  Progress (3): 9.5/12 MB | 0.7/3.8 MB | 176/254 kB
2026.06.24 22:19:58 INFO  Progress (3): 9.5/12 MB | 0.7/3.8 MB | 193/254 kB
2026.06.24 22:19:58 INFO  Progress (3): 9.5/12 MB | 0.7/3.8 MB | 209/254 kB
2026.06.24 22:19:58 INFO  Progress (3): 9.5/12 MB | 0.7/3.8 MB | 209/254 kB
2026.06.24 22:19:58 INFO  Progress (3): 9.5/12 MB | 0.7/3.8 MB | 213/254 kB
2026.06.24 22:19:58 INFO  Progress (3): 9.5/12 MB | 0.7/3.8 MB | 213/254 kB
2026.06.24 22:19:58 INFO  Progress (3): 9.5/12 MB | 0.7/3.8 MB | 213/254 kB
2026.06.24 22:19:58 INFO  Progress (3): 9.5/12 MB | 0.7/3.8 MB | 229/254 kB
2026.06.24 22:19:58 INFO  Progress (3): 9.6/12 MB | 0.7/3.8 MB | 229/254 kB
2026.06.24 22:19:58 INFO  Progress (3): 9.6/12 MB | 0.7/3.8 MB | 229/254 kB
2026.06.24 22:19:58 INFO  Progress (3): 9.6/12 MB | 0.7/3.8 MB | 246/254 kB
2026.06.24 22:19:58 INFO  Progress (3): 9.6/12 MB | 0.7/3.8 MB | 246/254 kB
2026.06.24 22:19:58 INFO  Progress (3): 9.6/12 MB | 0.7/3.8 MB | 246/254 kB
2026.06.24 22:19:58 INFO  Progress (3): 9.6/12 MB | 0.7/3.8 MB | 246/254 kB
2026.06.24 22:19:58 INFO  Progress (3): 9.6/12 MB | 0.7/3.8 MB | 254 kB    
2026.06.24 22:19:58 INFO  Progress (3): 9.6/12 MB | 0.7/3.8 MB | 254 kB
2026.06.24 22:19:58 INFO  Progress (3): 9.6/12 MB | 0.7/3.8 MB | 254 kB
2026.06.24 22:19:58 INFO  Progress (3): 9.6/12 MB | 0.8/3.8 MB | 254 kB
2026.06.24 22:19:58 INFO                                               
2026.06.24 22:19:58 INFO  Downloaded from central: https://repo.maven.apache.org/maven2/org/scala-sbt/zinc-compile-core_2.13/1.8.0/zinc-compile-core_2.13-1.8.0.jar (254 kB at 496 kB/s)
2026.06.24 22:19:58 INFO  Progress (2): 9.6/12 MB | 0.8/3.8 MB
2026.06.24 22:19:58 INFO                                      
2026.06.24 22:19:58 INFO  Downloading from central: https://repo.maven.apache.org/maven2/org/scala-sbt/util-control_2.13/1.8.0/util-control_2.13-1.8.0.jar
2026.06.24 22:19:58 INFO  Progress (2): 9.6/12 MB | 0.8/3.8 MB
2026.06.24 22:19:58 INFO  Progress (2): 9.6/12 MB | 0.8/3.8 MB
2026.06.24 22:19:58 INFO  Progress (2): 9.7/12 MB | 0.8/3.8 MB
2026.06.24 22:19:58 INFO  Progress (2): 9.7/12 MB | 0.8/3.8 MB
2026.06.24 22:19:58 INFO  Progress (2): 9.7/12 MB | 0.8/3.8 MB
2026.06.24 22:19:58 INFO  Progress (2): 9.7/12 MB | 0.8/3.8 MB
2026.06.24 22:19:58 INFO  Progress (2): 9.7/12 MB | 0.8/3.8 MB
2026.06.24 22:19:58 INFO  Progress (2): 9.7/12 MB | 0.8/3.8 MB
2026.06.24 22:19:58 INFO  Progress (2): 9.7/12 MB | 0.8/3.8 MB
2026.06.24 22:19:58 INFO  Progress (2): 9.7/12 MB | 0.8/3.8 MB
2026.06.24 22:19:58 INFO  Progress (2): 9.7/12 MB | 0.8/3.8 MB
2026.06.24 22:19:58 INFO  Progress (2): 9.7/12 MB | 0.8/3.8 MB
2026.06.24 22:19:58 INFO  Progress (2): 9.8/12 MB | 0.8/3.8 MB
2026.06.24 22:19:58 INFO  Progress (2): 9.8/12 MB | 0.8/3.8 MB
2026.06.24 22:19:58 INFO  Progress (3): 9.8/12 MB | 0.8/3.8 MB | 3.2/225 kB
2026.06.24 22:19:58 INFO  Progress (3): 9.8/12 MB | 0.8/3.8 MB | 20/225 kB 
2026.06.24 22:19:58 INFO  Progress (3): 9.8/12 MB | 0.8/3.8 MB | 36/225 kB
2026.06.24 22:19:58 INFO  Progress (3): 9.8/12 MB | 0.9/3.8 MB | 36/225 kB
2026.06.24 22:19:58 INFO  Progress (3): 9.8/12 MB | 0.9/3.8 MB | 52/225 kB
2026.06.24 22:19:58 INFO  Progress (3): 9.8/12 MB | 0.9/3.8 MB | 52/225 kB
2026.06.24 22:19:58 INFO  Progress (3): 9.8/12 MB | 0.9/3.8 MB | 52/225 kB
2026.06.24 22:19:58 INFO  Progress (3): 9.8/12 MB | 0.9/3.8 MB | 69/225 kB
2026.06.24 22:19:58 INFO  Progress (3): 9.8/12 MB | 0.9/3.8 MB | 69/225 kB
2026.06.24 22:19:58 INFO  Progress (3): 9.8/12 MB | 0.9/3.8 MB | 85/225 kB
2026.06.24 22:19:58 INFO  Progress (3): 9.8/12 MB | 0.9/3.8 MB | 85/225 kB
2026.06.24 22:19:58 INFO  Progress (3): 9.8/12 MB | 0.9/3.8 MB | 85/225 kB
2026.06.24 22:19:58 INFO  Progress (3): 9.8/12 MB | 0.9/3.8 MB | 101/225 kB
2026.06.24 22:19:58 INFO  Progress (3): 9.9/12 MB | 0.9/3.8 MB | 101/225 kB
2026.06.24 22:19:58 INFO  Progress (3): 9.9/12 MB | 0.9/3.8 MB | 118/225 kB
2026.06.24 22:19:58 INFO  Progress (3): 9.9/12 MB | 0.9/3.8 MB | 118/225 kB
2026.06.24 22:19:58 INFO  Progress (3): 9.9/12 MB | 0.9/3.8 MB | 126/225 kB
2026.06.24 22:19:58 INFO  Progress (3): 9.9/12 MB | 0.9/3.8 MB | 126/225 kB
2026.06.24 22:19:58 INFO  Progress (3): 9.9/12 MB | 0.9/3.8 MB | 142/225 kB
2026.06.24 22:19:58 INFO  Progress (3): 9.9/12 MB | 0.9/3.8 MB | 142/225 kB
2026.06.24 22:19:58 INFO  Progress (3): 9.9/12 MB | 0.9/3.8 MB | 159/225 kB
2026.06.24 22:19:58 INFO  Progress (3): 9.9/12 MB | 0.9/3.8 MB | 159/225 kB
2026.06.24 22:19:58 INFO  Progress (3): 9.9/12 MB | 0.9/3.8 MB | 175/225 kB
2026.06.24 22:19:58 INFO  Progress (3): 9.9/12 MB | 0.9/3.8 MB | 175/225 kB
2026.06.24 22:19:58 INFO  Progress (3): 9.9/12 MB | 0.9/3.8 MB | 192/225 kB
2026.06.24 22:19:58 INFO  Progress (3): 9.9/12 MB | 0.9/3.8 MB | 192/225 kB
2026.06.24 22:19:58 INFO  Progress (3): 9.9/12 MB | 0.9/3.8 MB | 192/225 kB
2026.06.24 22:19:58 INFO  Progress (3): 9.9/12 MB | 0.9/3.8 MB | 192/225 kB
2026.06.24 22:19:58 INFO  Progress (3): 9.9/12 MB | 0.9/3.8 MB | 208/225 kB
2026.06.24 22:19:58 INFO  Progress (3): 9.9/12 MB | 0.9/3.8 MB | 224/225 kB
2026.06.24 22:19:58 INFO  Progress (3): 9.9/12 MB | 0.9/3.8 MB | 225 kB    
2026.06.24 22:19:58 INFO  Progress (3): 9.9/12 MB | 0.9/3.8 MB | 225 kB
2026.06.24 22:19:58 INFO  Progress (3): 9.9/12 MB | 0.9/3.8 MB | 225 kB
2026.06.24 22:19:58 INFO                                               
2026.06.24 22:19:58 INFO  Downloaded from central: https://repo.maven.apache.org/maven2/org/scala-lang/modules/scala-parser-combinators_2.13/1.1.2/scala-parser-combinators_2.13-1.1.2.jar (225 kB at 433 kB/s)
2026.06.24 22:19:58 INFO  Downloading from central: https://repo.maven.apache.org/maven2/org/scala-sbt/zinc-classfile_2.13/1.8.0/zinc-classfile_2.13-1.8.0.jar
2026.06.24 22:19:58 INFO  Progress (2): 9.9/12 MB | 0.9/3.8 MB
2026.06.24 22:19:58 INFO  Progress (2): 9.9/12 MB | 1.0/3.8 MB
2026.06.24 22:19:58 INFO  Progress (2): 10.0/12 MB | 1.0/3.8 MB
2026.06.24 22:19:58 INFO  Progress (2): 10.0/12 MB | 1.0/3.8 MB
2026.06.24 22:19:58 INFO  Progress (2): 10.0/12 MB | 1.0/3.8 MB
2026.06.24 22:19:58 INFO  Progress (2): 10.0/12 MB | 1.0/3.8 MB
2026.06.24 22:19:58 INFO  Progress (2): 10.0/12 MB | 1.0/3.8 MB
2026.06.24 22:19:58 INFO  Progress (2): 10/12 MB | 1.0/3.8 MB  
2026.06.24 22:19:58 INFO  Progress (2): 10/12 MB | 1.0/3.8 MB
2026.06.24 22:19:58 INFO  Progress (2): 10/12 MB | 1.0/3.8 MB
2026.06.24 22:19:58 INFO  Progress (2): 10/12 MB | 1.0/3.8 MB
2026.06.24 22:19:58 INFO  Progress (2): 10/12 MB | 1.0/3.8 MB
2026.06.24 22:19:58 INFO  Progress (2): 10/12 MB | 1.0/3.8 MB
2026.06.24 22:19:58 INFO  Progress (2): 10/12 MB | 1.0/3.8 MB
2026.06.24 22:19:58 INFO  Progress (2): 10/12 MB | 1.0/3.8 MB
2026.06.24 22:19:58 INFO  Progress (2): 10/12 MB | 1.0/3.8 MB
2026.06.24 22:19:58 INFO  Progress (2): 10/12 MB | 1.0/3.8 MB
2026.06.24 22:19:58 INFO  Progress (2): 10/12 MB | 1.1/3.8 MB
2026.06.24 22:19:58 INFO  Progress (2): 10/12 MB | 1.1/3.8 MB
2026.06.24 22:19:58 INFO  Progress (2): 10/12 MB | 1.1/3.8 MB
2026.06.24 22:19:58 INFO  Progress (2): 10/12 MB | 1.1/3.8 MB
2026.06.24 22:19:58 INFO  Progress (2): 10/12 MB | 1.1/3.8 MB
2026.06.24 22:19:58 INFO  Progress (2): 10/12 MB | 1.1/3.8 MB
2026.06.24 22:19:58 INFO  Progress (2): 10/12 MB | 1.1/3.8 MB
2026.06.24 22:19:58 INFO  Progress (2): 10/12 MB | 1.1/3.8 MB
2026.06.24 22:19:58 INFO  Progress (2): 10/12 MB | 1.1/3.8 MB
2026.06.24 22:19:58 INFO  Progress (2): 10/12 MB | 1.1/3.8 MB
2026.06.24 22:19:58 INFO  Progress (2): 10/12 MB | 1.1/3.8 MB
2026.06.24 22:19:58 INFO  Progress (2): 10/12 MB | 1.1/3.8 MB
2026.06.24 22:19:58 INFO  Progress (2): 10/12 MB | 1.1/3.8 MB
2026.06.24 22:19:58 INFO  Progress (2): 10/12 MB | 1.1/3.8 MB
2026.06.24 22:19:58 INFO  Progress (2): 10/12 MB | 1.1/3.8 MB
2026.06.24 22:19:58 INFO  Progress (2): 10/12 MB | 1.1/3.8 MB
2026.06.24 22:19:58 INFO  Progress (2): 10/12 MB | 1.1/3.8 MB
2026.06.24 22:19:58 INFO  Progress (2): 10/12 MB | 1.1/3.8 MB
2026.06.24 22:19:58 INFO  Progress (2): 10/12 MB | 1.1/3.8 MB
2026.06.24 22:19:58 INFO  Progress (2): 10/12 MB | 1.2/3.8 MB
2026.06.24 22:19:58 INFO  Progress (2): 10/12 MB | 1.2/3.8 MB
2026.06.24 22:19:58 INFO  Progress (2): 10/12 MB | 1.2/3.8 MB
2026.06.24 22:19:58 INFO  Progress (2): 10/12 MB | 1.2/3.8 MB
2026.06.24 22:19:58 INFO  Progress (2): 10/12 MB | 1.2/3.8 MB
2026.06.24 22:19:58 INFO  Progress (2): 10/12 MB | 1.2/3.8 MB
2026.06.24 22:19:58 INFO  Progress (2): 10/12 MB | 1.2/3.8 MB
2026.06.24 22:19:58 INFO  Progress (2): 10/12 MB | 1.2/3.8 MB
2026.06.24 22:19:58 INFO  Progress (2): 10/12 MB | 1.2/3.8 MB
2026.06.24 22:19:58 INFO  Progress (2): 10/12 MB | 1.2/3.8 MB
2026.06.24 22:19:58 INFO  Progress (2): 10/12 MB | 1.2/3.8 MB
2026.06.24 22:19:58 INFO  Progress (2): 10/12 MB | 1.2/3.8 MB
2026.06.24 22:19:58 INFO  Progress (2): 10/12 MB | 1.3/3.8 MB
2026.06.24 22:19:58 INFO  Progress (2): 10/12 MB | 1.3/3.8 MB
2026.06.24 22:19:58 INFO  Progress (2): 10/12 MB | 1.3/3.8 MB
2026.06.24 22:19:58 INFO  Progress (2): 10/12 MB | 1.3/3.8 MB
2026.06.24 22:19:58 INFO  Progress (2): 10/12 MB | 1.3/3.8 MB
2026.06.24 22:19:58 INFO  Progress (2): 10/12 MB | 1.3/3.8 MB
2026.06.24 22:19:58 INFO  Progress (2): 10/12 MB | 1.3/3.8 MB
2026.06.24 22:19:58 INFO  Progress (2): 10/12 MB | 1.3/3.8 MB
2026.06.24 22:19:58 INFO  Progress (2): 10/12 MB | 1.3/3.8 MB
2026.06.24 22:19:58 INFO  Progress (2): 10/12 MB | 1.3/3.8 MB
2026.06.24 22:19:58 INFO  Progress (2): 10/12 MB | 1.3/3.8 MB
2026.06.24 22:19:58 INFO  Progress (2): 10/12 MB | 1.4/3.8 MB
2026.06.24 22:19:58 INFO  Progress (2): 11/12 MB | 1.4/3.8 MB
2026.06.24 22:19:58 INFO  Progress (2): 11/12 MB | 1.4/3.8 MB
2026.06.24 22:19:58 INFO  Progress (2): 11/12 MB | 1.4/3.8 MB
2026.06.24 22:19:58 INFO  Progress (2): 11/12 MB | 1.4/3.8 MB
2026.06.24 22:19:58 INFO  Progress (2): 11/12 MB | 1.4/3.8 MB
2026.06.24 22:19:58 INFO  Progress (2): 11/12 MB | 1.4/3.8 MB
2026.06.24 22:19:58 INFO  Progress (2): 11/12 MB | 1.4/3.8 MB
2026.06.24 22:19:58 INFO  Progress (2): 11/12 MB | 1.4/3.8 MB
2026.06.24 22:19:58 INFO  Progress (2): 11/12 MB | 1.4/3.8 MB
2026.06.24 22:19:58 INFO  Progress (2): 11/12 MB | 1.4/3.8 MB
2026.06.24 22:19:58 INFO  Progress (2): 11/12 MB | 1.4/3.8 MB
2026.06.24 22:19:58 INFO  Progress (2): 11/12 MB | 1.4/3.8 MB
2026.06.24 22:19:58 INFO  Progress (2): 11/12 MB | 1.4/3.8 MB
2026.06.24 22:19:58 INFO  Progress (2): 11/12 MB | 1.5/3.8 MB
2026.06.24 22:19:58 INFO  Progress (2): 11/12 MB | 1.5/3.8 MB
2026.06.24 22:19:58 INFO  Progress (3): 11/12 MB | 1.5/3.8 MB | 7.7/60 kB
2026.06.24 22:19:58 INFO  Progress (3): 11/12 MB | 1.5/3.8 MB | 16/60 kB 
2026.06.24 22:19:58 INFO  Progress (3): 11/12 MB | 1.5/3.8 MB | 32/60 kB
2026.06.24 22:19:58 INFO  Progress (3): 11/12 MB | 1.5/3.8 MB | 49/60 kB
2026.06.24 22:19:58 INFO  Progress (3): 11/12 MB | 1.5/3.8 MB | 49/60 kB
2026.06.24 22:19:58 INFO  Progress (3): 11/12 MB | 1.5/3.8 MB | 60 kB   
2026.06.24 22:19:58 INFO  Progress (3): 11/12 MB | 1.5/3.8 MB | 60 kB
2026.06.24 22:19:58 INFO  Progress (3): 11/12 MB | 1.5/3.8 MB | 60 kB
2026.06.24 22:19:58 INFO                                             
2026.06.24 22:19:58 INFO  Downloaded from central: https://repo.maven.apache.org/maven2/net/openhft/zero-allocation-hashing/0.10.1/zero-allocation-hashing-0.10.1.jar (60 kB at 113 kB/s)
2026.06.24 22:19:58 INFO  Progress (2): 11/12 MB | 1.5/3.8 MB
2026.06.24 22:19:58 INFO  Progress (2): 11/12 MB | 1.5/3.8 MB
2026.06.24 22:19:58 INFO  Progress (2): 11/12 MB | 1.5/3.8 MB
2026.06.24 22:19:58 INFO  Progress (2): 11/12 MB | 1.5/3.8 MB
2026.06.24 22:19:58 INFO  Progress (2): 11/12 MB | 1.5/3.8 MB
2026.06.24 22:19:58 INFO  Progress (2): 11/12 MB | 1.5/3.8 MB
2026.06.24 22:19:58 INFO  Progress (2): 11/12 MB | 1.5/3.8 MB
2026.06.24 22:19:58 INFO  Progress (2): 11/12 MB | 1.5/3.8 MB
2026.06.24 22:19:58 INFO  Progress (2): 11/12 MB | 1.5/3.8 MB
2026.06.24 22:19:58 INFO  Progress (2): 11/12 MB | 1.5/3.8 MB
2026.06.24 22:19:58 INFO  Progress (2): 11/12 MB | 1.6/3.8 MB
2026.06.24 22:19:58 INFO  Progress (2): 11/12 MB | 1.6/3.8 MB
2026.06.24 22:19:58 INFO  Progress (2): 11/12 MB | 1.6/3.8 MB
2026.06.24 22:19:58 INFO  Progress (2): 11/12 MB | 1.6/3.8 MB
2026.06.24 22:19:58 INFO  Progress (2): 11/12 MB | 1.6/3.8 MB
2026.06.24 22:19:58 INFO  Progress (2): 11/12 MB | 1.6/3.8 MB
2026.06.24 22:19:58 INFO  Progress (2): 11/12 MB | 1.6/3.8 MB
2026.06.24 22:19:58 INFO  Progress (2): 11/12 MB | 1.6/3.8 MB
2026.06.24 22:19:58 INFO  Progress (2): 11/12 MB | 1.6/3.8 MB
2026.06.24 22:19:58 INFO  Progress (2): 11/12 MB | 1.6/3.8 MB
2026.06.24 22:19:58 INFO  Progress (2): 11/12 MB | 1.6/3.8 MB
2026.06.24 22:19:58 INFO  Progress (2): 11/12 MB | 1.6/3.8 MB
2026.06.24 22:19:58 INFO  Progress (2): 11/12 MB | 1.6/3.8 MB
2026.06.24 22:19:58 INFO  Progress (2): 11/12 MB | 1.6/3.8 MB
2026.06.24 22:19:58 INFO  Progress (2): 11/12 MB | 1.7/3.8 MB
2026.06.24 22:19:58 INFO  Progress (2): 11/12 MB | 1.7/3.8 MB
2026.06.24 22:19:58 INFO  Progress (2): 11/12 MB | 1.7/3.8 MB
2026.06.24 22:19:58 INFO  Progress (2): 11/12 MB | 1.7/3.8 MB
2026.06.24 22:19:58 INFO  Progress (2): 11/12 MB | 1.7/3.8 MB
2026.06.24 22:19:58 INFO  Progress (2): 11/12 MB | 1.7/3.8 MB
2026.06.24 22:19:58 INFO  Progress (2): 11/12 MB | 1.7/3.8 MB
2026.06.24 22:19:58 INFO  Progress (2): 11/12 MB | 1.7/3.8 MB
2026.06.24 22:19:58 INFO  Progress (2): 11/12 MB | 1.7/3.8 MB
2026.06.24 22:19:58 INFO  Progress (2): 11/12 MB | 1.7/3.8 MB
2026.06.24 22:19:58 INFO  Progress (2): 11/12 MB | 1.7/3.8 MB
2026.06.24 22:19:58 INFO  Progress (2): 11/12 MB | 1.7/3.8 MB
2026.06.24 22:19:58 INFO  Progress (2): 11/12 MB | 1.7/3.8 MB
2026.06.24 22:19:58 INFO  Progress (2): 11/12 MB | 1.7/3.8 MB
2026.06.24 22:19:58 INFO  Progress (2): 11/12 MB | 1.7/3.8 MB
2026.06.24 22:19:58 INFO  Progress (2): 11/12 MB | 1.8/3.8 MB
2026.06.24 22:19:58 INFO  Progress (2): 11/12 MB | 1.8/3.8 MB
2026.06.24 22:19:58 INFO  Progress (2): 11/12 MB | 1.8/3.8 MB
2026.06.24 22:19:58 INFO  Progress (2): 11/12 MB | 1.8/3.8 MB
2026.06.24 22:19:58 INFO  Progress (2): 11/12 MB | 1.8/3.8 MB
2026.06.24 22:19:58 INFO  Progress (2): 11/12 MB | 1.8/3.8 MB
2026.06.24 22:19:58 INFO  Progress (2): 11/12 MB | 1.8/3.8 MB
2026.06.24 22:19:58 INFO  Progress (2): 11/12 MB | 1.8/3.8 MB
2026.06.24 22:19:58 INFO  Progress (2): 11/12 MB | 1.8/3.8 MB
2026.06.24 22:19:58 INFO  Progress (2): 11/12 MB | 1.8/3.8 MB
2026.06.24 22:19:58 INFO  Progress (2): 11/12 MB | 1.8/3.8 MB
2026.06.24 22:19:58 INFO  Progress (2): 11/12 MB | 1.8/3.8 MB
2026.06.24 22:19:58 INFO  Progress (2): 11/12 MB | 1.8/3.8 MB
2026.06.24 22:19:58 INFO  Progress (2): 11/12 MB | 1.8/3.8 MB
2026.06.24 22:19:58 INFO  Progress (3): 11/12 MB | 1.8/3.8 MB | 7.7/108 kB
2026.06.24 22:19:58 INFO  Progress (3): 11/12 MB | 1.8/3.8 MB | 7.7/108 kB
2026.06.24 22:19:58 INFO  Progress (3): 11/12 MB | 1.8/3.8 MB | 7.7/108 kB
2026.06.24 22:19:58 INFO  Progress (3): 11/12 MB | 1.8/3.8 MB | 7.7/108 kB
2026.06.24 22:19:58 INFO  Progress (3): 11/12 MB | 1.8/3.8 MB | 24/108 kB 
2026.06.24 22:19:58 INFO  Progress (3): 11/12 MB | 1.9/3.8 MB | 24/108 kB
2026.06.24 22:19:58 INFO  Progress (3): 11/12 MB | 1.9/3.8 MB | 24/108 kB
2026.06.24 22:19:58 INFO  Progress (3): 11/12 MB | 1.9/3.8 MB | 40/108 kB
2026.06.24 22:19:58 INFO  Progress (3): 11/12 MB | 1.9/3.8 MB | 40/108 kB
2026.06.24 22:19:58 INFO  Progress (3): 11/12 MB | 1.9/3.8 MB | 57/108 kB
2026.06.24 22:19:58 INFO  Progress (3): 11/12 MB | 1.9/3.8 MB | 57/108 kB
2026.06.24 22:19:58 INFO  Progress (3): 11/12 MB | 1.9/3.8 MB | 57/108 kB
2026.06.24 22:19:58 INFO  Progress (3): 11/12 MB | 1.9/3.8 MB | 73/108 kB
2026.06.24 22:19:58 INFO  Progress (3): 11/12 MB | 1.9/3.8 MB | 73/108 kB
2026.06.24 22:19:58 INFO  Progress (3): 11/12 MB | 1.9/3.8 MB | 73/108 kB
2026.06.24 22:19:58 INFO  Progress (3): 11/12 MB | 1.9/3.8 MB | 73/108 kB
2026.06.24 22:19:58 INFO  Progress (3): 11/12 MB | 1.9/3.8 MB | 90/108 kB
2026.06.24 22:19:58 INFO  Progress (3): 11/12 MB | 1.9/3.8 MB | 90/108 kB
2026.06.24 22:19:58 INFO  Progress (3): 11/12 MB | 1.9/3.8 MB | 106/108 kB
2026.06.24 22:19:58 INFO  Progress (3): 11/12 MB | 1.9/3.8 MB | 108 kB    
2026.06.24 22:19:58 INFO  Progress (3): 11/12 MB | 1.9/3.8 MB | 108 kB
2026.06.24 22:19:58 INFO  Progress (3): 11/12 MB | 1.9/3.8 MB | 108 kB
2026.06.24 22:19:58 INFO  Progress (3): 11/12 MB | 1.9/3.8 MB | 108 kB
2026.06.24 22:19:58 INFO  Progress (3): 11/12 MB | 1.9/3.8 MB | 108 kB
2026.06.24 22:19:58 INFO                                              
2026.06.24 22:19:58 INFO  Downloaded from central: https://repo.maven.apache.org/maven2/org/scala-sbt/zinc-classfile_2.13/1.8.0/zinc-classfile_2.13-1.8.0.jar (108 kB at 196 kB/s)
2026.06.24 22:19:58 INFO  Progress (2): 11/12 MB | 1.9/3.8 MB
2026.06.24 22:19:58 INFO  Progress (2): 11/12 MB | 2.0/3.8 MB
2026.06.24 22:19:58 INFO  Progress (2): 11/12 MB | 2.0/3.8 MB
2026.06.24 22:19:58 INFO  Progress (2): 11/12 MB | 2.0/3.8 MB
2026.06.24 22:19:58 INFO  Progress (2): 11/12 MB | 2.0/3.8 MB
2026.06.24 22:19:58 INFO  Progress (2): 11/12 MB | 2.0/3.8 MB
2026.06.24 22:19:58 INFO  Progress (2): 11/12 MB | 2.0/3.8 MB
2026.06.24 22:19:58 INFO  Progress (2): 11/12 MB | 2.0/3.8 MB
2026.06.24 22:19:58 INFO  Progress (2): 11/12 MB | 2.0/3.8 MB
2026.06.24 22:19:58 INFO  Progress (2): 11/12 MB | 2.0/3.8 MB
2026.06.24 22:19:58 INFO  Progress (2): 11/12 MB | 2.0/3.8 MB
2026.06.24 22:19:58 INFO  Progress (2): 11/12 MB | 2.0/3.8 MB
2026.06.24 22:19:58 INFO  Progress (2): 11/12 MB | 2.0/3.8 MB
2026.06.24 22:19:58 INFO  Progress (2): 11/12 MB | 2.0/3.8 MB
2026.06.24 22:19:58 INFO  Progress (2): 11/12 MB | 2.0/3.8 MB
2026.06.24 22:19:58 INFO  Progress (2): 11/12 MB | 2.0/3.8 MB
2026.06.24 22:19:58 INFO  Progress (2): 11/12 MB | 2.1/3.8 MB
2026.06.24 22:19:58 INFO  Progress (2): 11/12 MB | 2.1/3.8 MB
2026.06.24 22:19:58 INFO  Progress (2): 11/12 MB | 2.1/3.8 MB
2026.06.24 22:19:58 INFO  Progress (2): 12/12 MB | 2.1/3.8 MB
2026.06.24 22:19:58 INFO  Progress (2): 12/12 MB | 2.1/3.8 MB
2026.06.24 22:19:58 INFO  Progress (2): 12/12 MB | 2.1/3.8 MB
2026.06.24 22:19:58 INFO  Progress (2): 12/12 MB | 2.1/3.8 MB
2026.06.24 22:19:58 INFO  Progress (2): 12/12 MB | 2.1/3.8 MB
2026.06.24 22:19:58 INFO  Progress (2): 12/12 MB | 2.1/3.8 MB
2026.06.24 22:19:58 INFO  Progress (2): 12/12 MB | 2.1/3.8 MB
2026.06.24 22:19:58 INFO  Progress (2): 12/12 MB | 2.1/3.8 MB
2026.06.24 22:19:58 INFO  Progress (2): 12/12 MB | 2.1/3.8 MB
2026.06.24 22:19:58 INFO  Progress (2): 12/12 MB | 2.1/3.8 MB
2026.06.24 22:19:58 INFO  Progress (2): 12/12 MB | 2.1/3.8 MB
2026.06.24 22:19:58 INFO  Progress (2): 12/12 MB | 2.1/3.8 MB
2026.06.24 22:19:58 INFO  Progress (2): 12/12 MB | 2.2/3.8 MB
2026.06.24 22:19:58 INFO  Progress (2): 12/12 MB | 2.2/3.8 MB
2026.06.24 22:19:58 INFO  Progress (2): 12/12 MB | 2.2/3.8 MB
2026.06.24 22:19:58 INFO  Progress (2): 12/12 MB | 2.2/3.8 MB
2026.06.24 22:19:58 INFO  Progress (2): 12/12 MB | 2.2/3.8 MB
2026.06.24 22:19:58 INFO  Progress (2): 12/12 MB | 2.2/3.8 MB
2026.06.24 22:19:58 INFO  Progress (2): 12/12 MB | 2.2/3.8 MB
2026.06.24 22:19:58 INFO  Progress (2): 12/12 MB | 2.2/3.8 MB
2026.06.24 22:19:58 INFO  Progress (2): 12/12 MB | 2.2/3.8 MB
2026.06.24 22:19:58 INFO  Progress (2): 12/12 MB | 2.2/3.8 MB
2026.06.24 22:19:58 INFO  Progress (2): 12/12 MB | 2.2/3.8 MB
2026.06.24 22:19:58 INFO  Progress (2): 12/12 MB | 2.2/3.8 MB
2026.06.24 22:19:58 INFO  Progress (2): 12/12 MB | 2.2/3.8 MB
2026.06.24 22:19:58 INFO  Progress (2): 12/12 MB | 2.2/3.8 MB
2026.06.24 22:19:58 INFO  Progress (2): 12/12 MB | 2.3/3.8 MB
2026.06.24 22:19:58 INFO  Progress (2): 12/12 MB | 2.3/3.8 MB
2026.06.24 22:19:58 INFO  Progress (2): 12/12 MB | 2.3/3.8 MB
2026.06.24 22:19:58 INFO  Progress (2): 12/12 MB | 2.3/3.8 MB
2026.06.24 22:19:58 INFO  Progress (2): 12/12 MB | 2.3/3.8 MB
2026.06.24 22:19:58 INFO  Progress (2): 12/12 MB | 2.3/3.8 MB
2026.06.24 22:19:58 INFO  Progress (2): 12/12 MB | 2.3/3.8 MB
2026.06.24 22:19:58 INFO  Progress (2): 12/12 MB | 2.3/3.8 MB
2026.06.24 22:19:58 INFO  Progress (2): 12/12 MB | 2.3/3.8 MB
2026.06.24 22:19:58 INFO  Progress (2): 12/12 MB | 2.3/3.8 MB
2026.06.24 22:19:58 INFO  Progress (2): 12/12 MB | 2.3/3.8 MB
2026.06.24 22:19:58 INFO  Progress (2): 12/12 MB | 2.3/3.8 MB
2026.06.24 22:19:58 INFO  Progress (2): 12/12 MB | 2.3/3.8 MB
2026.06.24 22:19:58 INFO  Progress (2): 12/12 MB | 2.3/3.8 MB
2026.06.24 22:19:58 INFO  Progress (2): 12/12 MB | 2.4/3.8 MB
2026.06.24 22:19:58 INFO  Progress (2): 12/12 MB | 2.4/3.8 MB
2026.06.24 22:19:58 INFO  Progress (2): 12/12 MB | 2.4/3.8 MB
2026.06.24 22:19:58 INFO  Progress (2): 12/12 MB | 2.4/3.8 MB
2026.06.24 22:19:58 INFO  Progress (2): 12/12 MB | 2.4/3.8 MB
2026.06.24 22:19:58 INFO  Progress (2): 12/12 MB | 2.4/3.8 MB
2026.06.24 22:19:58 INFO  Progress (2): 12/12 MB | 2.4/3.8 MB
2026.06.24 22:19:58 INFO  Progress (2): 12/12 MB | 2.4/3.8 MB
2026.06.24 22:19:58 INFO  Progress (2): 12/12 MB | 2.4/3.8 MB
2026.06.24 22:19:58 INFO  Progress (2): 12/12 MB | 2.4/3.8 MB
2026.06.24 22:19:58 INFO  Progress (2): 12/12 MB | 2.4/3.8 MB
2026.06.24 22:19:58 INFO  Progress (2): 12/12 MB | 2.4/3.8 MB
2026.06.24 22:19:58 INFO  Progress (2): 12/12 MB | 2.4/3.8 MB
2026.06.24 22:19:58 INFO  Progress (2): 12/12 MB | 2.5/3.8 MB
2026.06.24 22:19:58 INFO  Progress (2): 12/12 MB | 2.5/3.8 MB
2026.06.24 22:19:58 INFO  Progress (2): 12/12 MB | 2.5/3.8 MB
2026.06.24 22:19:58 INFO  Progress (2): 12/12 MB | 2.5/3.8 MB
2026.06.24 22:19:58 INFO  Progress (2): 12/12 MB | 2.5/3.8 MB
2026.06.24 22:19:58 INFO  Progress (2): 12/12 MB | 2.5/3.8 MB
2026.06.24 22:19:58 INFO  Progress (2): 12/12 MB | 2.5/3.8 MB
2026.06.24 22:19:58 INFO  Progress (2): 12/12 MB | 2.5/3.8 MB
2026.06.24 22:19:58 INFO  Progress (2): 12/12 MB | 2.5/3.8 MB
2026.06.24 22:19:58 INFO  Progress (2): 12/12 MB | 2.5/3.8 MB
2026.06.24 22:19:58 INFO  Progress (2): 12/12 MB | 2.5/3.8 MB
2026.06.24 22:19:58 INFO  Progress (2): 12 MB | 2.5/3.8 MB   
2026.06.24 22:19:58 INFO  Progress (2): 12 MB | 2.5/3.8 MB
2026.06.24 22:19:58 INFO  Progress (2): 12 MB | 2.5/3.8 MB
2026.06.24 22:19:58 INFO                                  
2026.06.24 22:19:58 INFO  Downloaded from central: https://repo.maven.apache.org/maven2/org/scala-lang/scala-compiler/2.13.8/scala-compiler-2.13.8.jar (12 MB at 21 MB/s)
2026.06.24 22:19:58 INFO  Progress (1): 2.5/3.8 MB
2026.06.24 22:19:58 INFO  Progress (1): 2.6/3.8 MB
2026.06.24 22:19:58 INFO  Progress (1): 2.6/3.8 MB
2026.06.24 22:19:58 INFO  Progress (1): 2.6/3.8 MB
2026.06.24 22:19:58 INFO  Progress (1): 2.6/3.8 MB
2026.06.24 22:19:58 INFO  Progress (1): 2.6/3.8 MB
2026.06.24 22:19:58 INFO  Progress (1): 2.6/3.8 MB
2026.06.24 22:19:58 INFO  Progress (1): 2.7/3.8 MB
2026.06.24 22:19:58 INFO  Progress (1): 2.7/3.8 MB
2026.06.24 22:19:58 INFO  Progress (1): 2.7/3.8 MB
2026.06.24 22:19:58 INFO  Progress (1): 2.7/3.8 MB
2026.06.24 22:19:58 INFO  Progress (1): 2.7/3.8 MB
2026.06.24 22:19:58 INFO  Progress (1): 2.7/3.8 MB
2026.06.24 22:19:58 INFO  Progress (1): 2.8/3.8 MB
2026.06.24 22:19:58 INFO  Progress (1): 2.8/3.8 MB
2026.06.24 22:19:58 INFO  Progress (1): 2.8/3.8 MB
2026.06.24 22:19:58 INFO  Progress (1): 2.8/3.8 MB
2026.06.24 22:19:58 INFO  Progress (1): 2.8/3.8 MB
2026.06.24 22:19:58 INFO  Progress (1): 2.8/3.8 MB
2026.06.24 22:19:58 INFO  Progress (1): 2.9/3.8 MB
2026.06.24 22:19:58 INFO  Progress (1): 2.9/3.8 MB
2026.06.24 22:19:58 INFO  Progress (1): 2.9/3.8 MB
2026.06.24 22:19:58 INFO  Progress (1): 2.9/3.8 MB
2026.06.24 22:19:58 INFO  Progress (1): 2.9/3.8 MB
2026.06.24 22:19:58 INFO  Progress (1): 2.9/3.8 MB
2026.06.24 22:19:58 INFO  Progress (1): 2.9/3.8 MB
2026.06.24 22:19:58 INFO  Progress (1): 3.0/3.8 MB
2026.06.24 22:19:58 INFO  Progress (1): 3.0/3.8 MB
2026.06.24 22:19:58 INFO  Progress (1): 3.0/3.8 MB
2026.06.24 22:19:58 INFO  Progress (1): 3.0/3.8 MB
2026.06.24 22:19:58 INFO  Progress (1): 3.0/3.8 MB
2026.06.24 22:19:58 INFO  Progress (1): 3.0/3.8 MB
2026.06.24 22:19:58 INFO  Progress (1): 3.1/3.8 MB
2026.06.24 22:19:58 INFO  Progress (1): 3.1/3.8 MB
2026.06.24 22:19:58 INFO  Progress (1): 3.1/3.8 MB
2026.06.24 22:19:58 INFO  Progress (1): 3.1/3.8 MB
2026.06.24 22:19:58 INFO  Progress (1): 3.1/3.8 MB
2026.06.24 22:19:58 INFO  Progress (1): 3.1/3.8 MB
2026.06.24 22:19:58 INFO  Progress (1): 3.2/3.8 MB
2026.06.24 22:19:58 INFO  Progress (1): 3.2/3.8 MB
2026.06.24 22:19:58 INFO  Progress (1): 3.2/3.8 MB
2026.06.24 22:19:58 INFO  Progress (1): 3.2/3.8 MB
2026.06.24 22:19:58 INFO  Progress (1): 3.2/3.8 MB
2026.06.24 22:19:58 INFO  Progress (1): 3.2/3.8 MB
2026.06.24 22:19:58 INFO  Progress (1): 3.3/3.8 MB
2026.06.24 22:19:58 INFO  Progress (1): 3.3/3.8 MB
2026.06.24 22:19:58 INFO  Progress (1): 3.3/3.8 MB
2026.06.24 22:19:58 INFO  Progress (1): 3.3/3.8 MB
2026.06.24 22:19:58 INFO  Progress (1): 3.3/3.8 MB
2026.06.24 22:19:58 INFO  Progress (1): 3.3/3.8 MB
2026.06.24 22:19:58 INFO  Progress (1): 3.4/3.8 MB
2026.06.24 22:19:58 INFO  Progress (1): 3.4/3.8 MB
2026.06.24 22:19:58 INFO  Progress (1): 3.4/3.8 MB
2026.06.24 22:19:58 INFO  Progress (1): 3.4/3.8 MB
2026.06.24 22:19:58 INFO  Progress (1): 3.4/3.8 MB
2026.06.24 22:19:58 INFO  Progress (1): 3.4/3.8 MB
2026.06.24 22:19:58 INFO  Progress (1): 3.5/3.8 MB
2026.06.24 22:19:58 INFO  Progress (1): 3.5/3.8 MB
2026.06.24 22:19:58 INFO  Progress (1): 3.5/3.8 MB
2026.06.24 22:19:58 INFO  Progress (1): 3.5/3.8 MB
2026.06.24 22:19:58 INFO  Progress (1): 3.5/3.8 MB
2026.06.24 22:19:58 INFO  Progress (1): 3.5/3.8 MB
2026.06.24 22:19:58 INFO  Progress (1): 3.6/3.8 MB
2026.06.24 22:19:58 INFO  Progress (1): 3.6/3.8 MB
2026.06.24 22:19:58 INFO  Progress (1): 3.6/3.8 MB
2026.06.24 22:19:58 INFO  Progress (1): 3.6/3.8 MB
2026.06.24 22:19:58 INFO  Progress (1): 3.6/3.8 MB
2026.06.24 22:19:58 INFO  Progress (1): 3.6/3.8 MB
2026.06.24 22:19:58 INFO  Progress (1): 3.7/3.8 MB
2026.06.24 22:19:58 INFO  Progress (1): 3.7/3.8 MB
2026.06.24 22:19:58 INFO  Progress (1): 3.7/3.8 MB
2026.06.24 22:19:58 INFO  Progress (1): 3.7/3.8 MB
2026.06.24 22:19:58 INFO  Progress (1): 3.7/3.8 MB
2026.06.24 22:19:58 INFO  Progress (1): 3.7/3.8 MB
2026.06.24 22:19:58 INFO  Progress (1): 3.8/3.8 MB
2026.06.24 22:19:58 INFO  Progress (1): 3.8/3.8 MB
2026.06.24 22:19:58 INFO  Progress (1): 3.8 MB    
2026.06.24 22:19:58 INFO                      
2026.06.24 22:19:58 INFO  Downloaded from central: https://repo.maven.apache.org/maven2/org/scala-lang/scala-reflect/2.13.8/scala-reflect-2.13.8.jar (3.8 MB at 6.2 MB/s)
2026.06.24 22:19:58 INFO  Progress (1): 7.7/19 kB
2026.06.24 22:19:58 INFO  Progress (1): 16/19 kB 
2026.06.24 22:19:58 INFO  Progress (1): 19 kB   
2026.06.24 22:19:58 INFO                     
2026.06.24 22:19:58 INFO  Downloaded from central: https://repo.maven.apache.org/maven2/org/scala-sbt/util-control_2.13/1.8.0/util-control_2.13-1.8.0.jar (19 kB at 30 kB/s)
2026.06.24 22:19:58 INFO  [ERROR] org.scala-lang:scala([0-9]?)-library is missing from project dependencies
2026.06.24 22:19:58 INFO  [ERROR] org.scala-lang:scala([0-9]?)-library is missing from project dependencies
2026.06.24 22:19:58 INFO  [INFO] Resolving artifact: org.springframework.boot:spring-boot-test-autoconfigure:jar:3.5.15:test (sources = false)
2026.06.24 22:19:58 INFO  [INFO] SUCCESS: org.springframework.boot:spring-boot-test-autoconfigure:jar:3.5.15:test (sources = false)
2026.06.24 22:19:58 INFO  [INFO] Resolving artifact: org.springframework.boot:spring-boot-test-autoconfigure:jar:3.5.15:test (sources = true)
2026.06.24 22:19:58 INFO  Downloading from central: https://repo.maven.apache.org/maven2/org/springframework/boot/spring-boot-test-autoconfigure/3.5.15/spring-boot-test-autoconfigure-3.5.15-sources.jar
2026.06.24 22:19:58 INFO  Progress (1): 7.7/228 kB
2026.06.24 22:19:58 INFO  Progress (1): 16/228 kB 
2026.06.24 22:19:58 INFO  Progress (1): 24/228 kB
2026.06.24 22:19:58 INFO  Progress (1): 40/228 kB
2026.06.24 22:19:58 INFO  Progress (1): 57/228 kB
2026.06.24 22:19:58 INFO  Progress (1): 73/228 kB
2026.06.24 22:19:58 INFO  Progress (1): 90/228 kB
2026.06.24 22:19:58 INFO  Progress (1): 106/228 kB
2026.06.24 22:19:58 INFO  Progress (1): 122/228 kB
2026.06.24 22:19:58 INFO  Progress (1): 131/228 kB
2026.06.24 22:19:58 INFO  Progress (1): 147/228 kB
2026.06.24 22:19:58 INFO  Progress (1): 164/228 kB
2026.06.24 22:19:58 INFO  Progress (1): 180/228 kB
2026.06.24 22:19:58 INFO  Progress (1): 197/228 kB
2026.06.24 22:19:58 INFO  Progress (1): 213/228 kB
2026.06.24 22:19:58 INFO  Progress (1): 228 kB    
2026.06.24 22:19:58 INFO                      
2026.06.24 22:19:58 INFO  Downloaded from central: https://repo.maven.apache.org/maven2/org/springframework/boot/spring-boot-test-autoconfigure/3.5.15/spring-boot-test-autoconfigure-3.5.15-sources.jar (228 kB at 8.1 MB/s)
2026.06.24 22:19:58 INFO  [INFO] SUCCESS: org.springframework.boot:spring-boot-test-autoconfigure:jar:3.5.15:test (sources = true)
2026.06.24 22:19:58 INFO  [INFO] Resolving artifact: org.hamcrest:hamcrest:jar:3.0:test (sources = false)
2026.06.24 22:19:58 INFO  [INFO] SUCCESS: org.hamcrest:hamcrest:jar:3.0:test (sources = false)
2026.06.24 22:19:58 INFO  [INFO] Resolving artifact: org.hamcrest:hamcrest:jar:3.0:test (sources = true)
2026.06.24 22:19:58 INFO  Downloading from central: https://repo.maven.apache.org/maven2/org/hamcrest/hamcrest/3.0/hamcrest-3.0-sources.jar
2026.06.24 22:19:58 INFO  Progress (1): 7.7/85 kB
2026.06.24 22:19:58 INFO  Progress (1): 7.7/85 kB
2026.06.24 22:19:58 INFO  Progress (1): 24/85 kB 
2026.06.24 22:19:58 INFO  Progress (1): 40/85 kB
2026.06.24 22:19:58 INFO  Progress (1): 57/85 kB
2026.06.24 22:19:58 INFO  Progress (1): 73/85 kB
2026.06.24 22:19:58 INFO  Progress (1): 85 kB   
2026.06.24 22:19:58 INFO                     
2026.06.24 22:19:58 INFO  Downloaded from central: https://repo.maven.apache.org/maven2/org/hamcrest/hamcrest/3.0/hamcrest-3.0-sources.jar (85 kB at 3.2 MB/s)
2026.06.24 22:19:58 INFO  [INFO] SUCCESS: org.hamcrest:hamcrest:jar:3.0:test (sources = true)
2026.06.24 22:19:58 INFO  [INFO] Resolving artifact: org.yaml:snakeyaml:jar:2.4:compile (sources = false)
2026.06.24 22:19:58 INFO  [INFO] SUCCESS: org.yaml:snakeyaml:jar:2.4:compile (sources = false)
2026.06.24 22:19:58 INFO  [INFO] Resolving artifact: org.yaml:snakeyaml:jar:2.4:compile (sources = true)
2026.06.24 22:19:58 INFO  Downloading from central: https://repo.maven.apache.org/maven2/org/yaml/snakeyaml/2.4/snakeyaml-2.4-sources.jar
2026.06.24 22:19:58 INFO  Progress (1): 7.7/210 kB
2026.06.24 22:19:58 INFO  Progress (1): 12/210 kB 
2026.06.24 22:19:58 INFO  Progress (1): 29/210 kB
2026.06.24 22:19:58 INFO  Progress (1): 45/210 kB
2026.06.24 22:19:58 INFO  Progress (1): 61/210 kB
2026.06.24 22:19:58 INFO  Progress (1): 78/210 kB
2026.06.24 22:19:58 INFO  Progress (1): 94/210 kB
2026.06.24 22:19:58 INFO  Progress (1): 111/210 kB
2026.06.24 22:19:58 INFO  Progress (1): 127/210 kB
2026.06.24 22:19:58 INFO  Progress (1): 143/210 kB
2026.06.24 22:19:58 INFO  Progress (1): 160/210 kB
2026.06.24 22:19:58 INFO  Progress (1): 176/210 kB
2026.06.24 22:19:58 INFO  Progress (1): 193/210 kB
2026.06.24 22:19:58 INFO  Progress (1): 209/210 kB
2026.06.24 22:19:58 INFO  Progress (1): 210 kB    
2026.06.24 22:19:58 INFO                      
2026.06.24 22:19:58 INFO  Downloaded from central: https://repo.maven.apache.org/maven2/org/yaml/snakeyaml/2.4/snakeyaml-2.4-sources.jar (210 kB at 7.8 MB/s)
2026.06.24 22:19:58 INFO  [INFO] SUCCESS: org.yaml:snakeyaml:jar:2.4:compile (sources = true)
2026.06.24 22:19:58 INFO  [INFO] Resolving artifact: net.minidev:json-smart:jar:2.5.2:test (sources = false)
2026.06.24 22:19:58 INFO  [INFO] SUCCESS: net.minidev:json-smart:jar:2.5.2:test (sources = false)
2026.06.24 22:19:58 INFO  [INFO] Resolving artifact: net.minidev:json-smart:jar:2.5.2:test (sources = true)
2026.06.24 22:19:58 INFO  Downloading from central: https://repo.maven.apache.org/maven2/net/minidev/json-smart/2.5.2/json-smart-2.5.2-sources.jar
2026.06.24 22:19:58 INFO  Progress (1): 7.7/65 kB
2026.06.24 22:19:58 INFO  Progress (1): 16/65 kB 
2026.06.24 22:19:58 INFO  Progress (1): 24/65 kB
2026.06.24 22:19:58 INFO  Progress (1): 40/65 kB
2026.06.24 22:19:58 INFO  Progress (1): 57/65 kB
2026.06.24 22:19:58 INFO  Progress (1): 65 kB   
2026.06.24 22:19:58 INFO                     
2026.06.24 22:19:58 INFO  Downloaded from central: https://repo.maven.apache.org/maven2/net/minidev/json-smart/2.5.2/json-smart-2.5.2-sources.jar (65 kB at 2.8 MB/s)
2026.06.24 22:19:58 INFO  [INFO] SUCCESS: net.minidev:json-smart:jar:2.5.2:test (sources = true)
2026.06.24 22:19:58 INFO  [INFO] Resolving artifact: com.sun.istack:istack-commons-runtime:jar:4.1.2:runtime (sources = false)
2026.06.24 22:19:58 INFO  [INFO] SUCCESS: com.sun.istack:istack-commons-runtime:jar:4.1.2:runtime (sources = false)
2026.06.24 22:19:58 INFO  [INFO] Resolving artifact: com.sun.istack:istack-commons-runtime:jar:4.1.2:runtime (sources = true)
2026.06.24 22:19:58 INFO  Downloading from central: https://repo.maven.apache.org/maven2/com/sun/istack/istack-commons-runtime/4.1.2/istack-commons-runtime-4.1.2-sources.jar
2026.06.24 22:19:58 INFO  Progress (1): 7.7/23 kB
2026.06.24 22:19:58 INFO  Progress (1): 12/23 kB 
2026.06.24 22:19:58 INFO  Progress (1): 23 kB   
2026.06.24 22:19:58 INFO                     
2026.06.24 22:19:58 INFO  Downloaded from central: https://repo.maven.apache.org/maven2/com/sun/istack/istack-commons-runtime/4.1.2/istack-commons-runtime-4.1.2-sources.jar (23 kB at 886 kB/s)
2026.06.24 22:19:58 INFO  [INFO] SUCCESS: com.sun.istack:istack-commons-runtime:jar:4.1.2:runtime (sources = true)
2026.06.24 22:19:58 INFO  [INFO] Resolving artifact: org.springframework.boot:spring-boot-starter-web:jar:3.5.15:compile (sources = false)
2026.06.24 22:19:58 INFO  [INFO] SUCCESS: org.springframework.boot:spring-boot-starter-web:jar:3.5.15:compile (sources = false)
2026.06.24 22:19:58 INFO  [INFO] Resolving artifact: org.springframework.boot:spring-boot-starter-web:jar:3.5.15:compile (sources = true)
2026.06.24 22:19:58 INFO  Downloading from central: https://repo.maven.apache.org/maven2/org/springframework/boot/spring-boot-starter-web/3.5.15/spring-boot-starter-web-3.5.15-sources.jar
2026.06.24 22:19:58 INFO  Progress (1): 4.8 kB
2026.06.24 22:19:58 INFO                      
2026.06.24 22:19:58 INFO  Downloaded from central: https://repo.maven.apache.org/maven2/org/springframework/boot/spring-boot-starter-web/3.5.15/spring-boot-starter-web-3.5.15-sources.jar (4.8 kB at 166 kB/s)
2026.06.24 22:19:58 INFO  [INFO] SUCCESS: org.springframework.boot:spring-boot-starter-web:jar:3.5.15:compile (sources = true)
2026.06.24 22:19:58 INFO  [INFO] Resolving artifact: org.objenesis:objenesis:jar:3.3:test (sources = false)
2026.06.24 22:19:58 INFO  [INFO] SUCCESS: org.objenesis:objenesis:jar:3.3:test (sources = false)
2026.06.24 22:19:58 INFO  [INFO] Resolving artifact: org.objenesis:objenesis:jar:3.3:test (sources = true)
2026.06.24 22:19:58 INFO  Downloading from central: https://repo.maven.apache.org/maven2/org/objenesis/objenesis/3.3/objenesis-3.3-sources.jar
2026.06.24 22:19:58 INFO  Progress (1): 7.7/53 kB
2026.06.24 22:19:58 INFO  Progress (1): 7.7/53 kB
2026.06.24 22:19:58 INFO  Progress (1): 24/53 kB 
2026.06.24 22:19:58 INFO  Progress (1): 40/53 kB
2026.06.24 22:19:58 INFO  Progress (1): 53 kB   
2026.06.24 22:19:58 INFO                     
2026.06.24 22:19:58 INFO  Downloaded from central: https://repo.maven.apache.org/maven2/org/objenesis/objenesis/3.3/objenesis-3.3-sources.jar (53 kB at 2.2 MB/s)
2026.06.24 22:19:58 INFO  [INFO] SUCCESS: org.objenesis:objenesis:jar:3.3:test (sources = true)
2026.06.24 22:19:58 INFO  [INFO] Resolving artifact: ch.qos.logback:logback-classic:jar:1.5.34:compile (sources = false)
2026.06.24 22:19:58 INFO  [INFO] SUCCESS: ch.qos.logback:logback-classic:jar:1.5.34:compile (sources = false)
2026.06.24 22:19:58 INFO  [INFO] Resolving artifact: ch.qos.logback:logback-classic:jar:1.5.34:compile (sources = true)
2026.06.24 22:19:58 INFO  Downloading from central: https://repo.maven.apache.org/maven2/ch/qos/logback/logback-classic/1.5.34/logback-classic-1.5.34-sources.jar
2026.06.24 22:19:58 INFO  Progress (1): 7.7/251 kB
2026.06.24 22:19:58 INFO  Progress (1): 11/251 kB 
2026.06.24 22:19:58 INFO  Progress (1): 28/251 kB
2026.06.24 22:19:58 INFO  Progress (1): 44/251 kB
2026.06.24 22:19:58 INFO  Progress (1): 61/251 kB
2026.06.24 22:19:58 INFO  Progress (1): 77/251 kB
2026.06.24 22:19:58 INFO  Progress (1): 93/251 kB
2026.06.24 22:19:58 INFO  Progress (1): 110/251 kB
2026.06.24 22:19:58 INFO  Progress (1): 126/251 kB
2026.06.24 22:19:58 INFO  Progress (1): 142/251 kB
2026.06.24 22:19:58 INFO  Progress (1): 159/251 kB
2026.06.24 22:19:58 INFO  Progress (1): 175/251 kB
2026.06.24 22:19:58 INFO  Progress (1): 192/251 kB
2026.06.24 22:19:58 INFO  Progress (1): 208/251 kB
2026.06.24 22:19:58 INFO  Progress (1): 224/251 kB
2026.06.24 22:19:58 INFO  Progress (1): 241/251 kB
2026.06.24 22:19:58 INFO  Progress (1): 251 kB    
2026.06.24 22:19:58 INFO                      
2026.06.24 22:19:58 INFO  Downloaded from central: https://repo.maven.apache.org/maven2/ch/qos/logback/logback-classic/1.5.34/logback-classic-1.5.34-sources.jar (251 kB at 8.7 MB/s)
2026.06.24 22:19:58 INFO  [INFO] SUCCESS: ch.qos.logback:logback-classic:jar:1.5.34:compile (sources = true)
2026.06.24 22:19:58 INFO  [INFO] Resolving artifact: org.springframework:spring-tx:jar:6.2.19:compile (sources = false)
2026.06.24 22:19:58 INFO  [INFO] SUCCESS: org.springframework:spring-tx:jar:6.2.19:compile (sources = false)
2026.06.24 22:19:58 INFO  [INFO] Resolving artifact: org.springframework:spring-tx:jar:6.2.19:compile (sources = true)
2026.06.24 22:19:58 INFO  Downloading from central: https://repo.maven.apache.org/maven2/org/springframework/spring-tx/6.2.19/spring-tx-6.2.19-sources.jar
2026.06.24 22:19:58 INFO  Progress (1): 7.7/299 kB
2026.06.24 22:19:58 INFO  Progress (1): 16/299 kB 
2026.06.24 22:19:58 INFO  Progress (1): 32/299 kB
2026.06.24 22:19:58 INFO  Progress (1): 49/299 kB
2026.06.24 22:19:58 INFO  Progress (1): 65/299 kB
2026.06.24 22:19:58 INFO  Progress (1): 81/299 kB
2026.06.24 22:19:58 INFO  Progress (1): 98/299 kB
2026.06.24 22:19:58 INFO  Progress (1): 114/299 kB
2026.06.24 22:19:58 INFO  Progress (1): 131/299 kB
2026.06.24 22:19:58 INFO  Progress (1): 147/299 kB
2026.06.24 22:19:58 INFO  Progress (1): 163/299 kB
2026.06.24 22:19:58 INFO  Progress (1): 180/299 kB
2026.06.24 22:19:58 INFO  Progress (1): 196/299 kB
2026.06.24 22:19:58 INFO  Progress (1): 212/299 kB
2026.06.24 22:19:58 INFO  Progress (1): 229/299 kB
2026.06.24 22:19:58 INFO  Progress (1): 245/299 kB
2026.06.24 22:19:58 INFO  Progress (1): 262/299 kB
2026.06.24 22:19:58 INFO  Progress (1): 278/299 kB
2026.06.24 22:19:58 INFO  Progress (1): 294/299 kB
2026.06.24 22:19:59 INFO  Progress (1): 299 kB    
2026.06.24 22:19:59 INFO                      
2026.06.24 22:19:59 INFO  Downloaded from central: https://repo.maven.apache.org/maven2/org/springframework/spring-tx/6.2.19/spring-tx-6.2.19-sources.jar (299 kB at 8.8 MB/s)
2026.06.24 22:19:59 INFO  [INFO] SUCCESS: org.springframework:spring-tx:jar:6.2.19:compile (sources = true)
2026.06.24 22:19:59 INFO  [INFO] Resolving artifact: org.apache.logging.log4j:log4j-to-slf4j:jar:2.24.3:compile (sources = false)
2026.06.24 22:19:59 INFO  [INFO] SUCCESS: org.apache.logging.log4j:log4j-to-slf4j:jar:2.24.3:compile (sources = false)
2026.06.24 22:19:59 INFO  [INFO] Resolving artifact: org.apache.logging.log4j:log4j-to-slf4j:jar:2.24.3:compile (sources = true)
2026.06.24 22:19:59 INFO  Downloading from central: https://repo.maven.apache.org/maven2/org/apache/logging/log4j/log4j-to-slf4j/2.24.3/log4j-to-slf4j-2.24.3-sources.jar
2026.06.24 22:19:59 INFO  Progress (1): 7.7/18 kB
2026.06.24 22:19:59 INFO  Progress (1): 11/18 kB 
2026.06.24 22:19:59 INFO  Progress (1): 18 kB   
2026.06.24 22:19:59 INFO                     
2026.06.24 22:19:59 INFO  Downloaded from central: https://repo.maven.apache.org/maven2/org/apache/logging/log4j/log4j-to-slf4j/2.24.3/log4j-to-slf4j-2.24.3-sources.jar (18 kB at 631 kB/s)
2026.06.24 22:19:59 INFO  [INFO] SUCCESS: org.apache.logging.log4j:log4j-to-slf4j:jar:2.24.3:compile (sources = true)
2026.06.24 22:19:59 INFO  [INFO] Resolving artifact: com.fasterxml.jackson.core:jackson-core:jar:2.21.4:compile (sources = false)
2026.06.24 22:19:59 INFO  [INFO] SUCCESS: com.fasterxml.jackson.core:jackson-core:jar:2.21.4:compile (sources = false)
2026.06.24 22:19:59 INFO  [INFO] Resolving artifact: com.fasterxml.jackson.core:jackson-core:jar:2.21.4:compile (sources = true)
2026.06.24 22:19:59 INFO  Downloading from central: https://repo.maven.apache.org/maven2/com/fasterxml/jackson/core/jackson-core/2.21.4/jackson-core-2.21.4-sources.jar
2026.06.24 22:19:59 INFO  Progress (1): 7.7/503 kB
2026.06.24 22:19:59 INFO  Progress (1): 16/503 kB 
2026.06.24 22:19:59 INFO  Progress (1): 24/503 kB
2026.06.24 22:19:59 INFO  Progress (1): 40/503 kB
2026.06.24 22:19:59 INFO  Progress (1): 57/503 kB
2026.06.24 22:19:59 INFO  Progress (1): 73/503 kB
2026.06.24 22:19:59 INFO  Progress (1): 90/503 kB
2026.06.24 22:19:59 INFO  Progress (1): 106/503 kB
2026.06.24 22:19:59 INFO  Progress (1): 122/503 kB
2026.06.24 22:19:59 INFO  Progress (1): 139/503 kB
2026.06.24 22:19:59 INFO  Progress (1): 155/503 kB
2026.06.24 22:19:59 INFO  Progress (1): 172/503 kB
2026.06.24 22:19:59 INFO  Progress (1): 188/503 kB
2026.06.24 22:19:59 INFO  Progress (1): 204/503 kB
2026.06.24 22:19:59 INFO  Progress (1): 221/503 kB
2026.06.24 22:19:59 INFO  Progress (1): 237/503 kB
2026.06.24 22:19:59 INFO  Progress (1): 253/503 kB
2026.06.24 22:19:59 INFO  Progress (1): 270/503 kB
2026.06.24 22:19:59 INFO  Progress (1): 286/503 kB
2026.06.24 22:19:59 INFO  Progress (1): 303/503 kB
2026.06.24 22:19:59 INFO  Progress (1): 319/503 kB
2026.06.24 22:19:59 INFO  Progress (1): 335/503 kB
2026.06.24 22:19:59 INFO  Progress (1): 343/503 kB
2026.06.24 22:19:59 INFO  Progress (1): 359/503 kB
2026.06.24 22:19:59 INFO  Progress (1): 376/503 kB
2026.06.24 22:19:59 INFO  Progress (1): 392/503 kB
2026.06.24 22:19:59 INFO  Progress (1): 408/503 kB
2026.06.24 22:19:59 INFO  Progress (1): 425/503 kB
2026.06.24 22:19:59 INFO  Progress (1): 441/503 kB
2026.06.24 22:19:59 INFO  Progress (1): 452/503 kB
2026.06.24 22:19:59 INFO  Progress (1): 457/503 kB
2026.06.24 22:19:59 INFO  Progress (1): 474/503 kB
2026.06.24 22:19:59 INFO  Progress (1): 490/503 kB
2026.06.24 22:19:59 INFO  Progress (1): 503 kB    
2026.06.24 22:19:59 INFO                      
2026.06.24 22:19:59 INFO  Downloaded from central: https://repo.maven.apache.org/maven2/com/fasterxml/jackson/core/jackson-core/2.21.4/jackson-core-2.21.4-sources.jar (503 kB at 16 MB/s)
2026.06.24 22:19:59 INFO  [INFO] SUCCESS: com.fasterxml.jackson.core:jackson-core:jar:2.21.4:compile (sources = true)
2026.06.24 22:19:59 INFO  [INFO] Resolving artifact: org.springframework.data:spring-data-jpa:jar:3.5.12:compile (sources = false)
2026.06.24 22:19:59 INFO  [INFO] SUCCESS: org.springframework.data:spring-data-jpa:jar:3.5.12:compile (sources = false)
2026.06.24 22:19:59 INFO  [INFO] Resolving artifact: org.springframework.data:spring-data-jpa:jar:3.5.12:compile (sources = true)
2026.06.24 22:19:59 INFO  Downloading from central: https://repo.maven.apache.org/maven2/org/springframework/data/spring-data-jpa/3.5.12/spring-data-jpa-3.5.12-sources.jar
2026.06.24 22:19:59 INFO  Progress (1): 7.7/695 kB
2026.06.24 22:19:59 INFO  Progress (1): 12/695 kB 
2026.06.24 22:19:59 INFO  Progress (1): 29/695 kB
2026.06.24 22:19:59 INFO  Progress (1): 45/695 kB
2026.06.24 22:19:59 INFO  Progress (1): 61/695 kB
2026.06.24 22:19:59 INFO  Progress (1): 78/695 kB
2026.06.24 22:19:59 INFO  Progress (1): 94/695 kB
2026.06.24 22:19:59 INFO  Progress (1): 111/695 kB
2026.06.24 22:19:59 INFO  Progress (1): 115/695 kB
2026.06.24 22:19:59 INFO  Progress (1): 131/695 kB
2026.06.24 22:19:59 INFO  Progress (1): 147/695 kB
2026.06.24 22:19:59 INFO  Progress (1): 164/695 kB
2026.06.24 22:19:59 INFO  Progress (1): 180/695 kB
2026.06.24 22:19:59 INFO  Progress (1): 197/695 kB
2026.06.24 22:19:59 INFO  Progress (1): 213/695 kB
2026.06.24 22:19:59 INFO  Progress (1): 229/695 kB
2026.06.24 22:19:59 INFO  Progress (1): 246/695 kB
2026.06.24 22:19:59 INFO  Progress (1): 262/695 kB
2026.06.24 22:19:59 INFO  Progress (1): 279/695 kB
2026.06.24 22:19:59 INFO  Progress (1): 295/695 kB
2026.06.24 22:19:59 INFO  Progress (1): 311/695 kB
2026.06.24 22:19:59 INFO  Progress (1): 328/695 kB
2026.06.24 22:19:59 INFO  Progress (1): 344/695 kB
2026.06.24 22:19:59 INFO  Progress (1): 360/695 kB
2026.06.24 22:19:59 INFO  Progress (1): 377/695 kB
2026.06.24 22:19:59 INFO  Progress (1): 393/695 kB
2026.06.24 22:19:59 INFO  Progress (1): 410/695 kB
2026.06.24 22:19:59 INFO  Progress (1): 426/695 kB
2026.06.24 22:19:59 INFO  Progress (1): 442/695 kB
2026.06.24 22:19:59 INFO  Progress (1): 459/695 kB
2026.06.24 22:19:59 INFO  Progress (1): 475/695 kB
2026.06.24 22:19:59 INFO  Progress (1): 492/695 kB
2026.06.24 22:19:59 INFO  Progress (1): 508/695 kB
2026.06.24 22:19:59 INFO  Progress (1): 524/695 kB
2026.06.24 22:19:59 INFO  Progress (1): 541/695 kB
2026.06.24 22:19:59 INFO  Progress (1): 557/695 kB
2026.06.24 22:19:59 INFO  Progress (1): 573/695 kB
2026.06.24 22:19:59 INFO  Progress (1): 590/695 kB
2026.06.24 22:19:59 INFO  Progress (1): 606/695 kB
2026.06.24 22:19:59 INFO  Progress (1): 623/695 kB
2026.06.24 22:19:59 INFO  Progress (1): 639/695 kB
2026.06.24 22:19:59 INFO  Progress (1): 655/695 kB
2026.06.24 22:19:59 INFO  Progress (1): 672/695 kB
2026.06.24 22:19:59 INFO  Progress (1): 688/695 kB
2026.06.24 22:19:59 INFO  Progress (1): 695 kB    
2026.06.24 22:19:59 INFO                      
2026.06.24 22:19:59 INFO  Downloaded from central: https://repo.maven.apache.org/maven2/org/springframework/data/spring-data-jpa/3.5.12/spring-data-jpa-3.5.12-sources.jar (695 kB at 19 MB/s)
2026.06.24 22:19:59 INFO  [INFO] SUCCESS: org.springframework.data:spring-data-jpa:jar:3.5.12:compile (sources = true)
2026.06.24 22:19:59 INFO  [INFO] Resolving artifact: org.junit.jupiter:junit-jupiter-params:jar:5.12.2:test (sources = false)
2026.06.24 22:19:59 INFO  [INFO] SUCCESS: org.junit.jupiter:junit-jupiter-params:jar:5.12.2:test (sources = false)
2026.06.24 22:19:59 INFO  [INFO] Resolving artifact: org.junit.jupiter:junit-jupiter-params:jar:5.12.2:test (sources = true)
2026.06.24 22:19:59 INFO  Downloading from central: https://repo.maven.apache.org/maven2/org/junit/jupiter/junit-jupiter-params/5.12.2/junit-jupiter-params-5.12.2-sources.jar
2026.06.24 22:19:59 INFO  Progress (1): 7.7/92 kB
2026.06.24 22:19:59 INFO  Progress (1): 11/92 kB 
2026.06.24 22:19:59 INFO  Progress (1): 28/92 kB
2026.06.24 22:19:59 INFO  Progress (1): 44/92 kB
2026.06.24 22:19:59 INFO  Progress (1): 61/92 kB
2026.06.24 22:19:59 INFO  Progress (1): 77/92 kB
2026.06.24 22:19:59 INFO  Progress (1): 92 kB   
2026.06.24 22:19:59 INFO                     
2026.06.24 22:19:59 INFO  Downloaded from central: https://repo.maven.apache.org/maven2/org/junit/jupiter/junit-jupiter-params/5.12.2/junit-jupiter-params-5.12.2-sources.jar (92 kB at 3.5 MB/s)
2026.06.24 22:19:59 INFO  [INFO] SUCCESS: org.junit.jupiter:junit-jupiter-params:jar:5.12.2:test (sources = true)
2026.06.24 22:19:59 INFO  [INFO] Resolving artifact: com.fasterxml.jackson.core:jackson-annotations:jar:2.21:compile (sources = false)
2026.06.24 22:19:59 INFO  [INFO] SUCCESS: com.fasterxml.jackson.core:jackson-annotations:jar:2.21:compile (sources = false)
2026.06.24 22:19:59 INFO  [INFO] Resolving artifact: com.fasterxml.jackson.core:jackson-annotations:jar:2.21:compile (sources = true)
2026.06.24 22:19:59 INFO  Downloading from central: https://repo.maven.apache.org/maven2/com/fasterxml/jackson/core/jackson-annotations/2.21/jackson-annotations-2.21-sources.jar
2026.06.24 22:19:59 INFO  Progress (1): 7.7/90 kB
2026.06.24 22:19:59 INFO  Progress (1): 16/90 kB 
2026.06.24 22:19:59 INFO  Progress (1): 32/90 kB
2026.06.24 22:19:59 INFO  Progress (1): 49/90 kB
2026.06.24 22:19:59 INFO  Progress (1): 61/90 kB
2026.06.24 22:19:59 INFO  Progress (1): 78/90 kB
2026.06.24 22:19:59 INFO  Progress (1): 90 kB   
2026.06.24 22:19:59 INFO                     
2026.06.24 22:19:59 INFO  Downloaded from central: https://repo.maven.apache.org/maven2/com/fasterxml/jackson/core/jackson-annotations/2.21/jackson-annotations-2.21-sources.jar (90 kB at 3.1 MB/s)
2026.06.24 22:19:59 INFO  [INFO] SUCCESS: com.fasterxml.jackson.core:jackson-annotations:jar:2.21:compile (sources = true)
2026.06.24 22:19:59 INFO  [INFO] Resolving artifact: org.jboss.logging:jboss-logging:jar:3.6.3.Final:compile (sources = false)
2026.06.24 22:19:59 INFO  [INFO] SUCCESS: org.jboss.logging:jboss-logging:jar:3.6.3.Final:compile (sources = false)
2026.06.24 22:19:59 INFO  [INFO] Resolving artifact: org.jboss.logging:jboss-logging:jar:3.6.3.Final:compile (sources = true)
2026.06.24 22:19:59 INFO  Downloading from central: https://repo.maven.apache.org/maven2/org/jboss/logging/jboss-logging/3.6.3.Final/jboss-logging-3.6.3.Final-sources.jar
2026.06.24 22:19:59 INFO  Progress (1): 7.7/47 kB
2026.06.24 22:19:59 INFO  Progress (1): 16/47 kB 
2026.06.24 22:19:59 INFO  Progress (1): 29/47 kB
2026.06.24 22:19:59 INFO  Progress (1): 45/47 kB
2026.06.24 22:19:59 INFO  Progress (1): 47 kB   
2026.06.24 22:19:59 INFO                     
2026.06.24 22:19:59 INFO  Downloaded from central: https://repo.maven.apache.org/maven2/org/jboss/logging/jboss-logging/3.6.3.Final/jboss-logging-3.6.3.Final-sources.jar (47 kB at 1.7 MB/s)
2026.06.24 22:19:59 INFO  [INFO] SUCCESS: org.jboss.logging:jboss-logging:jar:3.6.3.Final:compile (sources = true)
2026.06.24 22:19:59 INFO  [INFO] Resolving artifact: io.micrometer:micrometer-observation:jar:1.15.12:compile (sources = false)
2026.06.24 22:19:59 INFO  [INFO] SUCCESS: io.micrometer:micrometer-observation:jar:1.15.12:compile (sources = false)
2026.06.24 22:19:59 INFO  [INFO] Resolving artifact: io.micrometer:micrometer-observation:jar:1.15.12:compile (sources = true)
2026.06.24 22:19:59 INFO  Downloading from central: https://repo.maven.apache.org/maven2/io/micrometer/micrometer-observation/1.15.12/micrometer-observation-1.15.12-sources.jar
2026.06.24 22:19:59 INFO  Progress (1): 7.7/55 kB
2026.06.24 22:19:59 INFO  Progress (1): 15/55 kB 
2026.06.24 22:19:59 INFO  Progress (1): 32/55 kB
2026.06.24 22:19:59 INFO  Progress (1): 48/55 kB
2026.06.24 22:19:59 INFO  Progress (1): 55 kB   
2026.06.24 22:19:59 INFO                     
2026.06.24 22:19:59 INFO  Downloaded from central: https://repo.maven.apache.org/maven2/io/micrometer/micrometer-observation/1.15.12/micrometer-observation-1.15.12-sources.jar (55 kB at 2.0 MB/s)
2026.06.24 22:19:59 INFO  [INFO] SUCCESS: io.micrometer:micrometer-observation:jar:1.15.12:compile (sources = true)
2026.06.24 22:19:59 INFO  [INFO] Resolving artifact: org.springframework.boot:spring-boot-starter-logging:jar:3.5.15:compile (sources = false)
2026.06.24 22:19:59 INFO  [INFO] SUCCESS: org.springframework.boot:spring-boot-starter-logging:jar:3.5.15:compile (sources = false)
2026.06.24 22:19:59 INFO  [INFO] Resolving artifact: org.springframework.boot:spring-boot-starter-logging:jar:3.5.15:compile (sources = true)
2026.06.24 22:19:59 INFO  Downloading from central: https://repo.maven.apache.org/maven2/org/springframework/boot/spring-boot-starter-logging/3.5.15/spring-boot-starter-logging-3.5.15-sources.jar
2026.06.24 22:19:59 INFO  Progress (1): 3.2/4.8 kB
2026.06.24 22:19:59 INFO  Progress (1): 4.8 kB    
2026.06.24 22:19:59 INFO                      
2026.06.24 22:19:59 INFO  Downloaded from central: https://repo.maven.apache.org/maven2/org/springframework/boot/spring-boot-starter-logging/3.5.15/spring-boot-starter-logging-3.5.15-sources.jar (4.8 kB at 170 kB/s)
2026.06.24 22:19:59 INFO  [INFO] SUCCESS: org.springframework.boot:spring-boot-starter-logging:jar:3.5.15:compile (sources = true)
2026.06.24 22:19:59 INFO  [INFO] Resolving artifact: net.minidev:accessors-smart:jar:2.5.2:test (sources = false)
2026.06.24 22:19:59 INFO  [INFO] SUCCESS: net.minidev:accessors-smart:jar:2.5.2:test (sources = false)
2026.06.24 22:19:59 INFO  [INFO] Resolving artifact: net.minidev:accessors-smart:jar:2.5.2:test (sources = true)
2026.06.24 22:19:59 INFO  Downloading from central: https://repo.maven.apache.org/maven2/net/minidev/accessors-smart/2.5.2/accessors-smart-2.5.2-sources.jar
2026.06.24 22:19:59 INFO  Progress (1): 7.7/25 kB
2026.06.24 22:19:59 INFO  Progress (1): 16/25 kB 
2026.06.24 22:19:59 INFO  Progress (1): 24/25 kB
2026.06.24 22:19:59 INFO  Progress (1): 25 kB   
2026.06.24 22:19:59 INFO                     
2026.06.24 22:19:59 INFO  Downloaded from central: https://repo.maven.apache.org/maven2/net/minidev/accessors-smart/2.5.2/accessors-smart-2.5.2-sources.jar (25 kB at 1.1 MB/s)
2026.06.24 22:19:59 INFO  [INFO] SUCCESS: net.minidev:accessors-smart:jar:2.5.2:test (sources = true)
2026.06.24 22:19:59 INFO  [INFO] Resolving artifact: org.springframework.boot:spring-boot-starter-test:jar:3.5.15:test (sources = false)
2026.06.24 22:19:59 INFO  [INFO] SUCCESS: org.springframework.boot:spring-boot-starter-test:jar:3.5.15:test (sources = false)
2026.06.24 22:19:59 INFO  [INFO] Resolving artifact: org.springframework.boot:spring-boot-starter-test:jar:3.5.15:test (sources = true)
2026.06.24 22:19:59 INFO  Downloading from central: https://repo.maven.apache.org/maven2/org/springframework/boot/spring-boot-starter-test/3.5.15/spring-boot-starter-test-3.5.15-sources.jar
2026.06.24 22:19:59 INFO  Progress (1): 3.2/4.8 kB
2026.06.24 22:19:59 INFO  Progress (1): 4.8 kB    
2026.06.24 22:19:59 INFO                      
2026.06.24 22:19:59 INFO  Downloaded from central: https://repo.maven.apache.org/maven2/org/springframework/boot/spring-boot-starter-test/3.5.15/spring-boot-starter-test-3.5.15-sources.jar (4.8 kB at 208 kB/s)
2026.06.24 22:19:59 INFO  [INFO] SUCCESS: org.springframework.boot:spring-boot-starter-test:jar:3.5.15:test (sources = true)
2026.06.24 22:19:59 INFO  [INFO] Resolving artifact: org.springframework.boot:spring-boot:jar:3.5.15:compile (sources = false)
2026.06.24 22:19:59 INFO  [INFO] SUCCESS: org.springframework.boot:spring-boot:jar:3.5.15:compile (sources = false)
2026.06.24 22:19:59 INFO  [INFO] Resolving artifact: org.springframework.boot:spring-boot:jar:3.5.15:compile (sources = true)
2026.06.24 22:19:59 INFO  Downloading from central: https://repo.maven.apache.org/maven2/org/springframework/boot/spring-boot/3.5.15/spring-boot-3.5.15-sources.jar
2026.06.24 22:19:59 INFO  Progress (1): 0/1.3 MB
2026.06.24 22:19:59 INFO  Progress (1): 0/1.3 MB
2026.06.24 22:19:59 INFO  Progress (1): 0/1.3 MB
2026.06.24 22:19:59 INFO  Progress (1): 0.1/1.3 MB
2026.06.24 22:19:59 INFO  Progress (1): 0.1/1.3 MB
2026.06.24 22:19:59 INFO  Progress (1): 0.1/1.3 MB
2026.06.24 22:19:59 INFO  Progress (1): 0.1/1.3 MB
2026.06.24 22:19:59 INFO  Progress (1): 0.1/1.3 MB
2026.06.24 22:19:59 INFO  Progress (1): 0.1/1.3 MB
2026.06.24 22:19:59 INFO  Progress (1): 0.1/1.3 MB
2026.06.24 22:19:59 INFO  Progress (1): 0.2/1.3 MB
2026.06.24 22:19:59 INFO  Progress (1): 0.2/1.3 MB
2026.06.24 22:19:59 INFO  Progress (1): 0.2/1.3 MB
2026.06.24 22:19:59 INFO  Progress (1): 0.2/1.3 MB
2026.06.24 22:19:59 INFO  Progress (1): 0.2/1.3 MB
2026.06.24 22:19:59 INFO  Progress (1): 0.2/1.3 MB
2026.06.24 22:19:59 INFO  Progress (1): 0.3/1.3 MB
2026.06.24 22:19:59 INFO  Progress (1): 0.3/1.3 MB
2026.06.24 22:19:59 INFO  Progress (1): 0.3/1.3 MB
2026.06.24 22:19:59 INFO  Progress (1): 0.3/1.3 MB
2026.06.24 22:19:59 INFO  Progress (1): 0.3/1.3 MB
2026.06.24 22:19:59 INFO  Progress (1): 0.3/1.3 MB
2026.06.24 22:19:59 INFO  Progress (1): 0.4/1.3 MB
2026.06.24 22:19:59 INFO  Progress (1): 0.4/1.3 MB
2026.06.24 22:19:59 INFO  Progress (1): 0.4/1.3 MB
2026.06.24 22:19:59 INFO  Progress (1): 0.4/1.3 MB
2026.06.24 22:19:59 INFO  Progress (1): 0.4/1.3 MB
2026.06.24 22:19:59 INFO  Progress (1): 0.4/1.3 MB
2026.06.24 22:19:59 INFO  Progress (1): 0.5/1.3 MB
2026.06.24 22:19:59 INFO  Progress (1): 0.5/1.3 MB
2026.06.24 22:19:59 INFO  Progress (1): 0.5/1.3 MB
2026.06.24 22:19:59 INFO  Progress (1): 0.5/1.3 MB
2026.06.24 22:19:59 INFO  Progress (1): 0.5/1.3 MB
2026.06.24 22:19:59 INFO  Progress (1): 0.5/1.3 MB
2026.06.24 22:19:59 INFO  Progress (1): 0.6/1.3 MB
2026.06.24 22:19:59 INFO  Progress (1): 0.6/1.3 MB
2026.06.24 22:19:59 INFO  Progress (1): 0.6/1.3 MB
2026.06.24 22:19:59 INFO  Progress (1): 0.6/1.3 MB
2026.06.24 22:19:59 INFO  Progress (1): 0.6/1.3 MB
2026.06.24 22:19:59 INFO  Progress (1): 0.6/1.3 MB
2026.06.24 22:19:59 INFO  Progress (1): 0.7/1.3 MB
2026.06.24 22:19:59 INFO  Progress (1): 0.7/1.3 MB
2026.06.24 22:19:59 INFO  Progress (1): 0.7/1.3 MB
2026.06.24 22:19:59 INFO  Progress (1): 0.7/1.3 MB
2026.06.24 22:19:59 INFO  Progress (1): 0.7/1.3 MB
2026.06.24 22:19:59 INFO  Progress (1): 0.7/1.3 MB
2026.06.24 22:19:59 INFO  Progress (1): 0.7/1.3 MB
2026.06.24 22:19:59 INFO  Progress (1): 0.8/1.3 MB
2026.06.24 22:19:59 INFO  Progress (1): 0.8/1.3 MB
2026.06.24 22:19:59 INFO  Progress (1): 0.8/1.3 MB
2026.06.24 22:19:59 INFO  Progress (1): 0.8/1.3 MB
2026.06.24 22:19:59 INFO  Progress (1): 0.8/1.3 MB
2026.06.24 22:19:59 INFO  Progress (1): 0.8/1.3 MB
2026.06.24 22:19:59 INFO  Progress (1): 0.9/1.3 MB
2026.06.24 22:19:59 INFO  Progress (1): 0.9/1.3 MB
2026.06.24 22:19:59 INFO  Progress (1): 0.9/1.3 MB
2026.06.24 22:19:59 INFO  Progress (1): 0.9/1.3 MB
2026.06.24 22:19:59 INFO  Progress (1): 0.9/1.3 MB
2026.06.24 22:19:59 INFO  Progress (1): 0.9/1.3 MB
2026.06.24 22:19:59 INFO  Progress (1): 1.0/1.3 MB
2026.06.24 22:19:59 INFO  Progress (1): 1.0/1.3 MB
2026.06.24 22:19:59 INFO  Progress (1): 1.0/1.3 MB
2026.06.24 22:19:59 INFO  Progress (1): 1.0/1.3 MB
2026.06.24 22:19:59 INFO  Progress (1): 1.0/1.3 MB
2026.06.24 22:19:59 INFO  Progress (1): 1.0/1.3 MB
2026.06.24 22:19:59 INFO  Progress (1): 1.1/1.3 MB
2026.06.24 22:19:59 INFO  Progress (1): 1.1/1.3 MB
2026.06.24 22:19:59 INFO  Progress (1): 1.1/1.3 MB
2026.06.24 22:19:59 INFO  Progress (1): 1.1/1.3 MB
2026.06.24 22:19:59 INFO  Progress (1): 1.1/1.3 MB
2026.06.24 22:19:59 INFO  Progress (1): 1.1/1.3 MB
2026.06.24 22:19:59 INFO  Progress (1): 1.2/1.3 MB
2026.06.24 22:19:59 INFO  Progress (1): 1.2/1.3 MB
2026.06.24 22:19:59 INFO  Progress (1): 1.2/1.3 MB
2026.06.24 22:19:59 INFO  Progress (1): 1.2/1.3 MB
2026.06.24 22:19:59 INFO  Progress (1): 1.2/1.3 MB
2026.06.24 22:19:59 INFO  Progress (1): 1.2/1.3 MB
2026.06.24 22:19:59 INFO  Progress (1): 1.3 MB    
2026.06.24 22:19:59 INFO                      
2026.06.24 22:19:59 INFO  Downloaded from central: https://repo.maven.apache.org/maven2/org/springframework/boot/spring-boot/3.5.15/spring-boot-3.5.15-sources.jar (1.3 MB at 28 MB/s)
2026.06.24 22:19:59 INFO  [INFO] SUCCESS: org.springframework.boot:spring-boot:jar:3.5.15:compile (sources = true)
2026.06.24 22:19:59 INFO  [INFO] Resolving artifact: org.assertj:assertj-core:jar:3.27.7:test (sources = false)
2026.06.24 22:19:59 INFO  [INFO] SUCCESS: org.assertj:assertj-core:jar:3.27.7:test (sources = false)
2026.06.24 22:19:59 INFO  [INFO] Resolving artifact: org.assertj:assertj-core:jar:3.27.7:test (sources = true)
2026.06.24 22:19:59 INFO  Downloading from central: https://repo.maven.apache.org/maven2/org/assertj/assertj-core/3.27.7/assertj-core-3.27.7-sources.jar
2026.06.24 22:19:59 INFO  Progress (1): 0/1.5 MB
2026.06.24 22:19:59 INFO  Progress (1): 0/1.5 MB
2026.06.24 22:19:59 INFO  Progress (1): 0/1.5 MB
2026.06.24 22:19:59 INFO  Progress (1): 0.1/1.5 MB
2026.06.24 22:19:59 INFO  Progress (1): 0.1/1.5 MB
2026.06.24 22:19:59 INFO  Progress (1): 0.1/1.5 MB
2026.06.24 22:19:59 INFO  Progress (1): 0.1/1.5 MB
2026.06.24 22:19:59 INFO  Progress (1): 0.1/1.5 MB
2026.06.24 22:19:59 INFO  Progress (1): 0.1/1.5 MB
2026.06.24 22:19:59 INFO  Progress (1): 0.1/1.5 MB
2026.06.24 22:19:59 INFO  Progress (1): 0.2/1.5 MB
2026.06.24 22:19:59 INFO  Progress (1): 0.2/1.5 MB
2026.06.24 22:19:59 INFO  Progress (1): 0.2/1.5 MB
2026.06.24 22:19:59 INFO  Progress (1): 0.2/1.5 MB
2026.06.24 22:19:59 INFO  Progress (1): 0.2/1.5 MB
2026.06.24 22:19:59 INFO  Progress (1): 0.2/1.5 MB
2026.06.24 22:19:59 INFO  Progress (1): 0.2/1.5 MB
2026.06.24 22:19:59 INFO  Progress (1): 0.3/1.5 MB
2026.06.24 22:19:59 INFO  Progress (1): 0.3/1.5 MB
2026.06.24 22:19:59 INFO  Progress (1): 0.3/1.5 MB
2026.06.24 22:19:59 INFO  Progress (1): 0.3/1.5 MB
2026.06.24 22:19:59 INFO  Progress (1): 0.3/1.5 MB
2026.06.24 22:19:59 INFO  Progress (1): 0.3/1.5 MB
2026.06.24 22:19:59 INFO  Progress (1): 0.4/1.5 MB
2026.06.24 22:19:59 INFO  Progress (1): 0.4/1.5 MB
2026.06.24 22:19:59 INFO  Progress (1): 0.4/1.5 MB
2026.06.24 22:19:59 INFO  Progress (1): 0.4/1.5 MB
2026.06.24 22:19:59 INFO  Progress (1): 0.4/1.5 MB
2026.06.24 22:19:59 INFO  Progress (1): 0.4/1.5 MB
2026.06.24 22:19:59 INFO  Progress (1): 0.5/1.5 MB
2026.06.24 22:19:59 INFO  Progress (1): 0.5/1.5 MB
2026.06.24 22:19:59 INFO  Progress (1): 0.5/1.5 MB
2026.06.24 22:19:59 INFO  Progress (1): 0.5/1.5 MB
2026.06.24 22:19:59 INFO  Progress (1): 0.5/1.5 MB
2026.06.24 22:19:59 INFO  Progress (1): 0.5/1.5 MB
2026.06.24 22:19:59 INFO  Progress (1): 0.6/1.5 MB
2026.06.24 22:19:59 INFO  Progress (1): 0.6/1.5 MB
2026.06.24 22:19:59 INFO  Progress (1): 0.6/1.5 MB
2026.06.24 22:19:59 INFO  Progress (1): 0.6/1.5 MB
2026.06.24 22:19:59 INFO  Progress (1): 0.6/1.5 MB
2026.06.24 22:19:59 INFO  Progress (1): 0.6/1.5 MB
2026.06.24 22:19:59 INFO  Progress (1): 0.7/1.5 MB
2026.06.24 22:19:59 INFO  Progress (1): 0.7/1.5 MB
2026.06.24 22:19:59 INFO  Progress (1): 0.7/1.5 MB
2026.06.24 22:19:59 INFO  Progress (1): 0.7/1.5 MB
2026.06.24 22:19:59 INFO  Progress (1): 0.7/1.5 MB
2026.06.24 22:19:59 INFO  Progress (1): 0.7/1.5 MB
2026.06.24 22:19:59 INFO  Progress (1): 0.8/1.5 MB
2026.06.24 22:19:59 INFO  Progress (1): 0.8/1.5 MB
2026.06.24 22:19:59 INFO  Progress (1): 0.8/1.5 MB
2026.06.24 22:19:59 INFO  Progress (1): 0.8/1.5 MB
2026.06.24 22:19:59 INFO  Progress (1): 0.8/1.5 MB
2026.06.24 22:19:59 INFO  Progress (1): 0.8/1.5 MB
2026.06.24 22:19:59 INFO  Progress (1): 0.9/1.5 MB
2026.06.24 22:19:59 INFO  Progress (1): 0.9/1.5 MB
2026.06.24 22:19:59 INFO  Progress (1): 0.9/1.5 MB
2026.06.24 22:19:59 INFO  Progress (1): 0.9/1.5 MB
2026.06.24 22:19:59 INFO  Progress (1): 0.9/1.5 MB
2026.06.24 22:19:59 INFO  Progress (1): 0.9/1.5 MB
2026.06.24 22:19:59 INFO  Progress (1): 1.0/1.5 MB
2026.06.24 22:19:59 INFO  Progress (1): 1.0/1.5 MB
2026.06.24 22:19:59 INFO  Progress (1): 1.0/1.5 MB
2026.06.24 22:19:59 INFO  Progress (1): 1.0/1.5 MB
2026.06.24 22:19:59 INFO  Progress (1): 1.0/1.5 MB
2026.06.24 22:19:59 INFO  Progress (1): 1.0/1.5 MB
2026.06.24 22:19:59 INFO  Progress (1): 1.1/1.5 MB
2026.06.24 22:19:59 INFO  Progress (1): 1.1/1.5 MB
2026.06.24 22:19:59 INFO  Progress (1): 1.1/1.5 MB
2026.06.24 22:19:59 INFO  Progress (1): 1.1/1.5 MB
2026.06.24 22:19:59 INFO  Progress (1): 1.1/1.5 MB
2026.06.24 22:19:59 INFO  Progress (1): 1.1/1.5 MB
2026.06.24 22:19:59 INFO  Progress (1): 1.2/1.5 MB
2026.06.24 22:19:59 INFO  Progress (1): 1.2/1.5 MB
2026.06.24 22:19:59 INFO  Progress (1): 1.2/1.5 MB
2026.06.24 22:19:59 INFO  Progress (1): 1.2/1.5 MB
2026.06.24 22:19:59 INFO  Progress (1): 1.2/1.5 MB
2026.06.24 22:19:59 INFO  Progress (1): 1.2/1.5 MB
2026.06.24 22:19:59 INFO  Progress (1): 1.2/1.5 MB
2026.06.24 22:19:59 INFO  Progress (1): 1.3/1.5 MB
2026.06.24 22:19:59 INFO  Progress (1): 1.3/1.5 MB
2026.06.24 22:19:59 INFO  Progress (1): 1.3/1.5 MB
2026.06.24 22:19:59 INFO  Progress (1): 1.3/1.5 MB
2026.06.24 22:19:59 INFO  Progress (1): 1.3/1.5 MB
2026.06.24 22:19:59 INFO  Progress (1): 1.3/1.5 MB
2026.06.24 22:19:59 INFO  Progress (1): 1.4/1.5 MB
2026.06.24 22:19:59 INFO  Progress (1): 1.4/1.5 MB
2026.06.24 22:19:59 INFO  Progress (1): 1.4/1.5 MB
2026.06.24 22:19:59 INFO  Progress (1): 1.4/1.5 MB
2026.06.24 22:19:59 INFO  Progress (1): 1.4/1.5 MB
2026.06.24 22:19:59 INFO  Progress (1): 1.4/1.5 MB
2026.06.24 22:19:59 INFO  Progress (1): 1.5 MB    
2026.06.24 22:19:59 INFO                      
2026.06.24 22:19:59 INFO  Downloaded from central: https://repo.maven.apache.org/maven2/org/assertj/assertj-core/3.27.7/assertj-core-3.27.7-sources.jar (1.5 MB at 34 MB/s)
2026.06.24 22:19:59 INFO  [INFO] SUCCESS: org.assertj:assertj-core:jar:3.27.7:test (sources = true)
2026.06.24 22:19:59 INFO  [INFO] Resolving artifact: org.apache.tomcat.embed:tomcat-embed-core:jar:10.1.55:compile (sources = false)
2026.06.24 22:19:59 INFO  [INFO] SUCCESS: org.apache.tomcat.embed:tomcat-embed-core:jar:10.1.55:compile (sources = false)
2026.06.24 22:19:59 INFO  [INFO] Resolving artifact: org.apache.tomcat.embed:tomcat-embed-core:jar:10.1.55:compile (sources = true)
2026.06.24 22:19:59 INFO  Downloading from central: https://repo.maven.apache.org/maven2/org/apache/tomcat/embed/tomcat-embed-core/10.1.55/tomcat-embed-core-10.1.55-sources.jar
2026.06.24 22:19:59 INFO  Progress (1): 0/3.8 MB
2026.06.24 22:19:59 INFO  Progress (1): 0/3.8 MB
2026.06.24 22:19:59 INFO  Progress (1): 0/3.8 MB
2026.06.24 22:19:59 INFO  Progress (1): 0/3.8 MB
2026.06.24 22:19:59 INFO  Progress (1): 0.1/3.8 MB
2026.06.24 22:19:59 INFO  Progress (1): 0.1/3.8 MB
2026.06.24 22:19:59 INFO  Progress (1): 0.1/3.8 MB
2026.06.24 22:19:59 INFO  Progress (1): 0.1/3.8 MB
2026.06.24 22:19:59 INFO  Progress (1): 0.1/3.8 MB
2026.06.24 22:19:59 INFO  Progress (1): 0.1/3.8 MB
2026.06.24 22:19:59 INFO  Progress (1): 0.2/3.8 MB
2026.06.24 22:19:59 INFO  Progress (1): 0.2/3.8 MB
2026.06.24 22:19:59 INFO  Progress (1): 0.2/3.8 MB
2026.06.24 22:19:59 INFO  Progress (1): 0.2/3.8 MB
2026.06.24 22:19:59 INFO  Progress (1): 0.2/3.8 MB
2026.06.24 22:19:59 INFO  Progress (1): 0.2/3.8 MB
2026.06.24 22:19:59 INFO  Progress (1): 0.2/3.8 MB
2026.06.24 22:19:59 INFO  Progress (1): 0.3/3.8 MB
2026.06.24 22:19:59 INFO  Progress (1): 0.3/3.8 MB
2026.06.24 22:19:59 INFO  Progress (1): 0.3/3.8 MB
2026.06.24 22:19:59 INFO  Progress (1): 0.3/3.8 MB
2026.06.24 22:19:59 INFO  Progress (1): 0.3/3.8 MB
2026.06.24 22:19:59 INFO  Progress (1): 0.3/3.8 MB
2026.06.24 22:19:59 INFO  Progress (1): 0.4/3.8 MB
2026.06.24 22:19:59 INFO  Progress (1): 0.4/3.8 MB
2026.06.24 22:19:59 INFO  Progress (1): 0.4/3.8 MB
2026.06.24 22:19:59 INFO  Progress (1): 0.4/3.8 MB
2026.06.24 22:19:59 INFO  Progress (1): 0.4/3.8 MB
2026.06.24 22:19:59 INFO  Progress (1): 0.4/3.8 MB
2026.06.24 22:19:59 INFO  Progress (1): 0.5/3.8 MB
2026.06.24 22:19:59 INFO  Progress (1): 0.5/3.8 MB
2026.06.24 22:19:59 INFO  Progress (1): 0.5/3.8 MB
2026.06.24 22:19:59 INFO  Progress (1): 0.5/3.8 MB
2026.06.24 22:19:59 INFO  Progress (1): 0.5/3.8 MB
2026.06.24 22:19:59 INFO  Progress (1): 0.5/3.8 MB
2026.06.24 22:19:59 INFO  Progress (1): 0.6/3.8 MB
2026.06.24 22:19:59 INFO  Progress (1): 0.6/3.8 MB
2026.06.24 22:19:59 INFO  Progress (1): 0.6/3.8 MB
2026.06.24 22:19:59 INFO  Progress (1): 0.6/3.8 MB
2026.06.24 22:19:59 INFO  Progress (1): 0.6/3.8 MB
2026.06.24 22:19:59 INFO  Progress (1): 0.6/3.8 MB
2026.06.24 22:19:59 INFO  Progress (1): 0.7/3.8 MB
2026.06.24 22:19:59 INFO  Progress (1): 0.7/3.8 MB
2026.06.24 22:19:59 INFO  Progress (1): 0.7/3.8 MB
2026.06.24 22:19:59 INFO  Progress (1): 0.7/3.8 MB
2026.06.24 22:19:59 INFO  Progress (1): 0.7/3.8 MB
2026.06.24 22:19:59 INFO  Progress (1): 0.7/3.8 MB
2026.06.24 22:19:59 INFO  Progress (1): 0.8/3.8 MB
2026.06.24 22:19:59 INFO  Progress (1): 0.8/3.8 MB
2026.06.24 22:19:59 INFO  Progress (1): 0.8/3.8 MB
2026.06.24 22:19:59 INFO  Progress (1): 0.8/3.8 MB
2026.06.24 22:19:59 INFO  Progress (1): 0.8/3.8 MB
2026.06.24 22:19:59 INFO  Progress (1): 0.8/3.8 MB
2026.06.24 22:19:59 INFO  Progress (1): 0.9/3.8 MB
2026.06.24 22:19:59 INFO  Progress (1): 0.9/3.8 MB
2026.06.24 22:19:59 INFO  Progress (1): 0.9/3.8 MB
2026.06.24 22:19:59 INFO  Progress (1): 0.9/3.8 MB
2026.06.24 22:19:59 INFO  Progress (1): 0.9/3.8 MB
2026.06.24 22:19:59 INFO  Progress (1): 0.9/3.8 MB
2026.06.24 22:19:59 INFO  Progress (1): 1.0/3.8 MB
2026.06.24 22:19:59 INFO  Progress (1): 1.0/3.8 MB
2026.06.24 22:19:59 INFO  Progress (1): 1.0/3.8 MB
2026.06.24 22:19:59 INFO  Progress (1): 1.0/3.8 MB
2026.06.24 22:19:59 INFO  Progress (1): 1.0/3.8 MB
2026.06.24 22:19:59 INFO  Progress (1): 1.0/3.8 MB
2026.06.24 22:19:59 INFO  Progress (1): 1.0/3.8 MB
2026.06.24 22:19:59 INFO  Progress (1): 1.1/3.8 MB
2026.06.24 22:19:59 INFO  Progress (1): 1.1/3.8 MB
2026.06.24 22:19:59 INFO  Progress (1): 1.1/3.8 MB
2026.06.24 22:19:59 INFO  Progress (1): 1.1/3.8 MB
2026.06.24 22:19:59 INFO  Progress (1): 1.1/3.8 MB
2026.06.24 22:19:59 INFO  Progress (1): 1.1/3.8 MB
2026.06.24 22:19:59 INFO  Progress (1): 1.2/3.8 MB
2026.06.24 22:19:59 INFO  Progress (1): 1.2/3.8 MB
2026.06.24 22:19:59 INFO  Progress (1): 1.2/3.8 MB
2026.06.24 22:19:59 INFO  Progress (1): 1.2/3.8 MB
2026.06.24 22:19:59 INFO  Progress (1): 1.2/3.8 MB
2026.06.24 22:19:59 INFO  Progress (1): 1.2/3.8 MB
2026.06.24 22:19:59 INFO  Progress (1): 1.3/3.8 MB
2026.06.24 22:19:59 INFO  Progress (1): 1.3/3.8 MB
2026.06.24 22:19:59 INFO  Progress (1): 1.3/3.8 MB
2026.06.24 22:19:59 INFO  Progress (1): 1.3/3.8 MB
2026.06.24 22:19:59 INFO  Progress (1): 1.3/3.8 MB
2026.06.24 22:19:59 INFO  Progress (1): 1.3/3.8 MB
2026.06.24 22:19:59 INFO  Progress (1): 1.4/3.8 MB
2026.06.24 22:19:59 INFO  Progress (1): 1.4/3.8 MB
2026.06.24 22:19:59 INFO  Progress (1): 1.4/3.8 MB
2026.06.24 22:19:59 INFO  Progress (1): 1.4/3.8 MB
2026.06.24 22:19:59 INFO  Progress (1): 1.4/3.8 MB
2026.06.24 22:19:59 INFO  Progress (1): 1.4/3.8 MB
2026.06.24 22:19:59 INFO  Progress (1): 1.5/3.8 MB
2026.06.24 22:19:59 INFO  Progress (1): 1.5/3.8 MB
2026.06.24 22:19:59 INFO  Progress (1): 1.5/3.8 MB
2026.06.24 22:19:59 INFO  Progress (1): 1.5/3.8 MB
2026.06.24 22:19:59 INFO  Progress (1): 1.5/3.8 MB
2026.06.24 22:19:59 INFO  Progress (1): 1.5/3.8 MB
2026.06.24 22:19:59 INFO  Progress (1): 1.6/3.8 MB
2026.06.24 22:19:59 INFO  Progress (1): 1.6/3.8 MB
2026.06.24 22:19:59 INFO  Progress (1): 1.6/3.8 MB
2026.06.24 22:19:59 INFO  Progress (1): 1.6/3.8 MB
2026.06.24 22:19:59 INFO  Progress (1): 1.6/3.8 MB
2026.06.24 22:19:59 INFO  Progress (1): 1.6/3.8 MB
2026.06.24 22:19:59 INFO  Progress (1): 1.7/3.8 MB
2026.06.24 22:19:59 INFO  Progress (1): 1.7/3.8 MB
2026.06.24 22:19:59 INFO  Progress (1): 1.7/3.8 MB
2026.06.24 22:19:59 INFO  Progress (1): 1.7/3.8 MB
2026.06.24 22:19:59 INFO  Progress (1): 1.7/3.8 MB
2026.06.24 22:19:59 INFO  Progress (1): 1.7/3.8 MB
2026.06.24 22:19:59 INFO  Progress (1): 1.8/3.8 MB
2026.06.24 22:19:59 INFO  Progress (1): 1.8/3.8 MB
2026.06.24 22:19:59 INFO  Progress (1): 1.8/3.8 MB
2026.06.24 22:19:59 INFO  Progress (1): 1.8/3.8 MB
2026.06.24 22:19:59 INFO  Progress (1): 1.8/3.8 MB
2026.06.24 22:19:59 INFO  Progress (1): 1.8/3.8 MB
2026.06.24 22:19:59 INFO  Progress (1): 1.9/3.8 MB
2026.06.24 22:19:59 INFO  Progress (1): 1.9/3.8 MB
2026.06.24 22:19:59 INFO  Progress (1): 1.9/3.8 MB
2026.06.24 22:19:59 INFO  Progress (1): 1.9/3.8 MB
2026.06.24 22:19:59 INFO  Progress (1): 1.9/3.8 MB
2026.06.24 22:19:59 INFO  Progress (1): 1.9/3.8 MB
2026.06.24 22:19:59 INFO  Progress (1): 1.9/3.8 MB
2026.06.24 22:19:59 INFO  Progress (1): 2.0/3.8 MB
2026.06.24 22:19:59 INFO  Progress (1): 2.0/3.8 MB
2026.06.24 22:19:59 INFO  Progress (1): 2.0/3.8 MB
2026.06.24 22:19:59 INFO  Progress (1): 2.0/3.8 MB
2026.06.24 22:19:59 INFO  Progress (1): 2.0/3.8 MB
2026.06.24 22:19:59 INFO  Progress (1): 2.0/3.8 MB
2026.06.24 22:19:59 INFO  Progress (1): 2.1/3.8 MB
2026.06.24 22:19:59 INFO  Progress (1): 2.1/3.8 MB
2026.06.24 22:19:59 INFO  Progress (1): 2.1/3.8 MB
2026.06.24 22:19:59 INFO  Progress (1): 2.1/3.8 MB
2026.06.24 22:19:59 INFO  Progress (1): 2.1/3.8 MB
2026.06.24 22:19:59 INFO  Progress (1): 2.1/3.8 MB
2026.06.24 22:19:59 INFO  Progress (1): 2.1/3.8 MB
2026.06.24 22:19:59 INFO  Progress (1): 2.2/3.8 MB
2026.06.24 22:19:59 INFO  Progress (1): 2.2/3.8 MB
2026.06.24 22:19:59 INFO  Progress (1): 2.2/3.8 MB
2026.06.24 22:19:59 INFO  Progress (1): 2.2/3.8 MB
2026.06.24 22:19:59 INFO  Progress (1): 2.2/3.8 MB
2026.06.24 22:19:59 INFO  Progress (1): 2.2/3.8 MB
2026.06.24 22:19:59 INFO  Progress (1): 2.2/3.8 MB
2026.06.24 22:19:59 INFO  Progress (1): 2.3/3.8 MB
2026.06.24 22:19:59 INFO  Progress (1): 2.3/3.8 MB
2026.06.24 22:19:59 INFO  Progress (1): 2.3/3.8 MB
2026.06.24 22:19:59 INFO  Progress (1): 2.3/3.8 MB
2026.06.24 22:19:59 INFO  Progress (1): 2.3/3.8 MB
2026.06.24 22:19:59 INFO  Progress (1): 2.3/3.8 MB
2026.06.24 22:19:59 INFO  Progress (1): 2.4/3.8 MB
2026.06.24 22:19:59 INFO  Progress (1): 2.4/3.8 MB
2026.06.24 22:19:59 INFO  Progress (1): 2.4/3.8 MB
2026.06.24 22:19:59 INFO  Progress (1): 2.4/3.8 MB
2026.06.24 22:19:59 INFO  Progress (1): 2.4/3.8 MB
2026.06.24 22:19:59 INFO  Progress (1): 2.4/3.8 MB
2026.06.24 22:19:59 INFO  Progress (1): 2.5/3.8 MB
2026.06.24 22:19:59 INFO  Progress (1): 2.5/3.8 MB
2026.06.24 22:19:59 INFO  Progress (1): 2.5/3.8 MB
2026.06.24 22:19:59 INFO  Progress (1): 2.5/3.8 MB
2026.06.24 22:19:59 INFO  Progress (1): 2.5/3.8 MB
2026.06.24 22:19:59 INFO  Progress (1): 2.5/3.8 MB
2026.06.24 22:19:59 INFO  Progress (1): 2.6/3.8 MB
2026.06.24 22:19:59 INFO  Progress (1): 2.6/3.8 MB
2026.06.24 22:19:59 INFO  Progress (1): 2.6/3.8 MB
2026.06.24 22:19:59 INFO  Progress (1): 2.6/3.8 MB
2026.06.24 22:19:59 INFO  Progress (1): 2.6/3.8 MB
2026.06.24 22:19:59 INFO  Progress (1): 2.6/3.8 MB
2026.06.24 22:19:59 INFO  Progress (1): 2.7/3.8 MB
2026.06.24 22:19:59 INFO  Progress (1): 2.7/3.8 MB
2026.06.24 22:19:59 INFO  Progress (1): 2.7/3.8 MB
2026.06.24 22:19:59 INFO  Progress (1): 2.7/3.8 MB
2026.06.24 22:19:59 INFO  Progress (1): 2.7/3.8 MB
2026.06.24 22:19:59 INFO  Progress (1): 2.7/3.8 MB
2026.06.24 22:19:59 INFO  Progress (1): 2.8/3.8 MB
2026.06.24 22:19:59 INFO  Progress (1): 2.8/3.8 MB
2026.06.24 22:19:59 INFO  Progress (1): 2.8/3.8 MB
2026.06.24 22:19:59 INFO  Progress (1): 2.8/3.8 MB
2026.06.24 22:19:59 INFO  Progress (1): 2.8/3.8 MB
2026.06.24 22:19:59 INFO  Progress (1): 2.8/3.8 MB
2026.06.24 22:19:59 INFO  Progress (1): 2.9/3.8 MB
2026.06.24 22:19:59 INFO  Progress (1): 2.9/3.8 MB
2026.06.24 22:19:59 INFO  Progress (1): 2.9/3.8 MB
2026.06.24 22:19:59 INFO  Progress (1): 2.9/3.8 MB
2026.06.24 22:19:59 INFO  Progress (1): 2.9/3.8 MB
2026.06.24 22:19:59 INFO  Progress (1): 2.9/3.8 MB
2026.06.24 22:19:59 INFO  Progress (1): 2.9/3.8 MB
2026.06.24 22:19:59 INFO  Progress (1): 3.0/3.8 MB
2026.06.24 22:19:59 INFO  Progress (1): 3.0/3.8 MB
2026.06.24 22:19:59 INFO  Progress (1): 3.0/3.8 MB
2026.06.24 22:19:59 INFO  Progress (1): 3.0/3.8 MB
2026.06.24 22:19:59 INFO  Progress (1): 3.0/3.8 MB
2026.06.24 22:19:59 INFO  Progress (1): 3.0/3.8 MB
2026.06.24 22:19:59 INFO  Progress (1): 3.1/3.8 MB
2026.06.24 22:19:59 INFO  Progress (1): 3.1/3.8 MB
2026.06.24 22:19:59 INFO  Progress (1): 3.1/3.8 MB
2026.06.24 22:19:59 INFO  Progress (1): 3.1/3.8 MB
2026.06.24 22:19:59 INFO  Progress (1): 3.1/3.8 MB
2026.06.24 22:19:59 INFO  Progress (1): 3.1/3.8 MB
2026.06.24 22:19:59 INFO  Progress (1): 3.1/3.8 MB
2026.06.24 22:19:59 INFO  Progress (1): 3.2/3.8 MB
2026.06.24 22:19:59 INFO  Progress (1): 3.2/3.8 MB
2026.06.24 22:19:59 INFO  Progress (1): 3.2/3.8 MB
2026.06.24 22:19:59 INFO  Progress (1): 3.2/3.8 MB
2026.06.24 22:19:59 INFO  Progress (1): 3.2/3.8 MB
2026.06.24 22:19:59 INFO  Progress (1): 3.2/3.8 MB
2026.06.24 22:19:59 INFO  Progress (1): 3.3/3.8 MB
2026.06.24 22:19:59 INFO  Progress (1): 3.3/3.8 MB
2026.06.24 22:19:59 INFO  Progress (1): 3.3/3.8 MB
2026.06.24 22:19:59 INFO  Progress (1): 3.3/3.8 MB
2026.06.24 22:19:59 INFO  Progress (1): 3.3/3.8 MB
2026.06.24 22:19:59 INFO  Progress (1): 3.3/3.8 MB
2026.06.24 22:19:59 INFO  Progress (1): 3.4/3.8 MB
2026.06.24 22:19:59 INFO  Progress (1): 3.4/3.8 MB
2026.06.24 22:19:59 INFO  Progress (1): 3.4/3.8 MB
2026.06.24 22:19:59 INFO  Progress (1): 3.4/3.8 MB
2026.06.24 22:19:59 INFO  Progress (1): 3.4/3.8 MB
2026.06.24 22:19:59 INFO  Progress (1): 3.4/3.8 MB
2026.06.24 22:19:59 INFO  Progress (1): 3.5/3.8 MB
2026.06.24 22:19:59 INFO  Progress (1): 3.5/3.8 MB
2026.06.24 22:19:59 INFO  Progress (1): 3.5/3.8 MB
2026.06.24 22:19:59 INFO  Progress (1): 3.5/3.8 MB
2026.06.24 22:19:59 INFO  Progress (1): 3.5/3.8 MB
2026.06.24 22:19:59 INFO  Progress (1): 3.5/3.8 MB
2026.06.24 22:19:59 INFO  Progress (1): 3.6/3.8 MB
2026.06.24 22:19:59 INFO  Progress (1): 3.6/3.8 MB
2026.06.24 22:19:59 INFO  Progress (1): 3.6/3.8 MB
2026.06.24 22:19:59 INFO  Progress (1): 3.6/3.8 MB
2026.06.24 22:19:59 INFO  Progress (1): 3.6/3.8 MB
2026.06.24 22:19:59 INFO  Progress (1): 3.6/3.8 MB
2026.06.24 22:19:59 INFO  Progress (1): 3.7/3.8 MB
2026.06.24 22:19:59 INFO  Progress (1): 3.7/3.8 MB
2026.06.24 22:19:59 INFO  Progress (1): 3.7/3.8 MB
2026.06.24 22:19:59 INFO  Progress (1): 3.7/3.8 MB
2026.06.24 22:19:59 INFO  Progress (1): 3.7/3.8 MB
2026.06.24 22:19:59 INFO  Progress (1): 3.7/3.8 MB
2026.06.24 22:19:59 INFO  Progress (1): 3.8/3.8 MB
2026.06.24 22:19:59 INFO  Progress (1): 3.8/3.8 MB
2026.06.24 22:19:59 INFO  Progress (1): 3.8 MB    
2026.06.24 22:19:59 INFO                      
2026.06.24 22:19:59 INFO  Downloaded from central: https://repo.maven.apache.org/maven2/org/apache/tomcat/embed/tomcat-embed-core/10.1.55/tomcat-embed-core-10.1.55-sources.jar (3.8 MB at 58 MB/s)
2026.06.24 22:19:59 INFO  [INFO] SUCCESS: org.apache.tomcat.embed:tomcat-embed-core:jar:10.1.55:compile (sources = true)
2026.06.24 22:19:59 INFO  [INFO] Resolving artifact: org.mockito:mockito-junit-jupiter:jar:5.17.0:test (sources = false)
2026.06.24 22:19:59 INFO  [INFO] SUCCESS: org.mockito:mockito-junit-jupiter:jar:5.17.0:test (sources = false)
2026.06.24 22:19:59 INFO  [INFO] Resolving artifact: org.mockito:mockito-junit-jupiter:jar:5.17.0:test (sources = true)
2026.06.24 22:19:59 INFO  Downloading from central: https://repo.maven.apache.org/maven2/org/mockito/mockito-junit-jupiter/5.17.0/mockito-junit-jupiter-5.17.0-sources.jar
2026.06.24 22:19:59 INFO  Progress (1): 3.2/6.7 kB
2026.06.24 22:19:59 INFO  Progress (1): 6.7 kB    
2026.06.24 22:19:59 INFO                      
2026.06.24 22:19:59 INFO  Downloaded from central: https://repo.maven.apache.org/maven2/org/mockito/mockito-junit-jupiter/5.17.0/mockito-junit-jupiter-5.17.0-sources.jar (6.7 kB at 290 kB/s)
2026.06.24 22:19:59 INFO  [INFO] SUCCESS: org.mockito:mockito-junit-jupiter:jar:5.17.0:test (sources = true)
2026.06.24 22:19:59 INFO  [INFO] Resolving artifact: org.mockito:mockito-core:jar:5.17.0:test (sources = false)
2026.06.24 22:19:59 INFO  [INFO] SUCCESS: org.mockito:mockito-core:jar:5.17.0:test (sources = false)
2026.06.24 22:19:59 INFO  [INFO] Resolving artifact: org.mockito:mockito-core:jar:5.17.0:test (sources = true)
2026.06.24 22:19:59 INFO  Downloading from central: https://repo.maven.apache.org/maven2/org/mockito/mockito-core/5.17.0/mockito-core-5.17.0-sources.jar
2026.06.24 22:19:59 INFO  Progress (1): 7.7/542 kB
2026.06.24 22:19:59 INFO  Progress (1): 16/542 kB 
2026.06.24 22:19:59 INFO  Progress (1): 24/542 kB
2026.06.24 22:19:59 INFO  Progress (1): 40/542 kB
2026.06.24 22:19:59 INFO  Progress (1): 57/542 kB
2026.06.24 22:19:59 INFO  Progress (1): 73/542 kB
2026.06.24 22:19:59 INFO  Progress (1): 90/542 kB
2026.06.24 22:19:59 INFO  Progress (1): 106/542 kB
2026.06.24 22:19:59 INFO  Progress (1): 122/542 kB
2026.06.24 22:19:59 INFO  Progress (1): 139/542 kB
2026.06.24 22:19:59 INFO  Progress (1): 155/542 kB
2026.06.24 22:19:59 INFO  Progress (1): 172/542 kB
2026.06.24 22:19:59 INFO  Progress (1): 188/542 kB
2026.06.24 22:19:59 INFO  Progress (1): 204/542 kB
2026.06.24 22:19:59 INFO  Progress (1): 221/542 kB
2026.06.24 22:19:59 INFO  Progress (1): 228/542 kB
2026.06.24 22:19:59 INFO  Progress (1): 245/542 kB
2026.06.24 22:19:59 INFO  Progress (1): 261/542 kB
2026.06.24 22:19:59 INFO  Progress (1): 278/542 kB
2026.06.24 22:19:59 INFO  Progress (1): 294/542 kB
2026.06.24 22:19:59 INFO  Progress (1): 310/542 kB
2026.06.24 22:19:59 INFO  Progress (1): 327/542 kB
2026.06.24 22:19:59 INFO  Progress (1): 343/542 kB
2026.06.24 22:19:59 INFO  Progress (1): 359/542 kB
2026.06.24 22:19:59 INFO  Progress (1): 376/542 kB
2026.06.24 22:19:59 INFO  Progress (1): 392/542 kB
2026.06.24 22:19:59 INFO  Progress (1): 409/542 kB
2026.06.24 22:19:59 INFO  Progress (1): 425/542 kB
2026.06.24 22:19:59 INFO  Progress (1): 441/542 kB
2026.06.24 22:19:59 INFO  Progress (1): 458/542 kB
2026.06.24 22:19:59 INFO  Progress (1): 459/542 kB
2026.06.24 22:19:59 INFO  Progress (1): 475/542 kB
2026.06.24 22:19:59 INFO  Progress (1): 492/542 kB
2026.06.24 22:19:59 INFO  Progress (1): 508/542 kB
2026.06.24 22:19:59 INFO  Progress (1): 524/542 kB
2026.06.24 22:19:59 INFO  Progress (1): 541/542 kB
2026.06.24 22:19:59 INFO  Progress (1): 542 kB    
2026.06.24 22:19:59 INFO                      
2026.06.24 22:19:59 INFO  Downloaded from central: https://repo.maven.apache.org/maven2/org/mockito/mockito-core/5.17.0/mockito-core-5.17.0-sources.jar (542 kB at 14 MB/s)
2026.06.24 22:19:59 INFO  [INFO] SUCCESS: org.mockito:mockito-core:jar:5.17.0:test (sources = true)
2026.06.24 22:19:59 INFO  [INFO] Resolving artifact: org.ow2.asm:asm:jar:9.7.1:test (sources = false)
2026.06.24 22:19:59 INFO  [INFO] SUCCESS: org.ow2.asm:asm:jar:9.7.1:test (sources = false)
2026.06.24 22:19:59 INFO  [INFO] Resolving artifact: org.ow2.asm:asm:jar:9.7.1:test (sources = true)
2026.06.24 22:19:59 INFO  Downloading from central: https://repo.maven.apache.org/maven2/org/ow2/asm/asm/9.7.1/asm-9.7.1-sources.jar
2026.06.24 22:19:59 INFO  Progress (1): 7.7/185 kB
2026.06.24 22:19:59 INFO  Progress (1): 12/185 kB 
2026.06.24 22:19:59 INFO  Progress (1): 29/185 kB
2026.06.24 22:19:59 INFO  Progress (1): 45/185 kB
2026.06.24 22:19:59 INFO  Progress (1): 61/185 kB
2026.06.24 22:19:59 INFO  Progress (1): 78/185 kB
2026.06.24 22:19:59 INFO  Progress (1): 94/185 kB
2026.06.24 22:19:59 INFO  Progress (1): 111/185 kB
2026.06.24 22:19:59 INFO  Progress (1): 127/185 kB
2026.06.24 22:19:59 INFO  Progress (1): 143/185 kB
2026.06.24 22:19:59 INFO  Progress (1): 160/185 kB
2026.06.24 22:19:59 INFO  Progress (1): 176/185 kB
2026.06.24 22:19:59 INFO  Progress (1): 185 kB    
2026.06.24 22:19:59 INFO                      
2026.06.24 22:19:59 INFO  Downloaded from central: https://repo.maven.apache.org/maven2/org/ow2/asm/asm/9.7.1/asm-9.7.1-sources.jar (185 kB at 7.4 MB/s)
2026.06.24 22:19:59 INFO  [INFO] SUCCESS: org.ow2.asm:asm:jar:9.7.1:test (sources = true)
2026.06.24 22:19:59 INFO  [INFO] Resolving artifact: org.junit.jupiter:junit-jupiter-api:jar:5.12.2:test (sources = false)
2026.06.24 22:19:59 INFO  [INFO] SUCCESS: org.junit.jupiter:junit-jupiter-api:jar:5.12.2:test (sources = false)
2026.06.24 22:19:59 INFO  [INFO] Resolving artifact: org.junit.jupiter:junit-jupiter-api:jar:5.12.2:test (sources = true)
2026.06.24 22:19:59 INFO  Downloading from central: https://repo.maven.apache.org/maven2/org/junit/jupiter/junit-jupiter-api/5.12.2/junit-jupiter-api-5.12.2-sources.jar
2026.06.24 22:19:59 INFO  Progress (1): 7.7/232 kB
2026.06.24 22:19:59 INFO  Progress (1): 12/232 kB 
2026.06.24 22:19:59 INFO  Progress (1): 29/232 kB
2026.06.24 22:19:59 INFO  Progress (1): 45/232 kB
2026.06.24 22:19:59 INFO  Progress (1): 61/232 kB
2026.06.24 22:19:59 INFO  Progress (1): 78/232 kB
2026.06.24 22:19:59 INFO  Progress (1): 94/232 kB
2026.06.24 22:19:59 INFO  Progress (1): 111/232 kB
2026.06.24 22:19:59 INFO  Progress (1): 127/232 kB
2026.06.24 22:19:59 INFO  Progress (1): 143/232 kB
2026.06.24 22:19:59 INFO  Progress (1): 160/232 kB
2026.06.24 22:19:59 INFO  Progress (1): 176/232 kB
2026.06.24 22:19:59 INFO  Progress (1): 193/232 kB
2026.06.24 22:19:59 INFO  Progress (1): 209/232 kB
2026.06.24 22:19:59 INFO  Progress (1): 225/232 kB
2026.06.24 22:19:59 INFO  Progress (1): 232 kB    
2026.06.24 22:19:59 INFO                      
2026.06.24 22:19:59 INFO  Downloaded from central: https://repo.maven.apache.org/maven2/org/junit/jupiter/junit-jupiter-api/5.12.2/junit-jupiter-api-5.12.2-sources.jar (232 kB at 9.3 MB/s)
2026.06.24 22:19:59 INFO  [INFO] SUCCESS: org.junit.jupiter:junit-jupiter-api:jar:5.12.2:test (sources = true)
2026.06.24 22:19:59 INFO  [INFO] Resolving artifact: org.springframework.data:spring-data-commons:jar:3.5.12:compile (sources = false)
2026.06.24 22:19:59 INFO  [INFO] SUCCESS: org.springframework.data:spring-data-commons:jar:3.5.12:compile (sources = false)
2026.06.24 22:19:59 INFO  [INFO] Resolving artifact: org.springframework.data:spring-data-commons:jar:3.5.12:compile (sources = true)
2026.06.24 22:19:59 INFO  Downloading from central: https://repo.maven.apache.org/maven2/org/springframework/data/spring-data-commons/3.5.12/spring-data-commons-3.5.12-sources.jar
2026.06.24 22:19:59 INFO  Progress (1): 7.7/989 kB
2026.06.24 22:19:59 INFO  Progress (1): 8.2/989 kB
2026.06.24 22:19:59 INFO  Progress (1): 25/989 kB 
2026.06.24 22:19:59 INFO  Progress (1): 41/989 kB
2026.06.24 22:19:59 INFO  Progress (1): 57/989 kB
2026.06.24 22:19:59 INFO  Progress (1): 66/989 kB
2026.06.24 22:19:59 INFO  Progress (1): 82/989 kB
2026.06.24 22:19:59 INFO  Progress (1): 98/989 kB
2026.06.24 22:19:59 INFO  Progress (1): 115/989 kB
2026.06.24 22:19:59 INFO  Progress (1): 131/989 kB
2026.06.24 22:19:59 INFO  Progress (1): 147/989 kB
2026.06.24 22:19:59 INFO  Progress (1): 164/989 kB
2026.06.24 22:19:59 INFO  Progress (1): 180/989 kB
2026.06.24 22:19:59 INFO  Progress (1): 197/989 kB
2026.06.24 22:19:59 INFO  Progress (1): 213/989 kB
2026.06.24 22:19:59 INFO  Progress (1): 229/989 kB
2026.06.24 22:19:59 INFO  Progress (1): 246/989 kB
2026.06.24 22:19:59 INFO  Progress (1): 262/989 kB
2026.06.24 22:19:59 INFO  Progress (1): 279/989 kB
2026.06.24 22:19:59 INFO  Progress (1): 295/989 kB
2026.06.24 22:19:59 INFO  Progress (1): 311/989 kB
2026.06.24 22:19:59 INFO  Progress (1): 328/989 kB
2026.06.24 22:19:59 INFO  Progress (1): 344/989 kB
2026.06.24 22:19:59 INFO  Progress (1): 360/989 kB
2026.06.24 22:19:59 INFO  Progress (1): 377/989 kB
2026.06.24 22:19:59 INFO  Progress (1): 393/989 kB
2026.06.24 22:19:59 INFO  Progress (1): 410/989 kB
2026.06.24 22:19:59 INFO  Progress (1): 426/989 kB
2026.06.24 22:19:59 INFO  Progress (1): 442/989 kB
2026.06.24 22:19:59 INFO  Progress (1): 459/989 kB
2026.06.24 22:19:59 INFO  Progress (1): 475/989 kB
2026.06.24 22:19:59 INFO  Progress (1): 492/989 kB
2026.06.24 22:19:59 INFO  Progress (1): 508/989 kB
2026.06.24 22:19:59 INFO  Progress (1): 524/989 kB
2026.06.24 22:19:59 INFO  Progress (1): 541/989 kB
2026.06.24 22:19:59 INFO  Progress (1): 557/989 kB
2026.06.24 22:19:59 INFO  Progress (1): 573/989 kB
2026.06.24 22:19:59 INFO  Progress (1): 590/989 kB
2026.06.24 22:19:59 INFO  Progress (1): 606/989 kB
2026.06.24 22:19:59 INFO  Progress (1): 623/989 kB
2026.06.24 22:19:59 INFO  Progress (1): 639/989 kB
2026.06.24 22:19:59 INFO  Progress (1): 655/989 kB
2026.06.24 22:19:59 INFO  Progress (1): 672/989 kB
2026.06.24 22:19:59 INFO  Progress (1): 688/989 kB
2026.06.24 22:19:59 INFO  Progress (1): 705/989 kB
2026.06.24 22:19:59 INFO  Progress (1): 721/989 kB
2026.06.24 22:19:59 INFO  Progress (1): 737/989 kB
2026.06.24 22:19:59 INFO  Progress (1): 754/989 kB
2026.06.24 22:19:59 INFO  Progress (1): 770/989 kB
2026.06.24 22:19:59 INFO  Progress (1): 786/989 kB
2026.06.24 22:19:59 INFO  Progress (1): 803/989 kB
2026.06.24 22:19:59 INFO  Progress (1): 819/989 kB
2026.06.24 22:19:59 INFO  Progress (1): 836/989 kB
2026.06.24 22:19:59 INFO  Progress (1): 852/989 kB
2026.06.24 22:19:59 INFO  Progress (1): 868/989 kB
2026.06.24 22:19:59 INFO  Progress (1): 885/989 kB
2026.06.24 22:19:59 INFO  Progress (1): 901/989 kB
2026.06.24 22:19:59 INFO  Progress (1): 918/989 kB
2026.06.24 22:19:59 INFO  Progress (1): 934/989 kB
2026.06.24 22:19:59 INFO  Progress (1): 950/989 kB
2026.06.24 22:19:59 INFO  Progress (1): 967/989 kB
2026.06.24 22:19:59 INFO  Progress (1): 983/989 kB
2026.06.24 22:19:59 INFO  Progress (1): 989 kB    
2026.06.24 22:19:59 INFO                      
2026.06.24 22:19:59 INFO  Downloaded from central: https://repo.maven.apache.org/maven2/org/springframework/data/spring-data-commons/3.5.12/spring-data-commons-3.5.12-sources.jar (989 kB at 29 MB/s)
2026.06.24 22:19:59 INFO  [INFO] SUCCESS: org.springframework.data:spring-data-commons:jar:3.5.12:compile (sources = true)
2026.06.24 22:19:59 INFO  [INFO] Resolving artifact: org.springframework:spring-beans:jar:6.2.19:compile (sources = false)
2026.06.24 22:19:59 INFO  [INFO] SUCCESS: org.springframework:spring-beans:jar:6.2.19:compile (sources = false)
2026.06.24 22:19:59 INFO  [INFO] Resolving artifact: org.springframework:spring-beans:jar:6.2.19:compile (sources = true)
2026.06.24 22:19:59 INFO  Downloading from central: https://repo.maven.apache.org/maven2/org/springframework/spring-beans/6.2.19/spring-beans-6.2.19-sources.jar
2026.06.24 22:19:59 INFO  Progress (1): 7.7/742 kB
2026.06.24 22:19:59 INFO  Progress (1): 15/742 kB 
2026.06.24 22:19:59 INFO  Progress (1): 32/742 kB
2026.06.24 22:19:59 INFO  Progress (1): 48/742 kB
2026.06.24 22:19:59 INFO  Progress (1): 65/742 kB
2026.06.24 22:19:59 INFO  Progress (1): 81/742 kB
2026.06.24 22:19:59 INFO  Progress (1): 97/742 kB
2026.06.24 22:19:59 INFO  Progress (1): 114/742 kB
2026.06.24 22:19:59 INFO  Progress (1): 130/742 kB
2026.06.24 22:19:59 INFO  Progress (1): 131/742 kB
2026.06.24 22:19:59 INFO  Progress (1): 147/742 kB
2026.06.24 22:19:59 INFO  Progress (1): 164/742 kB
2026.06.24 22:19:59 INFO  Progress (1): 180/742 kB
2026.06.24 22:19:59 INFO  Progress (1): 197/742 kB
2026.06.24 22:19:59 INFO  Progress (1): 213/742 kB
2026.06.24 22:19:59 INFO  Progress (1): 229/742 kB
2026.06.24 22:19:59 INFO  Progress (1): 246/742 kB
2026.06.24 22:19:59 INFO  Progress (1): 262/742 kB
2026.06.24 22:19:59 INFO  Progress (1): 279/742 kB
2026.06.24 22:19:59 INFO  Progress (1): 295/742 kB
2026.06.24 22:19:59 INFO  Progress (1): 311/742 kB
2026.06.24 22:19:59 INFO  Progress (1): 328/742 kB
2026.06.24 22:19:59 INFO  Progress (1): 344/742 kB
2026.06.24 22:19:59 INFO  Progress (1): 360/742 kB
2026.06.24 22:19:59 INFO  Progress (1): 377/742 kB
2026.06.24 22:19:59 INFO  Progress (1): 393/742 kB
2026.06.24 22:19:59 INFO  Progress (1): 410/742 kB
2026.06.24 22:19:59 INFO  Progress (1): 426/742 kB
2026.06.24 22:19:59 INFO  Progress (1): 442/742 kB
2026.06.24 22:19:59 INFO  Progress (1): 459/742 kB
2026.06.24 22:19:59 INFO  Progress (1): 475/742 kB
2026.06.24 22:19:59 INFO  Progress (1): 492/742 kB
2026.06.24 22:19:59 INFO  Progress (1): 508/742 kB
2026.06.24 22:19:59 INFO  Progress (1): 524/742 kB
2026.06.24 22:19:59 INFO  Progress (1): 541/742 kB
2026.06.24 22:19:59 INFO  Progress (1): 557/742 kB
2026.06.24 22:19:59 INFO  Progress (1): 573/742 kB
2026.06.24 22:19:59 INFO  Progress (1): 590/742 kB
2026.06.24 22:19:59 INFO  Progress (1): 606/742 kB
2026.06.24 22:19:59 INFO  Progress (1): 623/742 kB
2026.06.24 22:19:59 INFO  Progress (1): 639/742 kB
2026.06.24 22:19:59 INFO  Progress (1): 655/742 kB
2026.06.24 22:19:59 INFO  Progress (1): 672/742 kB
2026.06.24 22:19:59 INFO  Progress (1): 688/742 kB
2026.06.24 22:19:59 INFO  Progress (1): 692/742 kB
2026.06.24 22:19:59 INFO  Progress (1): 708/742 kB
2026.06.24 22:19:59 INFO  Progress (1): 725/742 kB
2026.06.24 22:19:59 INFO  Progress (1): 741/742 kB
2026.06.24 22:19:59 INFO  Progress (1): 742 kB    
2026.06.24 22:19:59 INFO                      
2026.06.24 22:19:59 INFO  Downloaded from central: https://repo.maven.apache.org/maven2/org/springframework/spring-beans/6.2.19/spring-beans-6.2.19-sources.jar (742 kB at 26 MB/s)
2026.06.24 22:19:59 INFO  [INFO] SUCCESS: org.springframework:spring-beans:jar:6.2.19:compile (sources = true)
2026.06.24 22:19:59 INFO  [INFO] Resolving artifact: org.projectlombok:lombok:jar:1.18.46:compile (sources = false)
2026.06.24 22:19:59 INFO  [INFO] SUCCESS: org.projectlombok:lombok:jar:1.18.46:compile (sources = false)
2026.06.24 22:19:59 INFO  [INFO] Resolving artifact: org.projectlombok:lombok:jar:1.18.46:compile (sources = true)
2026.06.24 22:19:59 INFO  Downloading from central: https://repo.maven.apache.org/maven2/org/projectlombok/lombok/1.18.46/lombok-1.18.46-sources.jar
2026.06.24 22:19:59 INFO  Progress (1): 0/1.0 MB
2026.06.24 22:19:59 INFO  Progress (1): 0/1.0 MB
2026.06.24 22:19:59 INFO  Progress (1): 0/1.0 MB
2026.06.24 22:19:59 INFO  Progress (1): 0/1.0 MB
2026.06.24 22:19:59 INFO  Progress (1): 0.1/1.0 MB
2026.06.24 22:19:59 INFO  Progress (1): 0.1/1.0 MB
2026.06.24 22:19:59 INFO  Progress (1): 0.1/1.0 MB
2026.06.24 22:19:59 INFO  Progress (1): 0.1/1.0 MB
2026.06.24 22:19:59 INFO  Progress (1): 0.1/1.0 MB
2026.06.24 22:19:59 INFO  Progress (1): 0.1/1.0 MB
2026.06.24 22:19:59 INFO  Progress (1): 0.2/1.0 MB
2026.06.24 22:19:59 INFO  Progress (1): 0.2/1.0 MB
2026.06.24 22:19:59 INFO  Progress (1): 0.2/1.0 MB
2026.06.24 22:19:59 INFO  Progress (1): 0.2/1.0 MB
2026.06.24 22:19:59 INFO  Progress (1): 0.2/1.0 MB
2026.06.24 22:19:59 INFO  Progress (1): 0.2/1.0 MB
2026.06.24 22:19:59 INFO  Progress (1): 0.3/1.0 MB
2026.06.24 22:19:59 INFO  Progress (1): 0.3/1.0 MB
2026.06.24 22:19:59 INFO  Progress (1): 0.3/1.0 MB
2026.06.24 22:19:59 INFO  Progress (1): 0.3/1.0 MB
2026.06.24 22:19:59 INFO  Progress (1): 0.3/1.0 MB
2026.06.24 22:19:59 INFO  Progress (1): 0.3/1.0 MB
2026.06.24 22:19:59 INFO  Progress (1): 0.3/1.0 MB
2026.06.24 22:19:59 INFO  Progress (1): 0.4/1.0 MB
2026.06.24 22:19:59 INFO  Progress (1): 0.4/1.0 MB
2026.06.24 22:19:59 INFO  Progress (1): 0.4/1.0 MB
2026.06.24 22:19:59 INFO  Progress (1): 0.4/1.0 MB
2026.06.24 22:19:59 INFO  Progress (1): 0.4/1.0 MB
2026.06.24 22:19:59 INFO  Progress (1): 0.4/1.0 MB
2026.06.24 22:19:59 INFO  Progress (1): 0.5/1.0 MB
2026.06.24 22:19:59 INFO  Progress (1): 0.5/1.0 MB
2026.06.24 22:19:59 INFO  Progress (1): 0.5/1.0 MB
2026.06.24 22:19:59 INFO  Progress (1): 0.5/1.0 MB
2026.06.24 22:19:59 INFO  Progress (1): 0.5/1.0 MB
2026.06.24 22:19:59 INFO  Progress (1): 0.5/1.0 MB
2026.06.24 22:19:59 INFO  Progress (1): 0.6/1.0 MB
2026.06.24 22:19:59 INFO  Progress (1): 0.6/1.0 MB
2026.06.24 22:19:59 INFO  Progress (1): 0.6/1.0 MB
2026.06.24 22:19:59 INFO  Progress (1): 0.6/1.0 MB
2026.06.24 22:19:59 INFO  Progress (1): 0.6/1.0 MB
2026.06.24 22:19:59 INFO  Progress (1): 0.6/1.0 MB
2026.06.24 22:19:59 INFO  Progress (1): 0.7/1.0 MB
2026.06.24 22:19:59 INFO  Progress (1): 0.7/1.0 MB
2026.06.24 22:19:59 INFO  Progress (1): 0.7/1.0 MB
2026.06.24 22:19:59 INFO  Progress (1): 0.7/1.0 MB
2026.06.24 22:19:59 INFO  Progress (1): 0.7/1.0 MB
2026.06.24 22:19:59 INFO  Progress (1): 0.7/1.0 MB
2026.06.24 22:19:59 INFO  Progress (1): 0.8/1.0 MB
2026.06.24 22:19:59 INFO  Progress (1): 0.8/1.0 MB
2026.06.24 22:19:59 INFO  Progress (1): 0.8/1.0 MB
2026.06.24 22:19:59 INFO  Progress (1): 0.8/1.0 MB
2026.06.24 22:19:59 INFO  Progress (1): 0.8/1.0 MB
2026.06.24 22:19:59 INFO  Progress (1): 0.8/1.0 MB
2026.06.24 22:19:59 INFO  Progress (1): 0.9/1.0 MB
2026.06.24 22:19:59 INFO  Progress (1): 0.9/1.0 MB
2026.06.24 22:19:59 INFO  Progress (1): 0.9/1.0 MB
2026.06.24 22:19:59 INFO  Progress (1): 0.9/1.0 MB
2026.06.24 22:19:59 INFO  Progress (1): 0.9/1.0 MB
2026.06.24 22:19:59 INFO  Progress (1): 0.9/1.0 MB
2026.06.24 22:19:59 INFO  Progress (1): 0.9/1.0 MB
2026.06.24 22:19:59 INFO  Progress (1): 1.0/1.0 MB
2026.06.24 22:19:59 INFO  Progress (1): 1.0/1.0 MB
2026.06.24 22:19:59 INFO  Progress (1): 1.0/1.0 MB
2026.06.24 22:19:59 INFO  Progress (1): 1.0/1.0 MB
2026.06.24 22:19:59 INFO  Progress (1): 1.0/1.0 MB
2026.06.24 22:19:59 INFO  Progress (1): 1.0 MB    
2026.06.24 22:19:59 INFO                      
2026.06.24 22:19:59 INFO  Downloaded from central: https://repo.maven.apache.org/maven2/org/projectlombok/lombok/1.18.46/lombok-1.18.46-sources.jar (1.0 MB at 27 MB/s)
2026.06.24 22:19:59 INFO  [INFO] SUCCESS: org.projectlombok:lombok:jar:1.18.46:compile (sources = true)
2026.06.24 22:19:59 INFO  [INFO] Resolving artifact: org.apache.tomcat.embed:tomcat-embed-el:jar:10.1.55:compile (sources = false)
2026.06.24 22:19:59 INFO  [INFO] SUCCESS: org.apache.tomcat.embed:tomcat-embed-el:jar:10.1.55:compile (sources = false)
2026.06.24 22:19:59 INFO  [INFO] Resolving artifact: org.apache.tomcat.embed:tomcat-embed-el:jar:10.1.55:compile (sources = true)
2026.06.24 22:19:59 INFO  Downloading from central: https://repo.maven.apache.org/maven2/org/apache/tomcat/embed/tomcat-embed-el/10.1.55/tomcat-embed-el-10.1.55-sources.jar
2026.06.24 22:19:59 INFO  Progress (1): 7.7/231 kB
2026.06.24 22:19:59 INFO  Progress (1): 7.7/231 kB
2026.06.24 22:19:59 INFO  Progress (1): 24/231 kB 
2026.06.24 22:19:59 INFO  Progress (1): 40/231 kB
2026.06.24 22:19:59 INFO  Progress (1): 57/231 kB
2026.06.24 22:19:59 INFO  Progress (1): 73/231 kB
2026.06.24 22:19:59 INFO  Progress (1): 90/231 kB
2026.06.24 22:19:59 INFO  Progress (1): 106/231 kB
2026.06.24 22:19:59 INFO  Progress (1): 122/231 kB
2026.06.24 22:19:59 INFO  Progress (1): 139/231 kB
2026.06.24 22:19:59 INFO  Progress (1): 155/231 kB
2026.06.24 22:19:59 INFO  Progress (1): 164/231 kB
2026.06.24 22:19:59 INFO  Progress (1): 180/231 kB
2026.06.24 22:19:59 INFO  Progress (1): 197/231 kB
2026.06.24 22:19:59 INFO  Progress (1): 213/231 kB
2026.06.24 22:19:59 INFO  Progress (1): 229/231 kB
2026.06.24 22:19:59 INFO  Progress (1): 231 kB    
2026.06.24 22:19:59 INFO                      
2026.06.24 22:19:59 INFO  Downloaded from central: https://repo.maven.apache.org/maven2/org/apache/tomcat/embed/tomcat-embed-el/10.1.55/tomcat-embed-el-10.1.55-sources.jar (231 kB at 7.4 MB/s)
2026.06.24 22:19:59 INFO  [INFO] SUCCESS: org.apache.tomcat.embed:tomcat-embed-el:jar:10.1.55:compile (sources = true)
2026.06.24 22:19:59 INFO  [INFO] Resolving artifact: com.fasterxml.jackson.datatype:jackson-datatype-jdk8:jar:2.21.4:compile (sources = false)
2026.06.24 22:19:59 INFO  [INFO] SUCCESS: com.fasterxml.jackson.datatype:jackson-datatype-jdk8:jar:2.21.4:compile (sources = false)
2026.06.24 22:19:59 INFO  [INFO] Resolving artifact: com.fasterxml.jackson.datatype:jackson-datatype-jdk8:jar:2.21.4:compile (sources = true)
2026.06.24 22:19:59 INFO  Downloading from central: https://repo.maven.apache.org/maven2/com/fasterxml/jackson/datatype/jackson-datatype-jdk8/2.21.4/jackson-datatype-jdk8-2.21.4-sources.jar
2026.06.24 22:19:59 INFO  Progress (1): 7.7/24 kB
2026.06.24 22:19:59 INFO  Progress (1): 16/24 kB 
2026.06.24 22:19:59 INFO  Progress (1): 24 kB   
2026.06.24 22:19:59 INFO                     
2026.06.24 22:19:59 INFO  Downloaded from central: https://repo.maven.apache.org/maven2/com/fasterxml/jackson/datatype/jackson-datatype-jdk8/2.21.4/jackson-datatype-jdk8-2.21.4-sources.jar (24 kB at 923 kB/s)
2026.06.24 22:19:59 INFO  [INFO] SUCCESS: com.fasterxml.jackson.datatype:jackson-datatype-jdk8:jar:2.21.4:compile (sources = true)
2026.06.24 22:19:59 INFO  [INFO] Resolving artifact: org.springframework:spring-core:jar:6.2.19:compile (sources = false)
2026.06.24 22:19:59 INFO  [INFO] SUCCESS: org.springframework:spring-core:jar:6.2.19:compile (sources = false)
2026.06.24 22:19:59 INFO  [INFO] Resolving artifact: org.springframework:spring-core:jar:6.2.19:compile (sources = true)
2026.06.24 22:19:59 INFO  Downloading from central: https://repo.maven.apache.org/maven2/org/springframework/spring-core/6.2.19/spring-core-6.2.19-sources.jar
2026.06.24 22:19:59 INFO  Progress (1): 0/1.5 MB
2026.06.24 22:19:59 INFO  Progress (1): 0/1.5 MB
2026.06.24 22:19:59 INFO  Progress (1): 0/1.5 MB
2026.06.24 22:19:59 INFO  Progress (1): 0/1.5 MB
2026.06.24 22:19:59 INFO  Progress (1): 0.1/1.5 MB
2026.06.24 22:19:59 INFO  Progress (1): 0.1/1.5 MB
2026.06.24 22:19:59 INFO  Progress (1): 0.1/1.5 MB
2026.06.24 22:19:59 INFO  Progress (1): 0.1/1.5 MB
2026.06.24 22:19:59 INFO  Progress (1): 0.1/1.5 MB
2026.06.24 22:19:59 INFO  Progress (1): 0.1/1.5 MB
2026.06.24 22:19:59 INFO  Progress (1): 0.2/1.5 MB
2026.06.24 22:19:59 INFO  Progress (1): 0.2/1.5 MB
2026.06.24 22:19:59 INFO  Progress (1): 0.2/1.5 MB
2026.06.24 22:19:59 INFO  Progress (1): 0.2/1.5 MB
2026.06.24 22:19:59 INFO  Progress (1): 0.2/1.5 MB
2026.06.24 22:19:59 INFO  Progress (1): 0.2/1.5 MB
2026.06.24 22:19:59 INFO  Progress (1): 0.3/1.5 MB
2026.06.24 22:19:59 INFO  Progress (1): 0.3/1.5 MB
2026.06.24 22:19:59 INFO  Progress (1): 0.3/1.5 MB
2026.06.24 22:19:59 INFO  Progress (1): 0.3/1.5 MB
2026.06.24 22:19:59 INFO  Progress (1): 0.3/1.5 MB
2026.06.24 22:19:59 INFO  Progress (1): 0.3/1.5 MB
2026.06.24 22:19:59 INFO  Progress (1): 0.3/1.5 MB
2026.06.24 22:19:59 INFO  Progress (1): 0.4/1.5 MB
2026.06.24 22:19:59 INFO  Progress (1): 0.4/1.5 MB
2026.06.24 22:19:59 INFO  Progress (1): 0.4/1.5 MB
2026.06.24 22:19:59 INFO  Progress (1): 0.4/1.5 MB
2026.06.24 22:19:59 INFO  Progress (1): 0.4/1.5 MB
2026.06.24 22:19:59 INFO  Progress (1): 0.4/1.5 MB
2026.06.24 22:19:59 INFO  Progress (1): 0.5/1.5 MB
2026.06.24 22:19:59 INFO  Progress (1): 0.5/1.5 MB
2026.06.24 22:19:59 INFO  Progress (1): 0.5/1.5 MB
2026.06.24 22:19:59 INFO  Progress (1): 0.5/1.5 MB
2026.06.24 22:19:59 INFO  Progress (1): 0.5/1.5 MB
2026.06.24 22:19:59 INFO  Progress (1): 0.5/1.5 MB
2026.06.24 22:19:59 INFO  Progress (1): 0.6/1.5 MB
2026.06.24 22:19:59 INFO  Progress (1): 0.6/1.5 MB
2026.06.24 22:19:59 INFO  Progress (1): 0.6/1.5 MB
2026.06.24 22:19:59 INFO  Progress (1): 0.6/1.5 MB
2026.06.24 22:19:59 INFO  Progress (1): 0.6/1.5 MB
2026.06.24 22:19:59 INFO  Progress (1): 0.6/1.5 MB
2026.06.24 22:19:59 INFO  Progress (1): 0.7/1.5 MB
2026.06.24 22:19:59 INFO  Progress (1): 0.7/1.5 MB
2026.06.24 22:19:59 INFO  Progress (1): 0.7/1.5 MB
2026.06.24 22:19:59 INFO  Progress (1): 0.7/1.5 MB
2026.06.24 22:19:59 INFO  Progress (1): 0.7/1.5 MB
2026.06.24 22:19:59 INFO  Progress (1): 0.7/1.5 MB
2026.06.24 22:19:59 INFO  Progress (1): 0.8/1.5 MB
2026.06.24 22:19:59 INFO  Progress (1): 0.8/1.5 MB
2026.06.24 22:19:59 INFO  Progress (1): 0.8/1.5 MB
2026.06.24 22:19:59 INFO  Progress (1): 0.8/1.5 MB
2026.06.24 22:19:59 INFO  Progress (1): 0.8/1.5 MB
2026.06.24 22:19:59 INFO  Progress (1): 0.8/1.5 MB
2026.06.24 22:19:59 INFO  Progress (1): 0.9/1.5 MB
2026.06.24 22:19:59 INFO  Progress (1): 0.9/1.5 MB
2026.06.24 22:19:59 INFO  Progress (1): 0.9/1.5 MB
2026.06.24 22:19:59 INFO  Progress (1): 0.9/1.5 MB
2026.06.24 22:19:59 INFO  Progress (1): 0.9/1.5 MB
2026.06.24 22:19:59 INFO  Progress (1): 0.9/1.5 MB
2026.06.24 22:19:59 INFO  Progress (1): 1.0/1.5 MB
2026.06.24 22:19:59 INFO  Progress (1): 1.0/1.5 MB
2026.06.24 22:19:59 INFO  Progress (1): 1.0/1.5 MB
2026.06.24 22:19:59 INFO  Progress (1): 1.0/1.5 MB
2026.06.24 22:19:59 INFO  Progress (1): 1.0/1.5 MB
2026.06.24 22:19:59 INFO  Progress (1): 1.0/1.5 MB
2026.06.24 22:19:59 INFO  Progress (1): 1.0/1.5 MB
2026.06.24 22:19:59 INFO  Progress (1): 1.1/1.5 MB
2026.06.24 22:19:59 INFO  Progress (1): 1.1/1.5 MB
2026.06.24 22:19:59 INFO  Progress (1): 1.1/1.5 MB
2026.06.24 22:19:59 INFO  Progress (1): 1.1/1.5 MB
2026.06.24 22:19:59 INFO  Progress (1): 1.1/1.5 MB
2026.06.24 22:19:59 INFO  Progress (1): 1.1/1.5 MB
2026.06.24 22:19:59 INFO  Progress (1): 1.2/1.5 MB
2026.06.24 22:19:59 INFO  Progress (1): 1.2/1.5 MB
2026.06.24 22:19:59 INFO  Progress (1): 1.2/1.5 MB
2026.06.24 22:19:59 INFO  Progress (1): 1.2/1.5 MB
2026.06.24 22:19:59 INFO  Progress (1): 1.2/1.5 MB
2026.06.24 22:19:59 INFO  Progress (1): 1.2/1.5 MB
2026.06.24 22:19:59 INFO  Progress (1): 1.3/1.5 MB
2026.06.24 22:19:59 INFO  Progress (1): 1.3/1.5 MB
2026.06.24 22:19:59 INFO  Progress (1): 1.3/1.5 MB
2026.06.24 22:19:59 INFO  Progress (1): 1.3/1.5 MB
2026.06.24 22:19:59 INFO  Progress (1): 1.3/1.5 MB
2026.06.24 22:19:59 INFO  Progress (1): 1.3/1.5 MB
2026.06.24 22:19:59 INFO  Progress (1): 1.4/1.5 MB
2026.06.24 22:19:59 INFO  Progress (1): 1.4/1.5 MB
2026.06.24 22:19:59 INFO  Progress (1): 1.4/1.5 MB
2026.06.24 22:19:59 INFO  Progress (1): 1.4/1.5 MB
2026.06.24 22:19:59 INFO  Progress (1): 1.4/1.5 MB
2026.06.24 22:19:59 INFO  Progress (1): 1.4/1.5 MB
2026.06.24 22:19:59 INFO  Progress (1): 1.5/1.5 MB
2026.06.24 22:19:59 INFO  Progress (1): 1.5/1.5 MB
2026.06.24 22:19:59 INFO  Progress (1): 1.5 MB    
2026.06.24 22:19:59 INFO                      
2026.06.24 22:19:59 INFO  Downloaded from central: https://repo.maven.apache.org/maven2/org/springframework/spring-core/6.2.19/spring-core-6.2.19-sources.jar (1.5 MB at 37 MB/s)
2026.06.24 22:19:59 INFO  [INFO] SUCCESS: org.springframework:spring-core:jar:6.2.19:compile (sources = true)
2026.06.24 22:19:59 INFO  [INFO] Resolving artifact: org.springframework:spring-context:jar:6.2.19:compile (sources = false)
2026.06.24 22:19:59 INFO  [INFO] SUCCESS: org.springframework:spring-context:jar:6.2.19:compile (sources = false)
2026.06.24 22:19:59 INFO  [INFO] Resolving artifact: org.springframework:spring-context:jar:6.2.19:compile (sources = true)
2026.06.24 22:19:59 INFO  Downloading from central: https://repo.maven.apache.org/maven2/org/springframework/spring-context/6.2.19/spring-context-6.2.19-sources.jar
2026.06.24 22:19:59 INFO  Progress (1): 0/1.1 MB
2026.06.24 22:19:59 INFO  Progress (1): 0/1.1 MB
2026.06.24 22:19:59 INFO  Progress (1): 0/1.1 MB
2026.06.24 22:19:59 INFO  Progress (1): 0.1/1.1 MB
2026.06.24 22:19:59 INFO  Progress (1): 0.1/1.1 MB
2026.06.24 22:19:59 INFO  Progress (1): 0.1/1.1 MB
2026.06.24 22:19:59 INFO  Progress (1): 0.1/1.1 MB
2026.06.24 22:19:59 INFO  Progress (1): 0.1/1.1 MB
2026.06.24 22:19:59 INFO  Progress (1): 0.1/1.1 MB
2026.06.24 22:19:59 INFO  Progress (1): 0.1/1.1 MB
2026.06.24 22:19:59 INFO  Progress (1): 0.2/1.1 MB
2026.06.24 22:19:59 INFO  Progress (1): 0.2/1.1 MB
2026.06.24 22:19:59 INFO  Progress (1): 0.2/1.1 MB
2026.06.24 22:19:59 INFO  Progress (1): 0.2/1.1 MB
2026.06.24 22:19:59 INFO  Progress (1): 0.2/1.1 MB
2026.06.24 22:19:59 INFO  Progress (1): 0.2/1.1 MB
2026.06.24 22:19:59 INFO  Progress (1): 0.2/1.1 MB
2026.06.24 22:19:59 INFO  Progress (1): 0.3/1.1 MB
2026.06.24 22:19:59 INFO  Progress (1): 0.3/1.1 MB
2026.06.24 22:19:59 INFO  Progress (1): 0.3/1.1 MB
2026.06.24 22:19:59 INFO  Progress (1): 0.3/1.1 MB
2026.06.24 22:19:59 INFO  Progress (1): 0.3/1.1 MB
2026.06.24 22:19:59 INFO  Progress (1): 0.3/1.1 MB
2026.06.24 22:19:59 INFO  Progress (1): 0.4/1.1 MB
2026.06.24 22:19:59 INFO  Progress (1): 0.4/1.1 MB
2026.06.24 22:19:59 INFO  Progress (1): 0.4/1.1 MB
2026.06.24 22:19:59 INFO  Progress (1): 0.4/1.1 MB
2026.06.24 22:19:59 INFO  Progress (1): 0.4/1.1 MB
2026.06.24 22:19:59 INFO  Progress (1): 0.4/1.1 MB
2026.06.24 22:19:59 INFO  Progress (1): 0.5/1.1 MB
2026.06.24 22:19:59 INFO  Progress (1): 0.5/1.1 MB
2026.06.24 22:19:59 INFO  Progress (1): 0.5/1.1 MB
2026.06.24 22:19:59 INFO  Progress (1): 0.5/1.1 MB
2026.06.24 22:19:59 INFO  Progress (1): 0.5/1.1 MB
2026.06.24 22:19:59 INFO  Progress (1): 0.5/1.1 MB
2026.06.24 22:19:59 INFO  Progress (1): 0.6/1.1 MB
2026.06.24 22:19:59 INFO  Progress (1): 0.6/1.1 MB
2026.06.24 22:19:59 INFO  Progress (1): 0.6/1.1 MB
2026.06.24 22:19:59 INFO  Progress (1): 0.6/1.1 MB
2026.06.24 22:19:59 INFO  Progress (1): 0.6/1.1 MB
2026.06.24 22:19:59 INFO  Progress (1): 0.6/1.1 MB
2026.06.24 22:19:59 INFO  Progress (1): 0.7/1.1 MB
2026.06.24 22:19:59 INFO  Progress (1): 0.7/1.1 MB
2026.06.24 22:19:59 INFO  Progress (1): 0.7/1.1 MB
2026.06.24 22:19:59 INFO  Progress (1): 0.7/1.1 MB
2026.06.24 22:19:59 INFO  Progress (1): 0.7/1.1 MB
2026.06.24 22:19:59 INFO  Progress (1): 0.7/1.1 MB
2026.06.24 22:19:59 INFO  Progress (1): 0.8/1.1 MB
2026.06.24 22:19:59 INFO  Progress (1): 0.8/1.1 MB
2026.06.24 22:19:59 INFO  Progress (1): 0.8/1.1 MB
2026.06.24 22:19:59 INFO  Progress (1): 0.8/1.1 MB
2026.06.24 22:19:59 INFO  Progress (1): 0.8/1.1 MB
2026.06.24 22:19:59 INFO  Progress (1): 0.8/1.1 MB
2026.06.24 22:19:59 INFO  Progress (1): 0.9/1.1 MB
2026.06.24 22:19:59 INFO  Progress (1): 0.9/1.1 MB
2026.06.24 22:19:59 INFO  Progress (1): 0.9/1.1 MB
2026.06.24 22:19:59 INFO  Progress (1): 0.9/1.1 MB
2026.06.24 22:19:59 INFO  Progress (1): 0.9/1.1 MB
2026.06.24 22:19:59 INFO  Progress (1): 0.9/1.1 MB
2026.06.24 22:19:59 INFO  Progress (1): 1.0/1.1 MB
2026.06.24 22:19:59 INFO  Progress (1): 1.0/1.1 MB
2026.06.24 22:19:59 INFO  Progress (1): 1.0/1.1 MB
2026.06.24 22:19:59 INFO  Progress (1): 1.0/1.1 MB
2026.06.24 22:19:59 INFO  Progress (1): 1.0/1.1 MB
2026.06.24 22:19:59 INFO  Progress (1): 1.0/1.1 MB
2026.06.24 22:19:59 INFO  Progress (1): 1.0/1.1 MB
2026.06.24 22:19:59 INFO  Progress (1): 1.1/1.1 MB
2026.06.24 22:19:59 INFO  Progress (1): 1.1/1.1 MB
2026.06.24 22:19:59 INFO  Progress (1): 1.1/1.1 MB
2026.06.24 22:19:59 INFO  Progress (1): 1.1 MB    
2026.06.24 22:19:59 INFO                      
2026.06.24 22:19:59 INFO  Downloaded from central: https://repo.maven.apache.org/maven2/org/springframework/spring-context/6.2.19/spring-context-6.2.19-sources.jar (1.1 MB at 33 MB/s)
2026.06.24 22:19:59 INFO  [INFO] SUCCESS: org.springframework:spring-context:jar:6.2.19:compile (sources = true)
2026.06.24 22:19:59 INFO  [INFO] Resolving artifact: org.springframework:spring-aspects:jar:6.2.19:compile (sources = false)
2026.06.24 22:19:59 INFO  [INFO] SUCCESS: org.springframework:spring-aspects:jar:6.2.19:compile (sources = false)
2026.06.24 22:19:59 INFO  [INFO] Resolving artifact: org.springframework:spring-aspects:jar:6.2.19:compile (sources = true)
2026.06.24 22:19:59 INFO  Downloading from central: https://repo.maven.apache.org/maven2/org/springframework/spring-aspects/6.2.19/spring-aspects-6.2.19-sources.jar
2026.06.24 22:19:59 INFO  Progress (1): 7.7/33 kB
2026.06.24 22:19:59 INFO  Progress (1): 16/33 kB 
2026.06.24 22:19:59 INFO  Progress (1): 24/33 kB
2026.06.24 22:19:59 INFO  Progress (1): 33 kB   
2026.06.24 22:19:59 INFO                     
2026.06.24 22:19:59 INFO  Downloaded from central: https://repo.maven.apache.org/maven2/org/springframework/spring-aspects/6.2.19/spring-aspects-6.2.19-sources.jar (33 kB at 1.3 MB/s)
2026.06.24 22:19:59 INFO  [INFO] SUCCESS: org.springframework:spring-aspects:jar:6.2.19:compile (sources = true)
2026.06.24 22:19:59 INFO  [INFO] Resolving artifact: org.springframework.boot:spring-boot-starter-data-jpa:jar:3.5.15:compile (sources = false)
2026.06.24 22:19:59 INFO  [INFO] SUCCESS: org.springframework.boot:spring-boot-starter-data-jpa:jar:3.5.15:compile (sources = false)
2026.06.24 22:19:59 INFO  [INFO] Resolving artifact: org.springframework.boot:spring-boot-starter-data-jpa:jar:3.5.15:compile (sources = true)
2026.06.24 22:19:59 INFO  Downloading from central: https://repo.maven.apache.org/maven2/org/springframework/boot/spring-boot-starter-data-jpa/3.5.15/spring-boot-starter-data-jpa-3.5.15-sources.jar
2026.06.24 22:19:59 INFO  Progress (1): 4.8 kB
2026.06.24 22:19:59 INFO                      
2026.06.24 22:19:59 INFO  Downloaded from central: https://repo.maven.apache.org/maven2/org/springframework/boot/spring-boot-starter-data-jpa/3.5.15/spring-boot-starter-data-jpa-3.5.15-sources.jar (4.8 kB at 164 kB/s)
2026.06.24 22:19:59 INFO  [INFO] SUCCESS: org.springframework.boot:spring-boot-starter-data-jpa:jar:3.5.15:compile (sources = true)
2026.06.24 22:19:59 INFO  [INFO] Resolving artifact: org.glassfish.jaxb:jaxb-core:jar:4.0.9:runtime (sources = false)
2026.06.24 22:19:59 INFO  [INFO] SUCCESS: org.glassfish.jaxb:jaxb-core:jar:4.0.9:runtime (sources = false)
2026.06.24 22:19:59 INFO  [INFO] Resolving artifact: org.glassfish.jaxb:jaxb-core:jar:4.0.9:runtime (sources = true)
2026.06.24 22:19:59 INFO  Downloading from central: https://repo.maven.apache.org/maven2/org/glassfish/jaxb/jaxb-core/4.0.9/jaxb-core-4.0.9-sources.jar
2026.06.24 22:19:59 INFO  Progress (1): 7.7/133 kB
2026.06.24 22:19:59 INFO  Progress (1): 8.2/133 kB
2026.06.24 22:19:59 INFO  Progress (1): 25/133 kB 
2026.06.24 22:19:59 INFO  Progress (1): 41/133 kB
2026.06.24 22:19:59 INFO  Progress (1): 57/133 kB
2026.06.24 22:19:59 INFO  Progress (1): 66/133 kB
2026.06.24 22:19:59 INFO  Progress (1): 82/133 kB
2026.06.24 22:19:59 INFO  Progress (1): 98/133 kB
2026.06.24 22:19:59 INFO  Progress (1): 115/133 kB
2026.06.24 22:19:59 INFO  Progress (1): 131/133 kB
2026.06.24 22:19:59 INFO  Progress (1): 133 kB    
2026.06.24 22:19:59 INFO                      
2026.06.24 22:19:59 INFO  Downloaded from central: https://repo.maven.apache.org/maven2/org/glassfish/jaxb/jaxb-core/4.0.9/jaxb-core-4.0.9-sources.jar (133 kB at 4.8 MB/s)
2026.06.24 22:19:59 INFO  [INFO] SUCCESS: org.glassfish.jaxb:jaxb-core:jar:4.0.9:runtime (sources = true)
2026.06.24 22:19:59 INFO  [INFO] Resolving artifact: org.antlr:antlr4-runtime:jar:4.13.2:compile (sources = false)
2026.06.24 22:19:59 INFO  [INFO] SUCCESS: org.antlr:antlr4-runtime:jar:4.13.2:compile (sources = false)
2026.06.24 22:19:59 INFO  [INFO] Resolving artifact: org.antlr:antlr4-runtime:jar:4.13.2:compile (sources = true)
2026.06.24 22:19:59 INFO  Downloading from central: https://repo.maven.apache.org/maven2/org/antlr/antlr4-runtime/4.13.2/antlr4-runtime-4.13.2-sources.jar
2026.06.24 22:19:59 INFO  Progress (1): 7.7/314 kB
2026.06.24 22:19:59 INFO  Progress (1): 8.2/314 kB
2026.06.24 22:19:59 INFO  Progress (1): 25/314 kB 
2026.06.24 22:19:59 INFO  Progress (1): 41/314 kB
2026.06.24 22:19:59 INFO  Progress (1): 57/314 kB
2026.06.24 22:19:59 INFO  Progress (1): 66/314 kB
2026.06.24 22:19:59 INFO  Progress (1): 82/314 kB
2026.06.24 22:19:59 INFO  Progress (1): 98/314 kB
2026.06.24 22:19:59 INFO  Progress (1): 102/314 kB
2026.06.24 22:19:59 INFO  Progress (1): 118/314 kB
2026.06.24 22:19:59 INFO  Progress (1): 131/314 kB
2026.06.24 22:19:59 INFO  Progress (1): 147/314 kB
2026.06.24 22:19:59 INFO  Progress (1): 164/314 kB
2026.06.24 22:19:59 INFO  Progress (1): 180/314 kB
2026.06.24 22:19:59 INFO  Progress (1): 197/314 kB
2026.06.24 22:19:59 INFO  Progress (1): 213/314 kB
2026.06.24 22:19:59 INFO  Progress (1): 229/314 kB
2026.06.24 22:19:59 INFO  Progress (1): 246/314 kB
2026.06.24 22:19:59 INFO  Progress (1): 262/314 kB
2026.06.24 22:19:59 INFO  Progress (1): 279/314 kB
2026.06.24 22:19:59 INFO  Progress (1): 295/314 kB
2026.06.24 22:19:59 INFO  Progress (1): 311/314 kB
2026.06.24 22:19:59 INFO  Progress (1): 314 kB    
2026.06.24 22:19:59 INFO                      
2026.06.24 22:19:59 INFO  Downloaded from central: https://repo.maven.apache.org/maven2/org/antlr/antlr4-runtime/4.13.2/antlr4-runtime-4.13.2-sources.jar (314 kB at 11 MB/s)
2026.06.24 22:19:59 INFO  [INFO] SUCCESS: org.antlr:antlr4-runtime:jar:4.13.2:compile (sources = true)
2026.06.24 22:19:59 INFO  [INFO] Resolving artifact: org.springframework:spring-jdbc:jar:6.2.19:compile (sources = false)
2026.06.24 22:19:59 INFO  [INFO] SUCCESS: org.springframework:spring-jdbc:jar:6.2.19:compile (sources = false)
2026.06.24 22:19:59 INFO  [INFO] Resolving artifact: org.springframework:spring-jdbc:jar:6.2.19:compile (sources = true)
2026.06.24 22:19:59 INFO  Downloading from central: https://repo.maven.apache.org/maven2/org/springframework/spring-jdbc/6.2.19/spring-jdbc-6.2.19-sources.jar
2026.06.24 22:19:59 INFO  Progress (1): 7.7/460 kB
2026.06.24 22:19:59 INFO  Progress (1): 16/460 kB 
2026.06.24 22:19:59 INFO  Progress (1): 32/460 kB
2026.06.24 22:19:59 INFO  Progress (1): 49/460 kB
2026.06.24 22:19:59 INFO  Progress (1): 61/460 kB
2026.06.24 22:19:59 INFO  Progress (1): 78/460 kB
2026.06.24 22:19:59 INFO  Progress (1): 94/460 kB
2026.06.24 22:19:59 INFO  Progress (1): 111/460 kB
2026.06.24 22:19:59 INFO  Progress (1): 127/460 kB
2026.06.24 22:19:59 INFO  Progress (1): 143/460 kB
2026.06.24 22:19:59 INFO  Progress (1): 160/460 kB
2026.06.24 22:19:59 INFO  Progress (1): 176/460 kB
2026.06.24 22:19:59 INFO  Progress (1): 193/460 kB
2026.06.24 22:19:59 INFO  Progress (1): 209/460 kB
2026.06.24 22:19:59 INFO  Progress (1): 225/460 kB
2026.06.24 22:19:59 INFO  Progress (1): 229/460 kB
2026.06.24 22:19:59 INFO  Progress (1): 246/460 kB
2026.06.24 22:19:59 INFO  Progress (1): 262/460 kB
2026.06.24 22:19:59 INFO  Progress (1): 279/460 kB
2026.06.24 22:19:59 INFO  Progress (1): 295/460 kB
2026.06.24 22:19:59 INFO  Progress (1): 311/460 kB
2026.06.24 22:19:59 INFO  Progress (1): 328/460 kB
2026.06.24 22:19:59 INFO  Progress (1): 344/460 kB
2026.06.24 22:19:59 INFO  Progress (1): 360/460 kB
2026.06.24 22:19:59 INFO  Progress (1): 377/460 kB
2026.06.24 22:19:59 INFO  Progress (1): 393/460 kB
2026.06.24 22:19:59 INFO  Progress (1): 410/460 kB
2026.06.24 22:19:59 INFO  Progress (1): 413/460 kB
2026.06.24 22:19:59 INFO  Progress (1): 430/460 kB
2026.06.24 22:19:59 INFO  Progress (1): 446/460 kB
2026.06.24 22:19:59 INFO  Progress (1): 460 kB    
2026.06.24 22:19:59 INFO                      
2026.06.24 22:19:59 INFO  Downloaded from central: https://repo.maven.apache.org/maven2/org/springframework/spring-jdbc/6.2.19/spring-jdbc-6.2.19-sources.jar (460 kB at 15 MB/s)
2026.06.24 22:19:59 INFO  [INFO] SUCCESS: org.springframework:spring-jdbc:jar:6.2.19:compile (sources = true)
2026.06.24 22:19:59 INFO  [INFO] Resolving artifact: jakarta.persistence:jakarta.persistence-api:jar:3.1.0:compile (sources = false)
2026.06.24 22:19:59 INFO  [INFO] SUCCESS: jakarta.persistence:jakarta.persistence-api:jar:3.1.0:compile (sources = false)
2026.06.24 22:19:59 INFO  [INFO] Resolving artifact: jakarta.persistence:jakarta.persistence-api:jar:3.1.0:compile (sources = true)
2026.06.24 22:19:59 INFO  Downloading from central: https://repo.maven.apache.org/maven2/jakarta/persistence/jakarta.persistence-api/3.1.0/jakarta.persistence-api-3.1.0-sources.jar
2026.06.24 22:20:00 INFO  Progress (1): 7.7/262 kB
2026.06.24 22:20:00 INFO  Progress (1): 12/262 kB 
2026.06.24 22:20:00 INFO  Progress (1): 29/262 kB
2026.06.24 22:20:00 INFO  Progress (1): 45/262 kB
2026.06.24 22:20:00 INFO  Progress (1): 61/262 kB
2026.06.24 22:20:00 INFO  Progress (1): 78/262 kB
2026.06.24 22:20:00 INFO  Progress (1): 82/262 kB
2026.06.24 22:20:00 INFO  Progress (1): 98/262 kB
2026.06.24 22:20:00 INFO  Progress (1): 115/262 kB
2026.06.24 22:20:00 INFO  Progress (1): 131/262 kB
2026.06.24 22:20:00 INFO  Progress (1): 147/262 kB
2026.06.24 22:20:00 INFO  Progress (1): 164/262 kB
2026.06.24 22:20:00 INFO  Progress (1): 180/262 kB
2026.06.24 22:20:00 INFO  Progress (1): 197/262 kB
2026.06.24 22:20:00 INFO  Progress (1): 213/262 kB
2026.06.24 22:20:00 INFO  Progress (1): 229/262 kB
2026.06.24 22:20:00 INFO  Progress (1): 246/262 kB
2026.06.24 22:20:00 INFO  Progress (1): 262/262 kB
2026.06.24 22:20:00 INFO  Progress (1): 262 kB    
2026.06.24 22:20:00 INFO                      
2026.06.24 22:20:00 INFO  Downloaded from central: https://repo.maven.apache.org/maven2/jakarta/persistence/jakarta.persistence-api/3.1.0/jakarta.persistence-api-3.1.0-sources.jar (262 kB at 9.0 MB/s)
2026.06.24 22:20:00 INFO  [INFO] SUCCESS: jakarta.persistence:jakarta.persistence-api:jar:3.1.0:compile (sources = true)
2026.06.24 22:20:00 INFO  [INFO] Resolving artifact: org.opentest4j:opentest4j:jar:1.3.0:test (sources = false)
2026.06.24 22:20:00 INFO  [INFO] SUCCESS: org.opentest4j:opentest4j:jar:1.3.0:test (sources = false)
2026.06.24 22:20:00 INFO  [INFO] Resolving artifact: org.opentest4j:opentest4j:jar:1.3.0:test (sources = true)
2026.06.24 22:20:00 INFO  Downloading from central: https://repo.maven.apache.org/maven2/org/opentest4j/opentest4j/1.3.0/opentest4j-1.3.0-sources.jar
2026.06.24 22:20:00 INFO  Progress (1): 7.3/10 kB
2026.06.24 22:20:00 INFO  Progress (1): 10 kB    
2026.06.24 22:20:00 INFO                     
2026.06.24 22:20:00 INFO  Downloaded from central: https://repo.maven.apache.org/maven2/org/opentest4j/opentest4j/1.3.0/opentest4j-1.3.0-sources.jar (10 kB at 354 kB/s)
2026.06.24 22:20:00 INFO  [INFO] SUCCESS: org.opentest4j:opentest4j:jar:1.3.0:test (sources = true)
2026.06.24 22:20:00 INFO  [INFO] Resolving artifact: io.smallrye:jandex:jar:3.2.0:runtime (sources = false)
2026.06.24 22:20:00 INFO  [INFO] SUCCESS: io.smallrye:jandex:jar:3.2.0:runtime (sources = false)
2026.06.24 22:20:00 INFO  [INFO] Resolving artifact: io.smallrye:jandex:jar:3.2.0:runtime (sources = true)
2026.06.24 22:20:00 INFO  Downloading from central: https://repo.maven.apache.org/maven2/io/smallrye/jandex/3.2.0/jandex-3.2.0-sources.jar
2026.06.24 22:20:00 INFO  Progress (1): 8.2/218 kB
2026.06.24 22:20:00 INFO  Progress (1): 25/218 kB 
2026.06.24 22:20:00 INFO  Progress (1): 41/218 kB
2026.06.24 22:20:00 INFO  Progress (1): 57/218 kB
2026.06.24 22:20:00 INFO  Progress (1): 66/218 kB
2026.06.24 22:20:00 INFO  Progress (1): 82/218 kB
2026.06.24 22:20:00 INFO  Progress (1): 98/218 kB
2026.06.24 22:20:00 INFO  Progress (1): 115/218 kB
2026.06.24 22:20:00 INFO  Progress (1): 131/218 kB
2026.06.24 22:20:00 INFO  Progress (1): 147/218 kB
2026.06.24 22:20:00 INFO  Progress (1): 164/218 kB
2026.06.24 22:20:00 INFO  Progress (1): 180/218 kB
2026.06.24 22:20:00 INFO  Progress (1): 197/218 kB
2026.06.24 22:20:00 INFO  Progress (1): 213/218 kB
2026.06.24 22:20:00 INFO  Progress (1): 218 kB    
2026.06.24 22:20:00 INFO                      
2026.06.24 22:20:00 INFO  Downloaded from central: https://repo.maven.apache.org/maven2/io/smallrye/jandex/3.2.0/jandex-3.2.0-sources.jar (218 kB at 7.5 MB/s)
2026.06.24 22:20:00 INFO  [INFO] SUCCESS: io.smallrye:jandex:jar:3.2.0:runtime (sources = true)
2026.06.24 22:20:00 INFO  [INFO] Resolving artifact: org.junit.jupiter:junit-jupiter-engine:jar:5.12.2:test (sources = false)
2026.06.24 22:20:00 INFO  [INFO] SUCCESS: org.junit.jupiter:junit-jupiter-engine:jar:5.12.2:test (sources = false)
2026.06.24 22:20:00 INFO  [INFO] Resolving artifact: org.junit.jupiter:junit-jupiter-engine:jar:5.12.2:test (sources = true)
2026.06.24 22:20:00 INFO  Downloading from central: https://repo.maven.apache.org/maven2/org/junit/jupiter/junit-jupiter-engine/5.12.2/junit-jupiter-engine-5.12.2-sources.jar
2026.06.24 22:20:00 INFO  Progress (1): 7.7/148 kB
2026.06.24 22:20:00 INFO  Progress (1): 16/148 kB 
2026.06.24 22:20:00 INFO  Progress (1): 24/148 kB
2026.06.24 22:20:00 INFO  Progress (1): 40/148 kB
2026.06.24 22:20:00 INFO  Progress (1): 57/148 kB
2026.06.24 22:20:00 INFO  Progress (1): 73/148 kB
2026.06.24 22:20:00 INFO  Progress (1): 90/148 kB
2026.06.24 22:20:00 INFO  Progress (1): 106/148 kB
2026.06.24 22:20:00 INFO  Progress (1): 122/148 kB
2026.06.24 22:20:00 INFO  Progress (1): 139/148 kB
2026.06.24 22:20:00 INFO  Progress (1): 148 kB    
2026.06.24 22:20:00 INFO                      
2026.06.24 22:20:00 INFO  Downloaded from central: https://repo.maven.apache.org/maven2/org/junit/jupiter/junit-jupiter-engine/5.12.2/junit-jupiter-engine-5.12.2-sources.jar (148 kB at 5.1 MB/s)
2026.06.24 22:20:00 INFO  [INFO] SUCCESS: org.junit.jupiter:junit-jupiter-engine:jar:5.12.2:test (sources = true)
2026.06.24 22:20:00 INFO  [INFO] Resolving artifact: org.skyscreamer:jsonassert:jar:1.5.3:test (sources = false)
2026.06.24 22:20:00 INFO  [INFO] SUCCESS: org.skyscreamer:jsonassert:jar:1.5.3:test (sources = false)
2026.06.24 22:20:00 INFO  [INFO] Resolving artifact: org.skyscreamer:jsonassert:jar:1.5.3:test (sources = true)
2026.06.24 22:20:00 INFO  Downloading from central: https://repo.maven.apache.org/maven2/org/skyscreamer/jsonassert/1.5.3/jsonassert-1.5.3-sources.jar
2026.06.24 22:20:00 INFO  Progress (1): 7.7/30 kB
2026.06.24 22:20:00 INFO  Progress (1): 12/30 kB 
2026.06.24 22:20:00 INFO  Progress (1): 29/30 kB
2026.06.24 22:20:00 INFO  Progress (1): 30 kB   
2026.06.24 22:20:00 INFO                     
2026.06.24 22:20:00 INFO  Downloaded from central: https://repo.maven.apache.org/maven2/org/skyscreamer/jsonassert/1.5.3/jsonassert-1.5.3-sources.jar (30 kB at 1.2 MB/s)
2026.06.24 22:20:00 INFO  [INFO] SUCCESS: org.skyscreamer:jsonassert:jar:1.5.3:test (sources = true)
2026.06.24 22:20:00 INFO  [INFO] Resolving artifact: jakarta.xml.bind:jakarta.xml.bind-api:jar:4.0.5:runtime (sources = false)
2026.06.24 22:20:00 INFO  [INFO] SUCCESS: jakarta.xml.bind:jakarta.xml.bind-api:jar:4.0.5:runtime (sources = false)
2026.06.24 22:20:00 INFO  [INFO] Resolving artifact: jakarta.xml.bind:jakarta.xml.bind-api:jar:4.0.5:runtime (sources = true)
2026.06.24 22:20:00 INFO  Downloading from central: https://repo.maven.apache.org/maven2/jakarta/xml/bind/jakarta.xml.bind-api/4.0.5/jakarta.xml.bind-api-4.0.5-sources.jar
2026.06.24 22:20:00 INFO  Progress (1): 7.7/198 kB
2026.06.24 22:20:00 INFO  Progress (1): 16/198 kB 
2026.06.24 22:20:00 INFO  Progress (1): 32/198 kB
2026.06.24 22:20:00 INFO  Progress (1): 48/198 kB
2026.06.24 22:20:00 INFO  Progress (1): 65/198 kB
2026.06.24 22:20:00 INFO  Progress (1): 81/198 kB
2026.06.24 22:20:00 INFO  Progress (1): 97/198 kB
2026.06.24 22:20:00 INFO  Progress (1): 114/198 kB
2026.06.24 22:20:00 INFO  Progress (1): 130/198 kB
2026.06.24 22:20:00 INFO  Progress (1): 147/198 kB
2026.06.24 22:20:00 INFO  Progress (1): 163/198 kB
2026.06.24 22:20:00 INFO  Progress (1): 179/198 kB
2026.06.24 22:20:00 INFO  Progress (1): 196/198 kB
2026.06.24 22:20:00 INFO  Progress (1): 198 kB    
2026.06.24 22:20:00 INFO                      
2026.06.24 22:20:00 INFO  Downloaded from central: https://repo.maven.apache.org/maven2/jakarta/xml/bind/jakarta.xml.bind-api/4.0.5/jakarta.xml.bind-api-4.0.5-sources.jar (198 kB at 6.6 MB/s)
2026.06.24 22:20:00 INFO  [INFO] SUCCESS: jakarta.xml.bind:jakarta.xml.bind-api:jar:4.0.5:runtime (sources = true)
2026.06.24 22:20:00 INFO  [INFO] Resolving artifact: jakarta.transaction:jakarta.transaction-api:jar:2.0.1:compile (sources = false)
2026.06.24 22:20:00 INFO  [INFO] SUCCESS: jakarta.transaction:jakarta.transaction-api:jar:2.0.1:compile (sources = false)
2026.06.24 22:20:00 INFO  [INFO] Resolving artifact: jakarta.transaction:jakarta.transaction-api:jar:2.0.1:compile (sources = true)
2026.06.24 22:20:00 INFO  Downloading from central: https://repo.maven.apache.org/maven2/jakarta/transaction/jakarta.transaction-api/2.0.1/jakarta.transaction-api-2.0.1-sources.jar
2026.06.24 22:20:00 INFO  Progress (1): 7.7/40 kB
2026.06.24 22:20:00 INFO  Progress (1): 16/40 kB 
2026.06.24 22:20:00 INFO  Progress (1): 24/40 kB
2026.06.24 22:20:00 INFO  Progress (1): 40 kB   
2026.06.24 22:20:00 INFO                     
2026.06.24 22:20:00 INFO  Downloaded from central: https://repo.maven.apache.org/maven2/jakarta/transaction/jakarta.transaction-api/2.0.1/jakarta.transaction-api-2.0.1-sources.jar (40 kB at 1.0 MB/s)
2026.06.24 22:20:00 INFO  [INFO] SUCCESS: jakarta.transaction:jakarta.transaction-api:jar:2.0.1:compile (sources = true)
2026.06.24 22:20:00 INFO  [INFO] Resolving artifact: org.springframework.boot:spring-boot-starter-validation:jar:3.5.15:compile (sources = false)
2026.06.24 22:20:00 INFO  [INFO] SUCCESS: org.springframework.boot:spring-boot-starter-validation:jar:3.5.15:compile (sources = false)
2026.06.24 22:20:00 INFO  [INFO] Resolving artifact: org.springframework.boot:spring-boot-starter-validation:jar:3.5.15:compile (sources = true)
2026.06.24 22:20:00 INFO  Downloading from central: https://repo.maven.apache.org/maven2/org/springframework/boot/spring-boot-starter-validation/3.5.15/spring-boot-starter-validation-3.5.15-sources.jar
2026.06.24 22:20:00 INFO  Progress (1): 3.2/4.8 kB
2026.06.24 22:20:00 INFO  Progress (1): 4.8 kB    
2026.06.24 22:20:00 INFO                      
2026.06.24 22:20:00 INFO  Downloaded from central: https://repo.maven.apache.org/maven2/org/springframework/boot/spring-boot-starter-validation/3.5.15/spring-boot-starter-validation-3.5.15-sources.jar (4.8 kB at 164 kB/s)
2026.06.24 22:20:00 INFO  [INFO] SUCCESS: org.springframework.boot:spring-boot-starter-validation:jar:3.5.15:compile (sources = true)
2026.06.24 22:20:00 INFO  [INFO] Resolving artifact: jakarta.validation:jakarta.validation-api:jar:3.0.2:compile (sources = false)
2026.06.24 22:20:00 INFO  [INFO] SUCCESS: jakarta.validation:jakarta.validation-api:jar:3.0.2:compile (sources = false)
2026.06.24 22:20:00 INFO  [INFO] Resolving artifact: jakarta.validation:jakarta.validation-api:jar:3.0.2:compile (sources = true)
2026.06.24 22:20:00 INFO  Downloading from central: https://repo.maven.apache.org/maven2/jakarta/validation/jakarta.validation-api/3.0.2/jakarta.validation-api-3.0.2-sources.jar
2026.06.24 22:20:00 INFO  Progress (1): 7.7/98 kB
2026.06.24 22:20:00 INFO  Progress (1): 16/98 kB 
2026.06.24 22:20:00 INFO  Progress (1): 25/98 kB
2026.06.24 22:20:00 INFO  Progress (1): 41/98 kB
2026.06.24 22:20:00 INFO  Progress (1): 57/98 kB
2026.06.24 22:20:00 INFO  Progress (1): 74/98 kB
2026.06.24 22:20:00 INFO  Progress (1): 90/98 kB
2026.06.24 22:20:00 INFO  Progress (1): 98 kB   
2026.06.24 22:20:00 INFO                     
2026.06.24 22:20:00 INFO  Downloaded from central: https://repo.maven.apache.org/maven2/jakarta/validation/jakarta.validation-api/3.0.2/jakarta.validation-api-3.0.2-sources.jar (98 kB at 3.8 MB/s)
2026.06.24 22:20:00 INFO  [INFO] SUCCESS: jakarta.validation:jakarta.validation-api:jar:3.0.2:compile (sources = true)
2026.06.24 22:20:00 INFO  [INFO] Resolving artifact: ch.qos.logback:logback-core:jar:1.5.34:compile (sources = false)
2026.06.24 22:20:00 INFO  [INFO] SUCCESS: ch.qos.logback:logback-core:jar:1.5.34:compile (sources = false)
2026.06.24 22:20:00 INFO  [INFO] Resolving artifact: ch.qos.logback:logback-core:jar:1.5.34:compile (sources = true)
2026.06.24 22:20:00 INFO  Downloading from central: https://repo.maven.apache.org/maven2/ch/qos/logback/logback-core/1.5.34/logback-core-1.5.34-sources.jar
2026.06.24 22:20:00 INFO  Progress (1): 7.7/533 kB
2026.06.24 22:20:00 INFO  Progress (1): 16/533 kB 
2026.06.24 22:20:00 INFO  Progress (1): 32/533 kB
2026.06.24 22:20:00 INFO  Progress (1): 49/533 kB
2026.06.24 22:20:00 INFO  Progress (1): 57/533 kB
2026.06.24 22:20:00 INFO  Progress (1): 73/533 kB
2026.06.24 22:20:00 INFO  Progress (1): 90/533 kB
2026.06.24 22:20:00 INFO  Progress (1): 106/533 kB
2026.06.24 22:20:00 INFO  Progress (1): 122/533 kB
2026.06.24 22:20:00 INFO  Progress (1): 139/533 kB
2026.06.24 22:20:00 INFO  Progress (1): 155/533 kB
2026.06.24 22:20:00 INFO  Progress (1): 172/533 kB
2026.06.24 22:20:00 INFO  Progress (1): 188/533 kB
2026.06.24 22:20:00 INFO  Progress (1): 204/533 kB
2026.06.24 22:20:00 INFO  Progress (1): 221/533 kB
2026.06.24 22:20:00 INFO  Progress (1): 237/533 kB
2026.06.24 22:20:00 INFO  Progress (1): 253/533 kB
2026.06.24 22:20:00 INFO  Progress (1): 270/533 kB
2026.06.24 22:20:00 INFO  Progress (1): 286/533 kB
2026.06.24 22:20:00 INFO  Progress (1): 303/533 kB
2026.06.24 22:20:00 INFO  Progress (1): 319/533 kB
2026.06.24 22:20:00 INFO  Progress (1): 335/533 kB
2026.06.24 22:20:00 INFO  Progress (1): 351/533 kB
2026.06.24 22:20:00 INFO  Progress (1): 367/533 kB
2026.06.24 22:20:00 INFO  Progress (1): 384/533 kB
2026.06.24 22:20:00 INFO  Progress (1): 400/533 kB
2026.06.24 22:20:00 INFO  Progress (1): 417/533 kB
2026.06.24 22:20:00 INFO  Progress (1): 433/533 kB
2026.06.24 22:20:00 INFO  Progress (1): 449/533 kB
2026.06.24 22:20:00 INFO  Progress (1): 466/533 kB
2026.06.24 22:20:00 INFO  Progress (1): 482/533 kB
2026.06.24 22:20:00 INFO  Progress (1): 498/533 kB
2026.06.24 22:20:00 INFO  Progress (1): 515/533 kB
2026.06.24 22:20:00 INFO  Progress (1): 531/533 kB
2026.06.24 22:20:00 INFO  Progress (1): 533 kB    
2026.06.24 22:20:00 INFO                      
2026.06.24 22:20:00 INFO  Downloaded from central: https://repo.maven.apache.org/maven2/ch/qos/logback/logback-core/1.5.34/logback-core-1.5.34-sources.jar (533 kB at 16 MB/s)
2026.06.24 22:20:00 INFO  [INFO] SUCCESS: ch.qos.logback:logback-core:jar:1.5.34:compile (sources = true)
2026.06.24 22:20:00 INFO  [INFO] Resolving artifact: org.hibernate.orm:hibernate-core:jar:6.6.53.Final:compile (sources = false)
2026.06.24 22:20:00 INFO  [INFO] SUCCESS: org.hibernate.orm:hibernate-core:jar:6.6.53.Final:compile (sources = false)
2026.06.24 22:20:00 INFO  [INFO] Resolving artifact: org.hibernate.orm:hibernate-core:jar:6.6.53.Final:compile (sources = true)
2026.06.24 22:20:00 INFO  Downloading from central: https://repo.maven.apache.org/maven2/org/hibernate/orm/hibernate-core/6.6.53.Final/hibernate-core-6.6.53.Final-sources.jar
2026.06.24 22:20:00 INFO  Progress (1): 0/7.5 MB
2026.06.24 22:20:00 INFO  Progress (1): 0/7.5 MB
2026.06.24 22:20:00 INFO  Progress (1): 0/7.5 MB
2026.06.24 22:20:00 INFO  Progress (1): 0/7.5 MB
2026.06.24 22:20:00 INFO  Progress (1): 0.1/7.5 MB
2026.06.24 22:20:00 INFO  Progress (1): 0.1/7.5 MB
2026.06.24 22:20:00 INFO  Progress (1): 0.1/7.5 MB
2026.06.24 22:20:00 INFO  Progress (1): 0.1/7.5 MB
2026.06.24 22:20:00 INFO  Progress (1): 0.1/7.5 MB
2026.06.24 22:20:00 INFO  Progress (1): 0.1/7.5 MB
2026.06.24 22:20:00 INFO  Progress (1): 0.2/7.5 MB
2026.06.24 22:20:00 INFO  Progress (1): 0.2/7.5 MB
2026.06.24 22:20:00 INFO  Progress (1): 0.2/7.5 MB
2026.06.24 22:20:00 INFO  Progress (1): 0.2/7.5 MB
2026.06.24 22:20:00 INFO  Progress (1): 0.2/7.5 MB
2026.06.24 22:20:00 INFO  Progress (1): 0.2/7.5 MB
2026.06.24 22:20:00 INFO  Progress (1): 0.3/7.5 MB
2026.06.24 22:20:00 INFO  Progress (1): 0.3/7.5 MB
2026.06.24 22:20:00 INFO  Progress (1): 0.3/7.5 MB
2026.06.24 22:20:00 INFO  Progress (1): 0.3/7.5 MB
2026.06.24 22:20:00 INFO  Progress (1): 0.3/7.5 MB
2026.06.24 22:20:00 INFO  Progress (1): 0.3/7.5 MB
2026.06.24 22:20:00 INFO  Progress (1): 0.4/7.5 MB
2026.06.24 22:20:00 INFO  Progress (1): 0.4/7.5 MB
2026.06.24 22:20:00 INFO  Progress (1): 0.4/7.5 MB
2026.06.24 22:20:00 INFO  Progress (1): 0.4/7.5 MB
2026.06.24 22:20:00 INFO  Progress (1): 0.4/7.5 MB
2026.06.24 22:20:00 INFO  Progress (1): 0.4/7.5 MB
2026.06.24 22:20:00 INFO  Progress (1): 0.5/7.5 MB
2026.06.24 22:20:00 INFO  Progress (1): 0.5/7.5 MB
2026.06.24 22:20:00 INFO  Progress (1): 0.5/7.5 MB
2026.06.24 22:20:00 INFO  Progress (1): 0.5/7.5 MB
2026.06.24 22:20:00 INFO  Progress (1): 0.5/7.5 MB
2026.06.24 22:20:00 INFO  Progress (1): 0.5/7.5 MB
2026.06.24 22:20:00 INFO  Progress (1): 0.5/7.5 MB
2026.06.24 22:20:00 INFO  Progress (1): 0.6/7.5 MB
2026.06.24 22:20:00 INFO  Progress (1): 0.6/7.5 MB
2026.06.24 22:20:00 INFO  Progress (1): 0.6/7.5 MB
2026.06.24 22:20:00 INFO  Progress (1): 0.6/7.5 MB
2026.06.24 22:20:00 INFO  Progress (1): 0.6/7.5 MB
2026.06.24 22:20:00 INFO  Progress (1): 0.6/7.5 MB
2026.06.24 22:20:00 INFO  Progress (1): 0.7/7.5 MB
2026.06.24 22:20:00 INFO  Progress (1): 0.7/7.5 MB
2026.06.24 22:20:00 INFO  Progress (1): 0.7/7.5 MB
2026.06.24 22:20:00 INFO  Progress (1): 0.7/7.5 MB
2026.06.24 22:20:00 INFO  Progress (1): 0.7/7.5 MB
2026.06.24 22:20:00 INFO  Progress (1): 0.7/7.5 MB
2026.06.24 22:20:00 INFO  Progress (1): 0.8/7.5 MB
2026.06.24 22:20:00 INFO  Progress (1): 0.8/7.5 MB
2026.06.24 22:20:00 INFO  Progress (1): 0.8/7.5 MB
2026.06.24 22:20:00 INFO  Progress (1): 0.8/7.5 MB
2026.06.24 22:20:00 INFO  Progress (1): 0.8/7.5 MB
2026.06.24 22:20:00 INFO  Progress (1): 0.8/7.5 MB
2026.06.24 22:20:00 INFO  Progress (1): 0.9/7.5 MB
2026.06.24 22:20:00 INFO  Progress (1): 0.9/7.5 MB
2026.06.24 22:20:00 INFO  Progress (1): 0.9/7.5 MB
2026.06.24 22:20:00 INFO  Progress (1): 0.9/7.5 MB
2026.06.24 22:20:00 INFO  Progress (1): 0.9/7.5 MB
2026.06.24 22:20:00 INFO  Progress (1): 0.9/7.5 MB
2026.06.24 22:20:00 INFO  Progress (1): 1.0/7.5 MB
2026.06.24 22:20:00 INFO  Progress (1): 1.0/7.5 MB
2026.06.24 22:20:00 INFO  Progress (1): 1.0/7.5 MB
2026.06.24 22:20:00 INFO  Progress (1): 1.0/7.5 MB
2026.06.24 22:20:00 INFO  Progress (1): 1.0/7.5 MB
2026.06.24 22:20:00 INFO  Progress (1): 1.0/7.5 MB
2026.06.24 22:20:00 INFO  Progress (1): 1.0/7.5 MB
2026.06.24 22:20:00 INFO  Progress (1): 1.1/7.5 MB
2026.06.24 22:20:00 INFO  Progress (1): 1.1/7.5 MB
2026.06.24 22:20:00 INFO  Progress (1): 1.1/7.5 MB
2026.06.24 22:20:00 INFO  Progress (1): 1.1/7.5 MB
2026.06.24 22:20:00 INFO  Progress (1): 1.1/7.5 MB
2026.06.24 22:20:00 INFO  Progress (1): 1.1/7.5 MB
2026.06.24 22:20:00 INFO  Progress (1): 1.2/7.5 MB
2026.06.24 22:20:00 INFO  Progress (1): 1.2/7.5 MB
2026.06.24 22:20:00 INFO  Progress (1): 1.2/7.5 MB
2026.06.24 22:20:00 INFO  Progress (1): 1.2/7.5 MB
2026.06.24 22:20:00 INFO  Progress (1): 1.2/7.5 MB
2026.06.24 22:20:00 INFO  Progress (1): 1.2/7.5 MB
2026.06.24 22:20:00 INFO  Progress (1): 1.3/7.5 MB
2026.06.24 22:20:00 INFO  Progress (1): 1.3/7.5 MB
2026.06.24 22:20:00 INFO  Progress (1): 1.3/7.5 MB
2026.06.24 22:20:00 INFO  Progress (1): 1.3/7.5 MB
2026.06.24 22:20:00 INFO  Progress (1): 1.3/7.5 MB
2026.06.24 22:20:00 INFO  Progress (1): 1.3/7.5 MB
2026.06.24 22:20:00 INFO  Progress (1): 1.4/7.5 MB
2026.06.24 22:20:00 INFO  Progress (1): 1.4/7.5 MB
2026.06.24 22:20:00 INFO  Progress (1): 1.4/7.5 MB
2026.06.24 22:20:00 INFO  Progress (1): 1.4/7.5 MB
2026.06.24 22:20:00 INFO  Progress (1): 1.4/7.5 MB
2026.06.24 22:20:00 INFO  Progress (1): 1.4/7.5 MB
2026.06.24 22:20:00 INFO  Progress (1): 1.5/7.5 MB
2026.06.24 22:20:00 INFO  Progress (1): 1.5/7.5 MB
2026.06.24 22:20:00 INFO  Progress (1): 1.5/7.5 MB
2026.06.24 22:20:00 INFO  Progress (1): 1.5/7.5 MB
2026.06.24 22:20:00 INFO  Progress (1): 1.5/7.5 MB
2026.06.24 22:20:00 INFO  Progress (1): 1.5/7.5 MB
2026.06.24 22:20:00 INFO  Progress (1): 1.6/7.5 MB
2026.06.24 22:20:00 INFO  Progress (1): 1.6/7.5 MB
2026.06.24 22:20:00 INFO  Progress (1): 1.6/7.5 MB
2026.06.24 22:20:00 INFO  Progress (1): 1.6/7.5 MB
2026.06.24 22:20:00 INFO  Progress (1): 1.6/7.5 MB
2026.06.24 22:20:00 INFO  Progress (1): 1.6/7.5 MB
2026.06.24 22:20:00 INFO  Progress (1): 1.7/7.5 MB
2026.06.24 22:20:00 INFO  Progress (1): 1.7/7.5 MB
2026.06.24 22:20:00 INFO  Progress (1): 1.7/7.5 MB
2026.06.24 22:20:00 INFO  Progress (1): 1.7/7.5 MB
2026.06.24 22:20:00 INFO  Progress (1): 1.7/7.5 MB
2026.06.24 22:20:00 INFO  Progress (1): 1.7/7.5 MB
2026.06.24 22:20:00 INFO  Progress (1): 1.8/7.5 MB
2026.06.24 22:20:00 INFO  Progress (1): 1.8/7.5 MB
2026.06.24 22:20:00 INFO  Progress (1): 1.8/7.5 MB
2026.06.24 22:20:00 INFO  Progress (1): 1.8/7.5 MB
2026.06.24 22:20:00 INFO  Progress (1): 1.8/7.5 MB
2026.06.24 22:20:00 INFO  Progress (1): 1.8/7.5 MB
2026.06.24 22:20:00 INFO  Progress (1): 1.9/7.5 MB
2026.06.24 22:20:00 INFO  Progress (1): 1.9/7.5 MB
2026.06.24 22:20:00 INFO  Progress (1): 1.9/7.5 MB
2026.06.24 22:20:00 INFO  Progress (1): 1.9/7.5 MB
2026.06.24 22:20:00 INFO  Progress (1): 1.9/7.5 MB
2026.06.24 22:20:00 INFO  Progress (1): 1.9/7.5 MB
2026.06.24 22:20:00 INFO  Progress (1): 1.9/7.5 MB
2026.06.24 22:20:00 INFO  Progress (1): 2.0/7.5 MB
2026.06.24 22:20:00 INFO  Progress (1): 2.0/7.5 MB
2026.06.24 22:20:00 INFO  Progress (1): 2.0/7.5 MB
2026.06.24 22:20:00 INFO  Progress (1): 2.0/7.5 MB
2026.06.24 22:20:00 INFO  Progress (1): 2.0/7.5 MB
2026.06.24 22:20:00 INFO  Progress (1): 2.0/7.5 MB
2026.06.24 22:20:00 INFO  Progress (1): 2.1/7.5 MB
2026.06.24 22:20:00 INFO  Progress (1): 2.1/7.5 MB
2026.06.24 22:20:00 INFO  Progress (1): 2.1/7.5 MB
2026.06.24 22:20:00 INFO  Progress (1): 2.1/7.5 MB
2026.06.24 22:20:00 INFO  Progress (1): 2.1/7.5 MB
2026.06.24 22:20:00 INFO  Progress (1): 2.1/7.5 MB
2026.06.24 22:20:00 INFO  Progress (1): 2.2/7.5 MB
2026.06.24 22:20:00 INFO  Progress (1): 2.2/7.5 MB
2026.06.24 22:20:00 INFO  Progress (1): 2.2/7.5 MB
2026.06.24 22:20:00 INFO  Progress (1): 2.2/7.5 MB
2026.06.24 22:20:00 INFO  Progress (1): 2.2/7.5 MB
2026.06.24 22:20:00 INFO  Progress (1): 2.2/7.5 MB
2026.06.24 22:20:00 INFO  Progress (1): 2.3/7.5 MB
2026.06.24 22:20:00 INFO  Progress (1): 2.3/7.5 MB
2026.06.24 22:20:00 INFO  Progress (1): 2.3/7.5 MB
2026.06.24 22:20:00 INFO  Progress (1): 2.3/7.5 MB
2026.06.24 22:20:00 INFO  Progress (1): 2.3/7.5 MB
2026.06.24 22:20:00 INFO  Progress (1): 2.3/7.5 MB
2026.06.24 22:20:00 INFO  Progress (1): 2.4/7.5 MB
2026.06.24 22:20:00 INFO  Progress (1): 2.4/7.5 MB
2026.06.24 22:20:00 INFO  Progress (1): 2.4/7.5 MB
2026.06.24 22:20:00 INFO  Progress (1): 2.4/7.5 MB
2026.06.24 22:20:00 INFO  Progress (1): 2.4/7.5 MB
2026.06.24 22:20:00 INFO  Progress (1): 2.4/7.5 MB
2026.06.24 22:20:00 INFO  Progress (1): 2.5/7.5 MB
2026.06.24 22:20:00 INFO  Progress (1): 2.5/7.5 MB
2026.06.24 22:20:00 INFO  Progress (1): 2.5/7.5 MB
2026.06.24 22:20:00 INFO  Progress (1): 2.5/7.5 MB
2026.06.24 22:20:00 INFO  Progress (1): 2.5/7.5 MB
2026.06.24 22:20:00 INFO  Progress (1): 2.5/7.5 MB
2026.06.24 22:20:00 INFO  Progress (1): 2.6/7.5 MB
2026.06.24 22:20:00 INFO  Progress (1): 2.6/7.5 MB
2026.06.24 22:20:00 INFO  Progress (1): 2.6/7.5 MB
2026.06.24 22:20:00 INFO  Progress (1): 2.6/7.5 MB
2026.06.24 22:20:00 INFO  Progress (1): 2.6/7.5 MB
2026.06.24 22:20:00 INFO  Progress (1): 2.6/7.5 MB
2026.06.24 22:20:00 INFO  Progress (1): 2.7/7.5 MB
2026.06.24 22:20:00 INFO  Progress (1): 2.7/7.5 MB
2026.06.24 22:20:00 INFO  Progress (1): 2.7/7.5 MB
2026.06.24 22:20:00 INFO  Progress (1): 2.7/7.5 MB
2026.06.24 22:20:00 INFO  Progress (1): 2.7/7.5 MB
2026.06.24 22:20:00 INFO  Progress (1): 2.7/7.5 MB
2026.06.24 22:20:00 INFO  Progress (1): 2.8/7.5 MB
2026.06.24 22:20:00 INFO  Progress (1): 2.8/7.5 MB
2026.06.24 22:20:00 INFO  Progress (1): 2.8/7.5 MB
2026.06.24 22:20:00 INFO  Progress (1): 2.8/7.5 MB
2026.06.24 22:20:00 INFO  Progress (1): 2.8/7.5 MB
2026.06.24 22:20:00 INFO  Progress (1): 2.8/7.5 MB
2026.06.24 22:20:00 INFO  Progress (1): 2.9/7.5 MB
2026.06.24 22:20:00 INFO  Progress (1): 2.9/7.5 MB
2026.06.24 22:20:00 INFO  Progress (1): 2.9/7.5 MB
2026.06.24 22:20:00 INFO  Progress (1): 2.9/7.5 MB
2026.06.24 22:20:00 INFO  Progress (1): 2.9/7.5 MB
2026.06.24 22:20:00 INFO  Progress (1): 2.9/7.5 MB
2026.06.24 22:20:00 INFO  Progress (1): 2.9/7.5 MB
2026.06.24 22:20:00 INFO  Progress (1): 3.0/7.5 MB
2026.06.24 22:20:00 INFO  Progress (1): 3.0/7.5 MB
2026.06.24 22:20:00 INFO  Progress (1): 3.0/7.5 MB
2026.06.24 22:20:00 INFO  Progress (1): 3.0/7.5 MB
2026.06.24 22:20:00 INFO  Progress (1): 3.0/7.5 MB
2026.06.24 22:20:00 INFO  Progress (1): 3.0/7.5 MB
2026.06.24 22:20:00 INFO  Progress (1): 3.1/7.5 MB
2026.06.24 22:20:00 INFO  Progress (1): 3.1/7.5 MB
2026.06.24 22:20:00 INFO  Progress (1): 3.1/7.5 MB
2026.06.24 22:20:00 INFO  Progress (1): 3.1/7.5 MB
2026.06.24 22:20:00 INFO  Progress (1): 3.1/7.5 MB
2026.06.24 22:20:00 INFO  Progress (1): 3.1/7.5 MB
2026.06.24 22:20:00 INFO  Progress (1): 3.2/7.5 MB
2026.06.24 22:20:00 INFO  Progress (1): 3.2/7.5 MB
2026.06.24 22:20:00 INFO  Progress (1): 3.2/7.5 MB
2026.06.24 22:20:00 INFO  Progress (1): 3.2/7.5 MB
2026.06.24 22:20:00 INFO  Progress (1): 3.2/7.5 MB
2026.06.24 22:20:00 INFO  Progress (1): 3.2/7.5 MB
2026.06.24 22:20:00 INFO  Progress (1): 3.3/7.5 MB
2026.06.24 22:20:00 INFO  Progress (1): 3.3/7.5 MB
2026.06.24 22:20:00 INFO  Progress (1): 3.3/7.5 MB
2026.06.24 22:20:00 INFO  Progress (1): 3.3/7.5 MB
2026.06.24 22:20:00 INFO  Progress (1): 3.3/7.5 MB
2026.06.24 22:20:00 INFO  Progress (1): 3.3/7.5 MB
2026.06.24 22:20:00 INFO  Progress (1): 3.4/7.5 MB
2026.06.24 22:20:00 INFO  Progress (1): 3.4/7.5 MB
2026.06.24 22:20:00 INFO  Progress (1): 3.4/7.5 MB
2026.06.24 22:20:00 INFO  Progress (1): 3.4/7.5 MB
2026.06.24 22:20:00 INFO  Progress (1): 3.4/7.5 MB
2026.06.24 22:20:00 INFO  Progress (1): 3.4/7.5 MB
2026.06.24 22:20:00 INFO  Progress (1): 3.5/7.5 MB
2026.06.24 22:20:00 INFO  Progress (1): 3.5/7.5 MB
2026.06.24 22:20:00 INFO  Progress (1): 3.5/7.5 MB
2026.06.24 22:20:00 INFO  Progress (1): 3.5/7.5 MB
2026.06.24 22:20:00 INFO  Progress (1): 3.5/7.5 MB
2026.06.24 22:20:00 INFO  Progress (1): 3.5/7.5 MB
2026.06.24 22:20:00 INFO  Progress (1): 3.6/7.5 MB
2026.06.24 22:20:00 INFO  Progress (1): 3.6/7.5 MB
2026.06.24 22:20:00 INFO  Progress (1): 3.6/7.5 MB
2026.06.24 22:20:00 INFO  Progress (1): 3.6/7.5 MB
2026.06.24 22:20:00 INFO  Progress (1): 3.6/7.5 MB
2026.06.24 22:20:00 INFO  Progress (1): 3.6/7.5 MB
2026.06.24 22:20:00 INFO  Progress (1): 3.6/7.5 MB
2026.06.24 22:20:00 INFO  Progress (1): 3.7/7.5 MB
2026.06.24 22:20:00 INFO  Progress (1): 3.7/7.5 MB
2026.06.24 22:20:00 INFO  Progress (1): 3.7/7.5 MB
2026.06.24 22:20:00 INFO  Progress (1): 3.7/7.5 MB
2026.06.24 22:20:00 INFO  Progress (1): 3.7/7.5 MB
2026.06.24 22:20:00 INFO  Progress (1): 3.7/7.5 MB
2026.06.24 22:20:00 INFO  Progress (1): 3.8/7.5 MB
2026.06.24 22:20:00 INFO  Progress (1): 3.8/7.5 MB
2026.06.24 22:20:00 INFO  Progress (1): 3.8/7.5 MB
2026.06.24 22:20:00 INFO  Progress (1): 3.8/7.5 MB
2026.06.24 22:20:00 INFO  Progress (1): 3.8/7.5 MB
2026.06.24 22:20:00 INFO  Progress (1): 3.8/7.5 MB
2026.06.24 22:20:00 INFO  Progress (1): 3.9/7.5 MB
2026.06.24 22:20:00 INFO  Progress (1): 3.9/7.5 MB
2026.06.24 22:20:00 INFO  Progress (1): 3.9/7.5 MB
2026.06.24 22:20:00 INFO  Progress (1): 3.9/7.5 MB
2026.06.24 22:20:00 INFO  Progress (1): 3.9/7.5 MB
2026.06.24 22:20:00 INFO  Progress (1): 3.9/7.5 MB
2026.06.24 22:20:00 INFO  Progress (1): 3.9/7.5 MB
2026.06.24 22:20:00 INFO  Progress (1): 4.0/7.5 MB
2026.06.24 22:20:00 INFO  Progress (1): 4.0/7.5 MB
2026.06.24 22:20:00 INFO  Progress (1): 4.0/7.5 MB
2026.06.24 22:20:00 INFO  Progress (1): 4.0/7.5 MB
2026.06.24 22:20:00 INFO  Progress (1): 4.0/7.5 MB
2026.06.24 22:20:00 INFO  Progress (1): 4.0/7.5 MB
2026.06.24 22:20:00 INFO  Progress (1): 4.1/7.5 MB
2026.06.24 22:20:00 INFO  Progress (1): 4.1/7.5 MB
2026.06.24 22:20:00 INFO  Progress (1): 4.1/7.5 MB
2026.06.24 22:20:00 INFO  Progress (1): 4.1/7.5 MB
2026.06.24 22:20:00 INFO  Progress (1): 4.1/7.5 MB
2026.06.24 22:20:00 INFO  Progress (1): 4.1/7.5 MB
2026.06.24 22:20:00 INFO  Progress (1): 4.1/7.5 MB
2026.06.24 22:20:00 INFO  Progress (1): 4.2/7.5 MB
2026.06.24 22:20:00 INFO  Progress (1): 4.2/7.5 MB
2026.06.24 22:20:00 INFO  Progress (1): 4.2/7.5 MB
2026.06.24 22:20:00 INFO  Progress (1): 4.2/7.5 MB
2026.06.24 22:20:00 INFO  Progress (1): 4.2/7.5 MB
2026.06.24 22:20:00 INFO  Progress (1): 4.2/7.5 MB
2026.06.24 22:20:00 INFO  Progress (1): 4.3/7.5 MB
2026.06.24 22:20:00 INFO  Progress (1): 4.3/7.5 MB
2026.06.24 22:20:00 INFO  Progress (1): 4.3/7.5 MB
2026.06.24 22:20:00 INFO  Progress (1): 4.3/7.5 MB
2026.06.24 22:20:00 INFO  Progress (1): 4.3/7.5 MB
2026.06.24 22:20:00 INFO  Progress (1): 4.3/7.5 MB
2026.06.24 22:20:00 INFO  Progress (1): 4.3/7.5 MB
2026.06.24 22:20:00 INFO  Progress (1): 4.4/7.5 MB
2026.06.24 22:20:00 INFO  Progress (1): 4.4/7.5 MB
2026.06.24 22:20:00 INFO  Progress (1): 4.4/7.5 MB
2026.06.24 22:20:00 INFO  Progress (1): 4.4/7.5 MB
2026.06.24 22:20:00 INFO  Progress (1): 4.4/7.5 MB
2026.06.24 22:20:00 INFO  Progress (1): 4.4/7.5 MB
2026.06.24 22:20:00 INFO  Progress (1): 4.5/7.5 MB
2026.06.24 22:20:00 INFO  Progress (1): 4.5/7.5 MB
2026.06.24 22:20:00 INFO  Progress (1): 4.5/7.5 MB
2026.06.24 22:20:00 INFO  Progress (1): 4.5/7.5 MB
2026.06.24 22:20:00 INFO  Progress (1): 4.5/7.5 MB
2026.06.24 22:20:00 INFO  Progress (1): 4.5/7.5 MB
2026.06.24 22:20:00 INFO  Progress (1): 4.6/7.5 MB
2026.06.24 22:20:00 INFO  Progress (1): 4.6/7.5 MB
2026.06.24 22:20:00 INFO  Progress (1): 4.6/7.5 MB
2026.06.24 22:20:00 INFO  Progress (1): 4.6/7.5 MB
2026.06.24 22:20:00 INFO  Progress (1): 4.6/7.5 MB
2026.06.24 22:20:00 INFO  Progress (1): 4.6/7.5 MB
2026.06.24 22:20:00 INFO  Progress (1): 4.6/7.5 MB
2026.06.24 22:20:00 INFO  Progress (1): 4.7/7.5 MB
2026.06.24 22:20:00 INFO  Progress (1): 4.7/7.5 MB
2026.06.24 22:20:00 INFO  Progress (1): 4.7/7.5 MB
2026.06.24 22:20:00 INFO  Progress (1): 4.7/7.5 MB
2026.06.24 22:20:00 INFO  Progress (1): 4.7/7.5 MB
2026.06.24 22:20:00 INFO  Progress (1): 4.7/7.5 MB
2026.06.24 22:20:00 INFO  Progress (1): 4.8/7.5 MB
2026.06.24 22:20:00 INFO  Progress (1): 4.8/7.5 MB
2026.06.24 22:20:00 INFO  Progress (1): 4.8/7.5 MB
2026.06.24 22:20:00 INFO  Progress (1): 4.8/7.5 MB
2026.06.24 22:20:00 INFO  Progress (1): 4.8/7.5 MB
2026.06.24 22:20:00 INFO  Progress (1): 4.8/7.5 MB
2026.06.24 22:20:00 INFO  Progress (1): 4.9/7.5 MB
2026.06.24 22:20:00 INFO  Progress (1): 4.9/7.5 MB
2026.06.24 22:20:00 INFO  Progress (1): 4.9/7.5 MB
2026.06.24 22:20:00 INFO  Progress (1): 4.9/7.5 MB
2026.06.24 22:20:00 INFO  Progress (1): 4.9/7.5 MB
2026.06.24 22:20:00 INFO  Progress (1): 4.9/7.5 MB
2026.06.24 22:20:00 INFO  Progress (1): 5.0/7.5 MB
2026.06.24 22:20:00 INFO  Progress (1): 5.0/7.5 MB
2026.06.24 22:20:00 INFO  Progress (1): 5.0/7.5 MB
2026.06.24 22:20:00 INFO  Progress (1): 5.0/7.5 MB
2026.06.24 22:20:00 INFO  Progress (1): 5.0/7.5 MB
2026.06.24 22:20:00 INFO  Progress (1): 5.0/7.5 MB
2026.06.24 22:20:00 INFO  Progress (1): 5.0/7.5 MB
2026.06.24 22:20:00 INFO  Progress (1): 5.1/7.5 MB
2026.06.24 22:20:00 INFO  Progress (1): 5.1/7.5 MB
2026.06.24 22:20:00 INFO  Progress (1): 5.1/7.5 MB
2026.06.24 22:20:00 INFO  Progress (1): 5.1/7.5 MB
2026.06.24 22:20:00 INFO  Progress (1): 5.1/7.5 MB
2026.06.24 22:20:00 INFO  Progress (1): 5.1/7.5 MB
2026.06.24 22:20:00 INFO  Progress (1): 5.2/7.5 MB
2026.06.24 22:20:00 INFO  Progress (1): 5.2/7.5 MB
2026.06.24 22:20:00 INFO  Progress (1): 5.2/7.5 MB
2026.06.24 22:20:00 INFO  Progress (1): 5.2/7.5 MB
2026.06.24 22:20:00 INFO  Progress (1): 5.2/7.5 MB
2026.06.24 22:20:00 INFO  Progress (1): 5.2/7.5 MB
2026.06.24 22:20:00 INFO  Progress (1): 5.3/7.5 MB
2026.06.24 22:20:00 INFO  Progress (1): 5.3/7.5 MB
2026.06.24 22:20:00 INFO  Progress (1): 5.3/7.5 MB
2026.06.24 22:20:00 INFO  Progress (1): 5.3/7.5 MB
2026.06.24 22:20:00 INFO  Progress (1): 5.3/7.5 MB
2026.06.24 22:20:00 INFO  Progress (1): 5.3/7.5 MB
2026.06.24 22:20:00 INFO  Progress (1): 5.3/7.5 MB
2026.06.24 22:20:00 INFO  Progress (1): 5.4/7.5 MB
2026.06.24 22:20:00 INFO  Progress (1): 5.4/7.5 MB
2026.06.24 22:20:00 INFO  Progress (1): 5.4/7.5 MB
2026.06.24 22:20:00 INFO  Progress (1): 5.4/7.5 MB
2026.06.24 22:20:00 INFO  Progress (1): 5.4/7.5 MB
2026.06.24 22:20:00 INFO  Progress (1): 5.4/7.5 MB
2026.06.24 22:20:00 INFO  Progress (1): 5.5/7.5 MB
2026.06.24 22:20:00 INFO  Progress (1): 5.5/7.5 MB
2026.06.24 22:20:00 INFO  Progress (1): 5.5/7.5 MB
2026.06.24 22:20:00 INFO  Progress (1): 5.5/7.5 MB
2026.06.24 22:20:00 INFO  Progress (1): 5.5/7.5 MB
2026.06.24 22:20:00 INFO  Progress (1): 5.5/7.5 MB
2026.06.24 22:20:00 INFO  Progress (1): 5.6/7.5 MB
2026.06.24 22:20:00 INFO  Progress (1): 5.6/7.5 MB
2026.06.24 22:20:00 INFO  Progress (1): 5.6/7.5 MB
2026.06.24 22:20:00 INFO  Progress (1): 5.6/7.5 MB
2026.06.24 22:20:00 INFO  Progress (1): 5.6/7.5 MB
2026.06.24 22:20:00 INFO  Progress (1): 5.6/7.5 MB
2026.06.24 22:20:00 INFO  Progress (1): 5.7/7.5 MB
2026.06.24 22:20:00 INFO  Progress (1): 5.7/7.5 MB
2026.06.24 22:20:00 INFO  Progress (1): 5.7/7.5 MB
2026.06.24 22:20:00 INFO  Progress (1): 5.7/7.5 MB
2026.06.24 22:20:00 INFO  Progress (1): 5.7/7.5 MB
2026.06.24 22:20:00 INFO  Progress (1): 5.7/7.5 MB
2026.06.24 22:20:00 INFO  Progress (1): 5.8/7.5 MB
2026.06.24 22:20:00 INFO  Progress (1): 5.8/7.5 MB
2026.06.24 22:20:00 INFO  Progress (1): 5.8/7.5 MB
2026.06.24 22:20:00 INFO  Progress (1): 5.8/7.5 MB
2026.06.24 22:20:00 INFO  Progress (1): 5.8/7.5 MB
2026.06.24 22:20:00 INFO  Progress (1): 5.8/7.5 MB
2026.06.24 22:20:00 INFO  Progress (1): 5.8/7.5 MB
2026.06.24 22:20:00 INFO  Progress (1): 5.9/7.5 MB
2026.06.24 22:20:00 INFO  Progress (1): 5.9/7.5 MB
2026.06.24 22:20:00 INFO  Progress (1): 5.9/7.5 MB
2026.06.24 22:20:00 INFO  Progress (1): 5.9/7.5 MB
2026.06.24 22:20:00 INFO  Progress (1): 5.9/7.5 MB
2026.06.24 22:20:00 INFO  Progress (1): 5.9/7.5 MB
2026.06.24 22:20:00 INFO  Progress (1): 6.0/7.5 MB
2026.06.24 22:20:00 INFO  Progress (1): 6.0/7.5 MB
2026.06.24 22:20:00 INFO  Progress (1): 6.0/7.5 MB
2026.06.24 22:20:00 INFO  Progress (1): 6.0/7.5 MB
2026.06.24 22:20:00 INFO  Progress (1): 6.0/7.5 MB
2026.06.24 22:20:00 INFO  Progress (1): 6.0/7.5 MB
2026.06.24 22:20:00 INFO  Progress (1): 6.1/7.5 MB
2026.06.24 22:20:00 INFO  Progress (1): 6.1/7.5 MB
2026.06.24 22:20:00 INFO  Progress (1): 6.1/7.5 MB
2026.06.24 22:20:00 INFO  Progress (1): 6.1/7.5 MB
2026.06.24 22:20:00 INFO  Progress (1): 6.1/7.5 MB
2026.06.24 22:20:00 INFO  Progress (1): 6.1/7.5 MB
2026.06.24 22:20:00 INFO  Progress (1): 6.1/7.5 MB
2026.06.24 22:20:00 INFO  Progress (1): 6.2/7.5 MB
2026.06.24 22:20:00 INFO  Progress (1): 6.2/7.5 MB
2026.06.24 22:20:00 INFO  Progress (1): 6.2/7.5 MB
2026.06.24 22:20:00 INFO  Progress (1): 6.2/7.5 MB
2026.06.24 22:20:00 INFO  Progress (1): 6.2/7.5 MB
2026.06.24 22:20:00 INFO  Progress (1): 6.2/7.5 MB
2026.06.24 22:20:00 INFO  Progress (1): 6.3/7.5 MB
2026.06.24 22:20:00 INFO  Progress (1): 6.3/7.5 MB
2026.06.24 22:20:00 INFO  Progress (1): 6.3/7.5 MB
2026.06.24 22:20:00 INFO  Progress (1): 6.3/7.5 MB
2026.06.24 22:20:00 INFO  Progress (1): 6.3/7.5 MB
2026.06.24 22:20:00 INFO  Progress (1): 6.3/7.5 MB
2026.06.24 22:20:00 INFO  Progress (1): 6.4/7.5 MB
2026.06.24 22:20:00 INFO  Progress (1): 6.4/7.5 MB
2026.06.24 22:20:00 INFO  Progress (1): 6.4/7.5 MB
2026.06.24 22:20:00 INFO  Progress (1): 6.4/7.5 MB
2026.06.24 22:20:00 INFO  Progress (1): 6.4/7.5 MB
2026.06.24 22:20:00 INFO  Progress (1): 6.4/7.5 MB
2026.06.24 22:20:00 INFO  Progress (1): 6.5/7.5 MB
2026.06.24 22:20:00 INFO  Progress (1): 6.5/7.5 MB
2026.06.24 22:20:00 INFO  Progress (1): 6.5/7.5 MB
2026.06.24 22:20:00 INFO  Progress (1): 6.5/7.5 MB
2026.06.24 22:20:00 INFO  Progress (1): 6.5/7.5 MB
2026.06.24 22:20:00 INFO  Progress (1): 6.5/7.5 MB
2026.06.24 22:20:00 INFO  Progress (1): 6.6/7.5 MB
2026.06.24 22:20:00 INFO  Progress (1): 6.6/7.5 MB
2026.06.24 22:20:00 INFO  Progress (1): 6.6/7.5 MB
2026.06.24 22:20:00 INFO  Progress (1): 6.6/7.5 MB
2026.06.24 22:20:00 INFO  Progress (1): 6.6/7.5 MB
2026.06.24 22:20:00 INFO  Progress (1): 6.6/7.5 MB
2026.06.24 22:20:00 INFO  Progress (1): 6.7/7.5 MB
2026.06.24 22:20:00 INFO  Progress (1): 6.7/7.5 MB
2026.06.24 22:20:00 INFO  Progress (1): 6.7/7.5 MB
2026.06.24 22:20:00 INFO  Progress (1): 6.7/7.5 MB
2026.06.24 22:20:00 INFO  Progress (1): 6.7/7.5 MB
2026.06.24 22:20:00 INFO  Progress (1): 6.7/7.5 MB
2026.06.24 22:20:00 INFO  Progress (1): 6.7/7.5 MB
2026.06.24 22:20:00 INFO  Progress (1): 6.8/7.5 MB
2026.06.24 22:20:00 INFO  Progress (1): 6.8/7.5 MB
2026.06.24 22:20:00 INFO  Progress (1): 6.8/7.5 MB
2026.06.24 22:20:00 INFO  Progress (1): 6.8/7.5 MB
2026.06.24 22:20:00 INFO  Progress (1): 6.8/7.5 MB
2026.06.24 22:20:00 INFO  Progress (1): 6.8/7.5 MB
2026.06.24 22:20:00 INFO  Progress (1): 6.9/7.5 MB
2026.06.24 22:20:00 INFO  Progress (1): 6.9/7.5 MB
2026.06.24 22:20:00 INFO  Progress (1): 6.9/7.5 MB
2026.06.24 22:20:00 INFO  Progress (1): 6.9/7.5 MB
2026.06.24 22:20:00 INFO  Progress (1): 6.9/7.5 MB
2026.06.24 22:20:00 INFO  Progress (1): 6.9/7.5 MB
2026.06.24 22:20:00 INFO  Progress (1): 7.0/7.5 MB
2026.06.24 22:20:00 INFO  Progress (1): 7.0/7.5 MB
2026.06.24 22:20:00 INFO  Progress (1): 7.0/7.5 MB
2026.06.24 22:20:00 INFO  Progress (1): 7.0/7.5 MB
2026.06.24 22:20:00 INFO  Progress (1): 7.0/7.5 MB
2026.06.24 22:20:00 INFO  Progress (1): 7.0/7.5 MB
2026.06.24 22:20:00 INFO  Progress (1): 7.1/7.5 MB
2026.06.24 22:20:00 INFO  Progress (1): 7.1/7.5 MB
2026.06.24 22:20:00 INFO  Progress (1): 7.1/7.5 MB
2026.06.24 22:20:00 INFO  Progress (1): 7.1/7.5 MB
2026.06.24 22:20:00 INFO  Progress (1): 7.1/7.5 MB
2026.06.24 22:20:00 INFO  Progress (1): 7.1/7.5 MB
2026.06.24 22:20:00 INFO  Progress (1): 7.1/7.5 MB
2026.06.24 22:20:00 INFO  Progress (1): 7.2/7.5 MB
2026.06.24 22:20:00 INFO  Progress (1): 7.2/7.5 MB
2026.06.24 22:20:00 INFO  Progress (1): 7.2/7.5 MB
2026.06.24 22:20:00 INFO  Progress (1): 7.2/7.5 MB
2026.06.24 22:20:00 INFO  Progress (1): 7.2/7.5 MB
2026.06.24 22:20:00 INFO  Progress (1): 7.2/7.5 MB
2026.06.24 22:20:00 INFO  Progress (1): 7.3/7.5 MB
2026.06.24 22:20:00 INFO  Progress (1): 7.3/7.5 MB
2026.06.24 22:20:00 INFO  Progress (1): 7.3/7.5 MB
2026.06.24 22:20:00 INFO  Progress (1): 7.3/7.5 MB
2026.06.24 22:20:00 INFO  Progress (1): 7.3/7.5 MB
2026.06.24 22:20:00 INFO  Progress (1): 7.3/7.5 MB
2026.06.24 22:20:00 INFO  Progress (1): 7.4/7.5 MB
2026.06.24 22:20:00 INFO  Progress (1): 7.4/7.5 MB
2026.06.24 22:20:00 INFO  Progress (1): 7.4/7.5 MB
2026.06.24 22:20:00 INFO  Progress (1): 7.4/7.5 MB
2026.06.24 22:20:00 INFO  Progress (1): 7.4/7.5 MB
2026.06.24 22:20:00 INFO  Progress (1): 7.4/7.5 MB
2026.06.24 22:20:00 INFO  Progress (1): 7.4/7.5 MB
2026.06.24 22:20:00 INFO  Progress (1): 7.5/7.5 MB
2026.06.24 22:20:00 INFO  Progress (1): 7.5/7.5 MB
2026.06.24 22:20:00 INFO  Progress (1): 7.5/7.5 MB
2026.06.24 22:20:00 INFO  Progress (1): 7.5/7.5 MB
2026.06.24 22:20:00 INFO  Progress (1): 7.5 MB    
2026.06.24 22:20:00 INFO                      
2026.06.24 22:20:00 INFO  Downloaded from central: https://repo.maven.apache.org/maven2/org/hibernate/orm/hibernate-core/6.6.53.Final/hibernate-core-6.6.53.Final-sources.jar (7.5 MB at 59 MB/s)
2026.06.24 22:20:00 INFO  [INFO] SUCCESS: org.hibernate.orm:hibernate-core:jar:6.6.53.Final:compile (sources = true)
2026.06.24 22:20:00 INFO  [INFO] Resolving artifact: org.slf4j:jul-to-slf4j:jar:2.0.18:compile (sources = false)
2026.06.24 22:20:00 INFO  [INFO] SUCCESS: org.slf4j:jul-to-slf4j:jar:2.0.18:compile (sources = false)
2026.06.24 22:20:00 INFO  [INFO] Resolving artifact: org.slf4j:jul-to-slf4j:jar:2.0.18:compile (sources = true)
2026.06.24 22:20:00 INFO  Downloading from central: https://repo.maven.apache.org/maven2/org/slf4j/jul-to-slf4j/2.0.18/jul-to-slf4j-2.0.18-sources.jar
2026.06.24 22:20:00 INFO  Progress (1): 3.2/7.1 kB
2026.06.24 22:20:00 INFO  Progress (1): 7.1 kB    
2026.06.24 22:20:00 INFO                      
2026.06.24 22:20:00 INFO  Downloaded from central: https://repo.maven.apache.org/maven2/org/slf4j/jul-to-slf4j/2.0.18/jul-to-slf4j-2.0.18-sources.jar (7.1 kB at 307 kB/s)
2026.06.24 22:20:00 INFO  [INFO] SUCCESS: org.slf4j:jul-to-slf4j:jar:2.0.18:compile (sources = true)
2026.06.24 22:20:00 INFO  [INFO] Resolving artifact: org.springframework:spring-jcl:jar:6.2.19:compile (sources = false)
2026.06.24 22:20:00 INFO  [INFO] SUCCESS: org.springframework:spring-jcl:jar:6.2.19:compile (sources = false)
2026.06.24 22:20:00 INFO  [INFO] Resolving artifact: org.springframework:spring-jcl:jar:6.2.19:compile (sources = true)
2026.06.24 22:20:00 INFO  Downloading from central: https://repo.maven.apache.org/maven2/org/springframework/spring-jcl/6.2.19/spring-jcl-6.2.19-sources.jar
2026.06.24 22:20:00 INFO  Progress (1): 7.7/13 kB
2026.06.24 22:20:00 INFO  Progress (1): 11/13 kB 
2026.06.24 22:20:00 INFO  Progress (1): 13 kB   
2026.06.24 22:20:00 INFO                     
2026.06.24 22:20:00 INFO  Downloaded from central: https://repo.maven.apache.org/maven2/org/springframework/spring-jcl/6.2.19/spring-jcl-6.2.19-sources.jar (13 kB at 586 kB/s)
2026.06.24 22:20:00 INFO  [INFO] SUCCESS: org.springframework:spring-jcl:jar:6.2.19:compile (sources = true)
2026.06.24 22:20:00 INFO  [INFO] Resolving artifact: org.springframework:spring-test:jar:6.2.19:test (sources = false)
2026.06.24 22:20:00 INFO  [INFO] SUCCESS: org.springframework:spring-test:jar:6.2.19:test (sources = false)
2026.06.24 22:20:00 INFO  [INFO] Resolving artifact: org.springframework:spring-test:jar:6.2.19:test (sources = true)
2026.06.24 22:20:00 INFO  Downloading from central: https://repo.maven.apache.org/maven2/org/springframework/spring-test/6.2.19/spring-test-6.2.19-sources.jar
2026.06.24 22:20:00 INFO  Progress (1): 7.7/815 kB
2026.06.24 22:20:00 INFO  Progress (1): 12/815 kB 
2026.06.24 22:20:00 INFO  Progress (1): 29/815 kB
2026.06.24 22:20:00 INFO  Progress (1): 45/815 kB
2026.06.24 22:20:00 INFO  Progress (1): 61/815 kB
2026.06.24 22:20:00 INFO  Progress (1): 78/815 kB
2026.06.24 22:20:00 INFO  Progress (1): 94/815 kB
2026.06.24 22:20:00 INFO  Progress (1): 111/815 kB
2026.06.24 22:20:00 INFO  Progress (1): 127/815 kB
2026.06.24 22:20:00 INFO  Progress (1): 143/815 kB
2026.06.24 22:20:00 INFO  Progress (1): 160/815 kB
2026.06.24 22:20:00 INFO  Progress (1): 176/815 kB
2026.06.24 22:20:00 INFO  Progress (1): 193/815 kB
2026.06.24 22:20:00 INFO  Progress (1): 209/815 kB
2026.06.24 22:20:00 INFO  Progress (1): 225/815 kB
2026.06.24 22:20:00 INFO  Progress (1): 242/815 kB
2026.06.24 22:20:00 INFO  Progress (1): 246/815 kB
2026.06.24 22:20:00 INFO  Progress (1): 262/815 kB
2026.06.24 22:20:00 INFO  Progress (1): 279/815 kB
2026.06.24 22:20:00 INFO  Progress (1): 295/815 kB
2026.06.24 22:20:00 INFO  Progress (1): 311/815 kB
2026.06.24 22:20:00 INFO  Progress (1): 328/815 kB
2026.06.24 22:20:00 INFO  Progress (1): 344/815 kB
2026.06.24 22:20:00 INFO  Progress (1): 360/815 kB
2026.06.24 22:20:00 INFO  Progress (1): 377/815 kB
2026.06.24 22:20:00 INFO  Progress (1): 393/815 kB
2026.06.24 22:20:00 INFO  Progress (1): 410/815 kB
2026.06.24 22:20:00 INFO  Progress (1): 426/815 kB
2026.06.24 22:20:00 INFO  Progress (1): 442/815 kB
2026.06.24 22:20:00 INFO  Progress (1): 459/815 kB
2026.06.24 22:20:00 INFO  Progress (1): 475/815 kB
2026.06.24 22:20:00 INFO  Progress (1): 492/815 kB
2026.06.24 22:20:00 INFO  Progress (1): 508/815 kB
2026.06.24 22:20:00 INFO  Progress (1): 524/815 kB
2026.06.24 22:20:00 INFO  Progress (1): 541/815 kB
2026.06.24 22:20:00 INFO  Progress (1): 557/815 kB
2026.06.24 22:20:00 INFO  Progress (1): 573/815 kB
2026.06.24 22:20:00 INFO  Progress (1): 590/815 kB
2026.06.24 22:20:00 INFO  Progress (1): 606/815 kB
2026.06.24 22:20:00 INFO  Progress (1): 623/815 kB
2026.06.24 22:20:00 INFO  Progress (1): 639/815 kB
2026.06.24 22:20:00 INFO  Progress (1): 655/815 kB
2026.06.24 22:20:00 INFO  Progress (1): 672/815 kB
2026.06.24 22:20:00 INFO  Progress (1): 688/815 kB
2026.06.24 22:20:00 INFO  Progress (1): 705/815 kB
2026.06.24 22:20:00 INFO  Progress (1): 721/815 kB
2026.06.24 22:20:00 INFO  Progress (1): 737/815 kB
2026.06.24 22:20:00 INFO  Progress (1): 754/815 kB
2026.06.24 22:20:00 INFO  Progress (1): 770/815 kB
2026.06.24 22:20:00 INFO  Progress (1): 786/815 kB
2026.06.24 22:20:00 INFO  Progress (1): 803/815 kB
2026.06.24 22:20:00 INFO  Progress (1): 815 kB    
2026.06.24 22:20:00 INFO                      
2026.06.24 22:20:00 INFO  Downloaded from central: https://repo.maven.apache.org/maven2/org/springframework/spring-test/6.2.19/spring-test-6.2.19-sources.jar (815 kB at 23 MB/s)
2026.06.24 22:20:00 INFO  [INFO] SUCCESS: org.springframework:spring-test:jar:6.2.19:test (sources = true)
2026.06.24 22:20:00 INFO  [INFO] Resolving artifact: org.springframework.boot:spring-boot-autoconfigure:jar:3.5.15:compile (sources = false)
2026.06.24 22:20:00 INFO  [INFO] SUCCESS: org.springframework.boot:spring-boot-autoconfigure:jar:3.5.15:compile (sources = false)
2026.06.24 22:20:00 INFO  [INFO] Resolving artifact: org.springframework.boot:spring-boot-autoconfigure:jar:3.5.15:compile (sources = true)
2026.06.24 22:20:00 INFO  Downloading from central: https://repo.maven.apache.org/maven2/org/springframework/boot/spring-boot-autoconfigure/3.5.15/spring-boot-autoconfigure-3.5.15-sources.jar
2026.06.24 22:20:00 INFO  Progress (1): 0/1.2 MB
2026.06.24 22:20:00 INFO  Progress (1): 0/1.2 MB
2026.06.24 22:20:00 INFO  Progress (1): 0/1.2 MB
2026.06.24 22:20:00 INFO  Progress (1): 0/1.2 MB
2026.06.24 22:20:00 INFO  Progress (1): 0.1/1.2 MB
2026.06.24 22:20:00 INFO  Progress (1): 0.1/1.2 MB
2026.06.24 22:20:00 INFO  Progress (1): 0.1/1.2 MB
2026.06.24 22:20:00 INFO  Progress (1): 0.1/1.2 MB
2026.06.24 22:20:00 INFO  Progress (1): 0.1/1.2 MB
2026.06.24 22:20:00 INFO  Progress (1): 0.1/1.2 MB
2026.06.24 22:20:00 INFO  Progress (1): 0.2/1.2 MB
2026.06.24 22:20:00 INFO  Progress (1): 0.2/1.2 MB
2026.06.24 22:20:00 INFO  Progress (1): 0.2/1.2 MB
2026.06.24 22:20:00 INFO  Progress (1): 0.2/1.2 MB
2026.06.24 22:20:00 INFO  Progress (1): 0.2/1.2 MB
2026.06.24 22:20:00 INFO  Progress (1): 0.2/1.2 MB
2026.06.24 22:20:00 INFO  Progress (1): 0.2/1.2 MB
2026.06.24 22:20:00 INFO  Progress (1): 0.3/1.2 MB
2026.06.24 22:20:00 INFO  Progress (1): 0.3/1.2 MB
2026.06.24 22:20:00 INFO  Progress (1): 0.3/1.2 MB
2026.06.24 22:20:00 INFO  Progress (1): 0.3/1.2 MB
2026.06.24 22:20:00 INFO  Progress (1): 0.3/1.2 MB
2026.06.24 22:20:00 INFO  Progress (1): 0.3/1.2 MB
2026.06.24 22:20:00 INFO  Progress (1): 0.4/1.2 MB
2026.06.24 22:20:00 INFO  Progress (1): 0.4/1.2 MB
2026.06.24 22:20:00 INFO  Progress (1): 0.4/1.2 MB
2026.06.24 22:20:00 INFO  Progress (1): 0.4/1.2 MB
2026.06.24 22:20:00 INFO  Progress (1): 0.4/1.2 MB
2026.06.24 22:20:00 INFO  Progress (1): 0.4/1.2 MB
2026.06.24 22:20:00 INFO  Progress (1): 0.5/1.2 MB
2026.06.24 22:20:00 INFO  Progress (1): 0.5/1.2 MB
2026.06.24 22:20:00 INFO  Progress (1): 0.5/1.2 MB
2026.06.24 22:20:00 INFO  Progress (1): 0.5/1.2 MB
2026.06.24 22:20:00 INFO  Progress (1): 0.5/1.2 MB
2026.06.24 22:20:00 INFO  Progress (1): 0.5/1.2 MB
2026.06.24 22:20:00 INFO  Progress (1): 0.6/1.2 MB
2026.06.24 22:20:00 INFO  Progress (1): 0.6/1.2 MB
2026.06.24 22:20:00 INFO  Progress (1): 0.6/1.2 MB
2026.06.24 22:20:00 INFO  Progress (1): 0.6/1.2 MB
2026.06.24 22:20:00 INFO  Progress (1): 0.6/1.2 MB
2026.06.24 22:20:00 INFO  Progress (1): 0.6/1.2 MB
2026.06.24 22:20:00 INFO  Progress (1): 0.7/1.2 MB
2026.06.24 22:20:00 INFO  Progress (1): 0.7/1.2 MB
2026.06.24 22:20:00 INFO  Progress (1): 0.7/1.2 MB
2026.06.24 22:20:00 INFO  Progress (1): 0.7/1.2 MB
2026.06.24 22:20:00 INFO  Progress (1): 0.7/1.2 MB
2026.06.24 22:20:00 INFO  Progress (1): 0.7/1.2 MB
2026.06.24 22:20:00 INFO  Progress (1): 0.8/1.2 MB
2026.06.24 22:20:00 INFO  Progress (1): 0.8/1.2 MB
2026.06.24 22:20:00 INFO  Progress (1): 0.8/1.2 MB
2026.06.24 22:20:00 INFO  Progress (1): 0.8/1.2 MB
2026.06.24 22:20:00 INFO  Progress (1): 0.8/1.2 MB
2026.06.24 22:20:00 INFO  Progress (1): 0.8/1.2 MB
2026.06.24 22:20:00 INFO  Progress (1): 0.8/1.2 MB
2026.06.24 22:20:00 INFO  Progress (1): 0.9/1.2 MB
2026.06.24 22:20:00 INFO  Progress (1): 0.9/1.2 MB
2026.06.24 22:20:00 INFO  Progress (1): 0.9/1.2 MB
2026.06.24 22:20:00 INFO  Progress (1): 0.9/1.2 MB
2026.06.24 22:20:00 INFO  Progress (1): 0.9/1.2 MB
2026.06.24 22:20:00 INFO  Progress (1): 0.9/1.2 MB
2026.06.24 22:20:00 INFO  Progress (1): 1.0/1.2 MB
2026.06.24 22:20:00 INFO  Progress (1): 1.0/1.2 MB
2026.06.24 22:20:00 INFO  Progress (1): 1.0/1.2 MB
2026.06.24 22:20:00 INFO  Progress (1): 1.0/1.2 MB
2026.06.24 22:20:00 INFO  Progress (1): 1.0/1.2 MB
2026.06.24 22:20:00 INFO  Progress (1): 1.0/1.2 MB
2026.06.24 22:20:00 INFO  Progress (1): 1.1/1.2 MB
2026.06.24 22:20:00 INFO  Progress (1): 1.1/1.2 MB
2026.06.24 22:20:00 INFO  Progress (1): 1.1/1.2 MB
2026.06.24 22:20:00 INFO  Progress (1): 1.1/1.2 MB
2026.06.24 22:20:00 INFO  Progress (1): 1.1/1.2 MB
2026.06.24 22:20:00 INFO  Progress (1): 1.1/1.2 MB
2026.06.24 22:20:00 INFO  Progress (1): 1.2/1.2 MB
2026.06.24 22:20:00 INFO  Progress (1): 1.2/1.2 MB
2026.06.24 22:20:00 INFO  Progress (1): 1.2/1.2 MB
2026.06.24 22:20:00 INFO  Progress (1): 1.2 MB    
2026.06.24 22:20:00 INFO                      
2026.06.24 22:20:00 INFO  Downloaded from central: https://repo.maven.apache.org/maven2/org/springframework/boot/spring-boot-autoconfigure/3.5.15/spring-boot-autoconfigure-3.5.15-sources.jar (1.2 MB at 31 MB/s)
2026.06.24 22:20:00 INFO  [INFO] SUCCESS: org.springframework.boot:spring-boot-autoconfigure:jar:3.5.15:compile (sources = true)
2026.06.24 22:20:00 INFO  [INFO] Resolving artifact: org.hibernate.validator:hibernate-validator:jar:8.0.3.Final:compile (sources = false)
2026.06.24 22:20:00 INFO  [INFO] SUCCESS: org.hibernate.validator:hibernate-validator:jar:8.0.3.Final:compile (sources = false)
2026.06.24 22:20:00 INFO  [INFO] Resolving artifact: org.hibernate.validator:hibernate-validator:jar:8.0.3.Final:compile (sources = true)
2026.06.24 22:20:00 INFO  Downloading from central: https://repo.maven.apache.org/maven2/org/hibernate/validator/hibernate-validator/8.0.3.Final/hibernate-validator-8.0.3.Final-sources.jar
2026.06.24 22:20:00 INFO  Progress (1): 7.7/950 kB
2026.06.24 22:20:00 INFO  Progress (1): 12/950 kB 
2026.06.24 22:20:00 INFO  Progress (1): 29/950 kB
2026.06.24 22:20:00 INFO  Progress (1): 45/950 kB
2026.06.24 22:20:00 INFO  Progress (1): 61/950 kB
2026.06.24 22:20:00 INFO  Progress (1): 78/950 kB
2026.06.24 22:20:00 INFO  Progress (1): 94/950 kB
2026.06.24 22:20:00 INFO  Progress (1): 111/950 kB
2026.06.24 22:20:00 INFO  Progress (1): 127/950 kB
2026.06.24 22:20:00 INFO  Progress (1): 143/950 kB
2026.06.24 22:20:00 INFO  Progress (1): 160/950 kB
2026.06.24 22:20:00 INFO  Progress (1): 176/950 kB
2026.06.24 22:20:00 INFO  Progress (1): 193/950 kB
2026.06.24 22:20:00 INFO  Progress (1): 209/950 kB
2026.06.24 22:20:00 INFO  Progress (1): 225/950 kB
2026.06.24 22:20:00 INFO  Progress (1): 233/950 kB
2026.06.24 22:20:00 INFO  Progress (1): 250/950 kB
2026.06.24 22:20:00 INFO  Progress (1): 266/950 kB
2026.06.24 22:20:00 INFO  Progress (1): 282/950 kB
2026.06.24 22:20:00 INFO  Progress (1): 299/950 kB
2026.06.24 22:20:00 INFO  Progress (1): 315/950 kB
2026.06.24 22:20:00 INFO  Progress (1): 331/950 kB
2026.06.24 22:20:00 INFO  Progress (1): 348/950 kB
2026.06.24 22:20:00 INFO  Progress (1): 364/950 kB
2026.06.24 22:20:00 INFO  Progress (1): 381/950 kB
2026.06.24 22:20:00 INFO  Progress (1): 397/950 kB
2026.06.24 22:20:00 INFO  Progress (1): 413/950 kB
2026.06.24 22:20:00 INFO  Progress (1): 430/950 kB
2026.06.24 22:20:00 INFO  Progress (1): 446/950 kB
2026.06.24 22:20:00 INFO  Progress (1): 463/950 kB
2026.06.24 22:20:00 INFO  Progress (1): 479/950 kB
2026.06.24 22:20:00 INFO  Progress (1): 495/950 kB
2026.06.24 22:20:00 INFO  Progress (1): 512/950 kB
2026.06.24 22:20:00 INFO  Progress (1): 528/950 kB
2026.06.24 22:20:00 INFO  Progress (1): 544/950 kB
2026.06.24 22:20:00 INFO  Progress (1): 561/950 kB
2026.06.24 22:20:00 INFO  Progress (1): 577/950 kB
2026.06.24 22:20:00 INFO  Progress (1): 594/950 kB
2026.06.24 22:20:00 INFO  Progress (1): 610/950 kB
2026.06.24 22:20:00 INFO  Progress (1): 626/950 kB
2026.06.24 22:20:00 INFO  Progress (1): 643/950 kB
2026.06.24 22:20:00 INFO  Progress (1): 659/950 kB
2026.06.24 22:20:00 INFO  Progress (1): 676/950 kB
2026.06.24 22:20:00 INFO  Progress (1): 692/950 kB
2026.06.24 22:20:00 INFO  Progress (1): 708/950 kB
2026.06.24 22:20:00 INFO  Progress (1): 725/950 kB
2026.06.24 22:20:00 INFO  Progress (1): 741/950 kB
2026.06.24 22:20:00 INFO  Progress (1): 757/950 kB
2026.06.24 22:20:00 INFO  Progress (1): 774/950 kB
2026.06.24 22:20:00 INFO  Progress (1): 790/950 kB
2026.06.24 22:20:00 INFO  Progress (1): 807/950 kB
2026.06.24 22:20:00 INFO  Progress (1): 823/950 kB
2026.06.24 22:20:00 INFO  Progress (1): 839/950 kB
2026.06.24 22:20:00 INFO  Progress (1): 856/950 kB
2026.06.24 22:20:00 INFO  Progress (1): 872/950 kB
2026.06.24 22:20:00 INFO  Progress (1): 889/950 kB
2026.06.24 22:20:00 INFO  Progress (1): 905/950 kB
2026.06.24 22:20:00 INFO  Progress (1): 921/950 kB
2026.06.24 22:20:00 INFO  Progress (1): 938/950 kB
2026.06.24 22:20:00 INFO  Progress (1): 950 kB    
2026.06.24 22:20:00 INFO                      
2026.06.24 22:20:00 INFO  Downloaded from central: https://repo.maven.apache.org/maven2/org/hibernate/validator/hibernate-validator/8.0.3.Final/hibernate-validator-8.0.3.Final-sources.jar (950 kB at 23 MB/s)
2026.06.24 22:20:00 INFO  [INFO] SUCCESS: org.hibernate.validator:hibernate-validator:jar:8.0.3.Final:compile (sources = true)
2026.06.24 22:20:00 INFO  [INFO] Resolving artifact: org.xmlunit:xmlunit-core:jar:2.10.4:test (sources = false)
2026.06.24 22:20:00 INFO  [INFO] SUCCESS: org.xmlunit:xmlunit-core:jar:2.10.4:test (sources = false)
2026.06.24 22:20:00 INFO  [INFO] Resolving artifact: org.xmlunit:xmlunit-core:jar:2.10.4:test (sources = true)
2026.06.24 22:20:00 INFO  Downloading from central: https://repo.maven.apache.org/maven2/org/xmlunit/xmlunit-core/2.10.4/xmlunit-core-2.10.4-sources.jar
2026.06.24 22:20:00 INFO  Progress (1): 8.2/111 kB
2026.06.24 22:20:00 INFO  Progress (1): 25/111 kB 
2026.06.24 22:20:00 INFO  Progress (1): 41/111 kB
2026.06.24 22:20:00 INFO  Progress (1): 57/111 kB
2026.06.24 22:20:00 INFO  Progress (1): 74/111 kB
2026.06.24 22:20:00 INFO  Progress (1): 90/111 kB
2026.06.24 22:20:00 INFO  Progress (1): 106/111 kB
2026.06.24 22:20:00 INFO  Progress (1): 111 kB    
2026.06.24 22:20:00 INFO                      
2026.06.24 22:20:00 INFO  Downloaded from central: https://repo.maven.apache.org/maven2/org/xmlunit/xmlunit-core/2.10.4/xmlunit-core-2.10.4-sources.jar (111 kB at 4.3 MB/s)
2026.06.24 22:20:00 INFO  [INFO] SUCCESS: org.xmlunit:xmlunit-core:jar:2.10.4:test (sources = true)
2026.06.24 22:20:00 INFO  [INFO] Resolving artifact: com.fasterxml.jackson.core:jackson-databind:jar:2.21.4:compile (sources = false)
2026.06.24 22:20:00 INFO  [INFO] SUCCESS: com.fasterxml.jackson.core:jackson-databind:jar:2.21.4:compile (sources = false)
2026.06.24 22:20:00 INFO  [INFO] Resolving artifact: com.fasterxml.jackson.core:jackson-databind:jar:2.21.4:compile (sources = true)
2026.06.24 22:20:00 INFO  Downloading from central: https://repo.maven.apache.org/maven2/com/fasterxml/jackson/core/jackson-databind/2.21.4/jackson-databind-2.21.4-sources.jar
2026.06.24 22:20:00 INFO  Progress (1): 0/1.3 MB
2026.06.24 22:20:00 INFO  Progress (1): 0/1.3 MB
2026.06.24 22:20:00 INFO  Progress (1): 0/1.3 MB
2026.06.24 22:20:00 INFO  Progress (1): 0.1/1.3 MB
2026.06.24 22:20:00 INFO  Progress (1): 0.1/1.3 MB
2026.06.24 22:20:00 INFO  Progress (1): 0.1/1.3 MB
2026.06.24 22:20:00 INFO  Progress (1): 0.1/1.3 MB
2026.06.24 22:20:00 INFO  Progress (1): 0.1/1.3 MB
2026.06.24 22:20:00 INFO  Progress (1): 0.1/1.3 MB
2026.06.24 22:20:00 INFO  Progress (1): 0.1/1.3 MB
2026.06.24 22:20:00 INFO  Progress (1): 0.2/1.3 MB
2026.06.24 22:20:00 INFO  Progress (1): 0.2/1.3 MB
2026.06.24 22:20:00 INFO  Progress (1): 0.2/1.3 MB
2026.06.24 22:20:00 INFO  Progress (1): 0.2/1.3 MB
2026.06.24 22:20:00 INFO  Progress (1): 0.2/1.3 MB
2026.06.24 22:20:00 INFO  Progress (1): 0.2/1.3 MB
2026.06.24 22:20:00 INFO  Progress (1): 0.3/1.3 MB
2026.06.24 22:20:00 INFO  Progress (1): 0.3/1.3 MB
2026.06.24 22:20:00 INFO  Progress (1): 0.3/1.3 MB
2026.06.24 22:20:00 INFO  Progress (1): 0.3/1.3 MB
2026.06.24 22:20:00 INFO  Progress (1): 0.3/1.3 MB
2026.06.24 22:20:00 INFO  Progress (1): 0.3/1.3 MB
2026.06.24 22:20:00 INFO  Progress (1): 0.4/1.3 MB
2026.06.24 22:20:00 INFO  Progress (1): 0.4/1.3 MB
2026.06.24 22:20:00 INFO  Progress (1): 0.4/1.3 MB
2026.06.24 22:20:00 INFO  Progress (1): 0.4/1.3 MB
2026.06.24 22:20:00 INFO  Progress (1): 0.4/1.3 MB
2026.06.24 22:20:00 INFO  Progress (1): 0.4/1.3 MB
2026.06.24 22:20:00 INFO  Progress (1): 0.5/1.3 MB
2026.06.24 22:20:00 INFO  Progress (1): 0.5/1.3 MB
2026.06.24 22:20:00 INFO  Progress (1): 0.5/1.3 MB
2026.06.24 22:20:00 INFO  Progress (1): 0.5/1.3 MB
2026.06.24 22:20:00 INFO  Progress (1): 0.5/1.3 MB
2026.06.24 22:20:00 INFO  Progress (1): 0.5/1.3 MB
2026.06.24 22:20:00 INFO  Progress (1): 0.6/1.3 MB
2026.06.24 22:20:00 INFO  Progress (1): 0.6/1.3 MB
2026.06.24 22:20:00 INFO  Progress (1): 0.6/1.3 MB
2026.06.24 22:20:00 INFO  Progress (1): 0.6/1.3 MB
2026.06.24 22:20:00 INFO  Progress (1): 0.6/1.3 MB
2026.06.24 22:20:00 INFO  Progress (1): 0.6/1.3 MB
2026.06.24 22:20:00 INFO  Progress (1): 0.6/1.3 MB
2026.06.24 22:20:00 INFO  Progress (1): 0.7/1.3 MB
2026.06.24 22:20:00 INFO  Progress (1): 0.7/1.3 MB
2026.06.24 22:20:00 INFO  Progress (1): 0.7/1.3 MB
2026.06.24 22:20:00 INFO  Progress (1): 0.7/1.3 MB
2026.06.24 22:20:00 INFO  Progress (1): 0.7/1.3 MB
2026.06.24 22:20:00 INFO  Progress (1): 0.7/1.3 MB
2026.06.24 22:20:00 INFO  Progress (1): 0.8/1.3 MB
2026.06.24 22:20:00 INFO  Progress (1): 0.8/1.3 MB
2026.06.24 22:20:00 INFO  Progress (1): 0.8/1.3 MB
2026.06.24 22:20:00 INFO  Progress (1): 0.8/1.3 MB
2026.06.24 22:20:00 INFO  Progress (1): 0.8/1.3 MB
2026.06.24 22:20:00 INFO  Progress (1): 0.8/1.3 MB
2026.06.24 22:20:00 INFO  Progress (1): 0.9/1.3 MB
2026.06.24 22:20:00 INFO  Progress (1): 0.9/1.3 MB
2026.06.24 22:20:00 INFO  Progress (1): 0.9/1.3 MB
2026.06.24 22:20:00 INFO  Progress (1): 0.9/1.3 MB
2026.06.24 22:20:00 INFO  Progress (1): 0.9/1.3 MB
2026.06.24 22:20:00 INFO  Progress (1): 0.9/1.3 MB
2026.06.24 22:20:00 INFO  Progress (1): 0.9/1.3 MB
2026.06.24 22:20:00 INFO  Progress (1): 1.0/1.3 MB
2026.06.24 22:20:00 INFO  Progress (1): 1.0/1.3 MB
2026.06.24 22:20:00 INFO  Progress (1): 1.0/1.3 MB
2026.06.24 22:20:00 INFO  Progress (1): 1.0/1.3 MB
2026.06.24 22:20:00 INFO  Progress (1): 1.0/1.3 MB
2026.06.24 22:20:00 INFO  Progress (1): 1.0/1.3 MB
2026.06.24 22:20:00 INFO  Progress (1): 1.1/1.3 MB
2026.06.24 22:20:00 INFO  Progress (1): 1.1/1.3 MB
2026.06.24 22:20:00 INFO  Progress (1): 1.1/1.3 MB
2026.06.24 22:20:00 INFO  Progress (1): 1.1/1.3 MB
2026.06.24 22:20:00 INFO  Progress (1): 1.1/1.3 MB
2026.06.24 22:20:00 INFO  Progress (1): 1.1/1.3 MB
2026.06.24 22:20:00 INFO  Progress (1): 1.2/1.3 MB
2026.06.24 22:20:00 INFO  Progress (1): 1.2/1.3 MB
2026.06.24 22:20:00 INFO  Progress (1): 1.2/1.3 MB
2026.06.24 22:20:00 INFO  Progress (1): 1.2/1.3 MB
2026.06.24 22:20:00 INFO  Progress (1): 1.2/1.3 MB
2026.06.24 22:20:00 INFO  Progress (1): 1.2/1.3 MB
2026.06.24 22:20:00 INFO  Progress (1): 1.3 MB    
2026.06.24 22:20:00 INFO                      
2026.06.24 22:20:00 INFO  Downloaded from central: https://repo.maven.apache.org/maven2/com/fasterxml/jackson/core/jackson-databind/2.21.4/jackson-databind-2.21.4-sources.jar (1.3 MB at 31 MB/s)
2026.06.24 22:20:00 INFO  [INFO] SUCCESS: com.fasterxml.jackson.core:jackson-databind:jar:2.21.4:compile (sources = true)
2026.06.24 22:20:00 INFO  [INFO] Resolving artifact: jakarta.annotation:jakarta.annotation-api:jar:2.1.1:compile (sources = false)
2026.06.24 22:20:00 INFO  [INFO] SUCCESS: jakarta.annotation:jakarta.annotation-api:jar:2.1.1:compile (sources = false)
2026.06.24 22:20:00 INFO  [INFO] Resolving artifact: jakarta.annotation:jakarta.annotation-api:jar:2.1.1:compile (sources = true)
2026.06.24 22:20:00 INFO  Downloading from central: https://repo.maven.apache.org/maven2/jakarta/annotation/jakarta.annotation-api/2.1.1/jakarta.annotation-api-2.1.1-sources.jar
2026.06.24 22:20:00 INFO  Progress (1): 7.7/37 kB
2026.06.24 22:20:00 INFO  Progress (1): 11/37 kB 
2026.06.24 22:20:00 INFO  Progress (1): 28/37 kB
2026.06.24 22:20:00 INFO  Progress (1): 37 kB   
2026.06.24 22:20:00 INFO                     
2026.06.24 22:20:00 INFO  Downloaded from central: https://repo.maven.apache.org/maven2/jakarta/annotation/jakarta.annotation-api/2.1.1/jakarta.annotation-api-2.1.1-sources.jar (37 kB at 1.6 MB/s)
2026.06.24 22:20:00 INFO  [INFO] SUCCESS: jakarta.annotation:jakarta.annotation-api:jar:2.1.1:compile (sources = true)
2026.06.24 22:20:00 INFO  [INFO] Resolving artifact: org.springframework:spring-orm:jar:6.2.19:compile (sources = false)
2026.06.24 22:20:00 INFO  [INFO] SUCCESS: org.springframework:spring-orm:jar:6.2.19:compile (sources = false)
2026.06.24 22:20:00 INFO  [INFO] Resolving artifact: org.springframework:spring-orm:jar:6.2.19:compile (sources = true)
2026.06.24 22:20:00 INFO  Downloading from central: https://repo.maven.apache.org/maven2/org/springframework/spring-orm/6.2.19/spring-orm-6.2.19-sources.jar
2026.06.24 22:20:00 INFO  Progress (1): 7.7/191 kB
2026.06.24 22:20:00 INFO  Progress (1): 8.2/191 kB
2026.06.24 22:20:00 INFO  Progress (1): 25/191 kB 
2026.06.24 22:20:00 INFO  Progress (1): 41/191 kB
2026.06.24 22:20:00 INFO  Progress (1): 57/191 kB
2026.06.24 22:20:00 INFO  Progress (1): 74/191 kB
2026.06.24 22:20:00 INFO  Progress (1): 90/191 kB
2026.06.24 22:20:00 INFO  Progress (1): 106/191 kB
2026.06.24 22:20:00 INFO  Progress (1): 123/191 kB
2026.06.24 22:20:00 INFO  Progress (1): 131/191 kB
2026.06.24 22:20:00 INFO  Progress (1): 147/191 kB
2026.06.24 22:20:00 INFO  Progress (1): 164/191 kB
2026.06.24 22:20:00 INFO  Progress (1): 180/191 kB
2026.06.24 22:20:00 INFO  Progress (1): 191 kB    
2026.06.24 22:20:00 INFO                      
2026.06.24 22:20:00 INFO  Downloaded from central: https://repo.maven.apache.org/maven2/org/springframework/spring-orm/6.2.19/spring-orm-6.2.19-sources.jar (191 kB at 7.4 MB/s)
2026.06.24 22:20:00 INFO  [INFO] SUCCESS: org.springframework:spring-orm:jar:6.2.19:compile (sources = true)
2026.06.24 22:20:00 INFO  [INFO] Resolving artifact: org.awaitility:awaitility:jar:4.2.2:test (sources = false)
2026.06.24 22:20:00 INFO  [INFO] SUCCESS: org.awaitility:awaitility:jar:4.2.2:test (sources = false)
2026.06.24 22:20:00 INFO  [INFO] Resolving artifact: org.awaitility:awaitility:jar:4.2.2:test (sources = true)
2026.06.24 22:20:00 INFO  Downloading from central: https://repo.maven.apache.org/maven2/org/awaitility/awaitility/4.2.2/awaitility-4.2.2-sources.jar
2026.06.24 22:20:00 INFO  Progress (1): 7.7/79 kB
2026.06.24 22:20:00 INFO  Progress (1): 11/79 kB 
2026.06.24 22:20:00 INFO  Progress (1): 28/79 kB
2026.06.24 22:20:00 INFO  Progress (1): 44/79 kB
2026.06.24 22:20:00 INFO  Progress (1): 61/79 kB
2026.06.24 22:20:00 INFO  Progress (1): 77/79 kB
2026.06.24 22:20:00 INFO  Progress (1): 79 kB   
2026.06.24 22:20:00 INFO                     
2026.06.24 22:20:00 INFO  Downloaded from central: https://repo.maven.apache.org/maven2/org/awaitility/awaitility/4.2.2/awaitility-4.2.2-sources.jar (79 kB at 3.2 MB/s)
2026.06.24 22:20:00 INFO  [INFO] SUCCESS: org.awaitility:awaitility:jar:4.2.2:test (sources = true)
2026.06.24 22:20:00 INFO  [INFO] Resolving artifact: jakarta.inject:jakarta.inject-api:jar:2.0.1:runtime (sources = false)
2026.06.24 22:20:00 INFO  [INFO] SUCCESS: jakarta.inject:jakarta.inject-api:jar:2.0.1:runtime (sources = false)
2026.06.24 22:20:00 INFO  [INFO] Resolving artifact: jakarta.inject:jakarta.inject-api:jar:2.0.1:runtime (sources = true)
2026.06.24 22:20:00 INFO  Downloading from central: https://repo.maven.apache.org/maven2/jakarta/inject/jakarta.inject-api/2.0.1/jakarta.inject-api-2.0.1-sources.jar
2026.06.24 22:20:00 INFO  Progress (1): 7.7/18 kB
2026.06.24 22:20:00 INFO  Progress (1): 16/18 kB 
2026.06.24 22:20:00 INFO  Progress (1): 18 kB   
2026.06.24 22:20:00 INFO                     
2026.06.24 22:20:00 INFO  Downloaded from central: https://repo.maven.apache.org/maven2/jakarta/inject/jakarta.inject-api/2.0.1/jakarta.inject-api-2.0.1-sources.jar (18 kB at 595 kB/s)
2026.06.24 22:20:00 INFO  [INFO] SUCCESS: jakarta.inject:jakarta.inject-api:jar:2.0.1:runtime (sources = true)
2026.06.24 22:20:00 INFO  [INFO] Resolving artifact: org.glassfish.jaxb:jaxb-runtime:jar:4.0.9:runtime (sources = false)
2026.06.24 22:20:00 INFO  [INFO] SUCCESS: org.glassfish.jaxb:jaxb-runtime:jar:4.0.9:runtime (sources = false)
2026.06.24 22:20:00 INFO  [INFO] Resolving artifact: org.glassfish.jaxb:jaxb-runtime:jar:4.0.9:runtime (sources = true)
2026.06.24 22:20:00 INFO  Downloading from central: https://repo.maven.apache.org/maven2/org/glassfish/jaxb/jaxb-runtime/4.0.9/jaxb-runtime-4.0.9-sources.jar
2026.06.24 22:20:00 INFO  Progress (1): 7.7/654 kB
2026.06.24 22:20:00 INFO  Progress (1): 16/654 kB 
2026.06.24 22:20:00 INFO  Progress (1): 32/654 kB
2026.06.24 22:20:00 INFO  Progress (1): 49/654 kB
2026.06.24 22:20:00 INFO  Progress (1): 65/654 kB
2026.06.24 22:20:00 INFO  Progress (1): 81/654 kB
2026.06.24 22:20:00 INFO  Progress (1): 98/654 kB
2026.06.24 22:20:00 INFO  Progress (1): 114/654 kB
2026.06.24 22:20:00 INFO  Progress (1): 131/654 kB
2026.06.24 22:20:00 INFO  Progress (1): 147/654 kB
2026.06.24 22:20:00 INFO  Progress (1): 163/654 kB
2026.06.24 22:20:00 INFO  Progress (1): 180/654 kB
2026.06.24 22:20:00 INFO  Progress (1): 196/654 kB
2026.06.24 22:20:00 INFO  Progress (1): 212/654 kB
2026.06.24 22:20:00 INFO  Progress (1): 229/654 kB
2026.06.24 22:20:00 INFO  Progress (1): 233/654 kB
2026.06.24 22:20:00 INFO  Progress (1): 250/654 kB
2026.06.24 22:20:00 INFO  Progress (1): 266/654 kB
2026.06.24 22:20:00 INFO  Progress (1): 282/654 kB
2026.06.24 22:20:00 INFO  Progress (1): 299/654 kB
2026.06.24 22:20:00 INFO  Progress (1): 315/654 kB
2026.06.24 22:20:00 INFO  Progress (1): 331/654 kB
2026.06.24 22:20:00 INFO  Progress (1): 348/654 kB
2026.06.24 22:20:00 INFO  Progress (1): 364/654 kB
2026.06.24 22:20:00 INFO  Progress (1): 381/654 kB
2026.06.24 22:20:00 INFO  Progress (1): 397/654 kB
2026.06.24 22:20:00 INFO  Progress (1): 413/654 kB
2026.06.24 22:20:00 INFO  Progress (1): 426/654 kB
2026.06.24 22:20:00 INFO  Progress (1): 442/654 kB
2026.06.24 22:20:00 INFO  Progress (1): 459/654 kB
2026.06.24 22:20:00 INFO  Progress (1): 475/654 kB
2026.06.24 22:20:00 INFO  Progress (1): 492/654 kB
2026.06.24 22:20:00 INFO  Progress (1): 508/654 kB
2026.06.24 22:20:00 INFO  Progress (1): 524/654 kB
2026.06.24 22:20:00 INFO  Progress (1): 541/654 kB
2026.06.24 22:20:00 INFO  Progress (1): 557/654 kB
2026.06.24 22:20:00 INFO  Progress (1): 573/654 kB
2026.06.24 22:20:00 INFO  Progress (1): 590/654 kB
2026.06.24 22:20:00 INFO  Progress (1): 606/654 kB
2026.06.24 22:20:00 INFO  Progress (1): 623/654 kB
2026.06.24 22:20:00 INFO  Progress (1): 639/654 kB
2026.06.24 22:20:00 INFO  Progress (1): 654 kB    
2026.06.24 22:20:00 INFO                      
2026.06.24 22:20:00 INFO  Downloaded from central: https://repo.maven.apache.org/maven2/org/glassfish/jaxb/jaxb-runtime/4.0.9/jaxb-runtime-4.0.9-sources.jar (654 kB at 14 MB/s)
2026.06.24 22:20:00 INFO  [INFO] SUCCESS: org.glassfish.jaxb:jaxb-runtime:jar:4.0.9:runtime (sources = true)
2026.06.24 22:20:00 INFO  [INFO] Resolving artifact: org.junit.jupiter:junit-jupiter:jar:5.12.2:test (sources = false)
2026.06.24 22:20:00 INFO  [INFO] SUCCESS: org.junit.jupiter:junit-jupiter:jar:5.12.2:test (sources = false)
2026.06.24 22:20:00 INFO  [INFO] Resolving artifact: org.junit.jupiter:junit-jupiter:jar:5.12.2:test (sources = true)
2026.06.24 22:20:00 INFO  Downloading from central: https://repo.maven.apache.org/maven2/org/junit/jupiter/junit-jupiter/5.12.2/junit-jupiter-5.12.2-sources.jar
2026.06.24 22:20:00 INFO  Progress (1): 6.1 kB
2026.06.24 22:20:00 INFO                      
2026.06.24 22:20:00 INFO  Downloaded from central: https://repo.maven.apache.org/maven2/org/junit/jupiter/junit-jupiter/5.12.2/junit-jupiter-5.12.2-sources.jar (6.1 kB at 244 kB/s)
2026.06.24 22:20:00 INFO  [INFO] SUCCESS: org.junit.jupiter:junit-jupiter:jar:5.12.2:test (sources = true)
2026.06.24 22:20:00 INFO  [INFO] Resolving artifact: com.fasterxml.jackson.datatype:jackson-datatype-jsr310:jar:2.21.4:compile (sources = false)
2026.06.24 22:20:00 INFO  [INFO] SUCCESS: com.fasterxml.jackson.datatype:jackson-datatype-jsr310:jar:2.21.4:compile (sources = false)
2026.06.24 22:20:00 INFO  [INFO] Resolving artifact: com.fasterxml.jackson.datatype:jackson-datatype-jsr310:jar:2.21.4:compile (sources = true)
2026.06.24 22:20:00 INFO  Downloading from central: https://repo.maven.apache.org/maven2/com/fasterxml/jackson/datatype/jackson-datatype-jsr310/2.21.4/jackson-datatype-jsr310-2.21.4-sources.jar
2026.06.24 22:20:00 INFO  Progress (1): 7.7/93 kB
2026.06.24 22:20:00 INFO  Progress (1): 16/93 kB 
2026.06.24 22:20:00 INFO  Progress (1): 32/93 kB
2026.06.24 22:20:00 INFO  Progress (1): 49/93 kB
2026.06.24 22:20:00 INFO  Progress (1): 65/93 kB
2026.06.24 22:20:00 INFO  Progress (1): 81/93 kB
2026.06.24 22:20:00 INFO  Progress (1): 93 kB   
2026.06.24 22:20:00 INFO                     
2026.06.24 22:20:00 INFO  Downloaded from central: https://repo.maven.apache.org/maven2/com/fasterxml/jackson/datatype/jackson-datatype-jsr310/2.21.4/jackson-datatype-jsr310-2.21.4-sources.jar (93 kB at 3.9 MB/s)
2026.06.24 22:20:00 INFO  [INFO] SUCCESS: com.fasterxml.jackson.datatype:jackson-datatype-jsr310:jar:2.21.4:compile (sources = true)
2026.06.24 22:20:00 INFO  [INFO] Resolving artifact: org.glassfish.jaxb:txw2:jar:4.0.9:runtime (sources = false)
2026.06.24 22:20:00 INFO  [INFO] SUCCESS: org.glassfish.jaxb:txw2:jar:4.0.9:runtime (sources = false)
2026.06.24 22:20:00 INFO  [INFO] Resolving artifact: org.glassfish.jaxb:txw2:jar:4.0.9:runtime (sources = true)
2026.06.24 22:20:00 INFO  Downloading from central: https://repo.maven.apache.org/maven2/org/glassfish/jaxb/txw2/4.0.9/txw2-4.0.9-sources.jar
2026.06.24 22:20:00 INFO  Progress (1): 7.7/70 kB
2026.06.24 22:20:00 INFO  Progress (1): 16/70 kB 
2026.06.24 22:20:00 INFO  Progress (1): 24/70 kB
2026.06.24 22:20:00 INFO  Progress (1): 40/70 kB
2026.06.24 22:20:00 INFO  Progress (1): 57/70 kB
2026.06.24 22:20:00 INFO  Progress (1): 70 kB   
2026.06.24 22:20:00 INFO                     
2026.06.24 22:20:00 INFO  Downloaded from central: https://repo.maven.apache.org/maven2/org/glassfish/jaxb/txw2/4.0.9/txw2-4.0.9-sources.jar (70 kB at 2.8 MB/s)
2026.06.24 22:20:00 INFO  [INFO] SUCCESS: org.glassfish.jaxb:txw2:jar:4.0.9:runtime (sources = true)
2026.06.24 22:20:00 INFO  [INFO] Resolving artifact: org.aspectj:aspectjweaver:jar:1.9.25.1:compile (sources = false)
2026.06.24 22:20:00 INFO  [INFO] SUCCESS: org.aspectj:aspectjweaver:jar:1.9.25.1:compile (sources = false)
2026.06.24 22:20:00 INFO  [INFO] Resolving artifact: org.aspectj:aspectjweaver:jar:1.9.25.1:compile (sources = true)
2026.06.24 22:20:00 INFO  Downloading from central: https://repo.maven.apache.org/maven2/org/aspectj/aspectjweaver/1.9.25.1/aspectjweaver-1.9.25.1-sources.jar
2026.06.24 22:20:00 INFO  Progress (1): 0/1.8 MB
2026.06.24 22:20:00 INFO  Progress (1): 0/1.8 MB
2026.06.24 22:20:00 INFO  Progress (1): 0/1.8 MB
2026.06.24 22:20:00 INFO  Progress (1): 0/1.8 MB
2026.06.24 22:20:00 INFO  Progress (1): 0.1/1.8 MB
2026.06.24 22:20:00 INFO  Progress (1): 0.1/1.8 MB
2026.06.24 22:20:00 INFO  Progress (1): 0.1/1.8 MB
2026.06.24 22:20:00 INFO  Progress (1): 0.1/1.8 MB
2026.06.24 22:20:00 INFO  Progress (1): 0.1/1.8 MB
2026.06.24 22:20:00 INFO  Progress (1): 0.1/1.8 MB
2026.06.24 22:20:00 INFO  Progress (1): 0.2/1.8 MB
2026.06.24 22:20:00 INFO  Progress (1): 0.2/1.8 MB
2026.06.24 22:20:00 INFO  Progress (1): 0.2/1.8 MB
2026.06.24 22:20:00 INFO  Progress (1): 0.2/1.8 MB
2026.06.24 22:20:00 INFO  Progress (1): 0.2/1.8 MB
2026.06.24 22:20:00 INFO  Progress (1): 0.2/1.8 MB
2026.06.24 22:20:00 INFO  Progress (1): 0.3/1.8 MB
2026.06.24 22:20:00 INFO  Progress (1): 0.3/1.8 MB
2026.06.24 22:20:00 INFO  Progress (1): 0.3/1.8 MB
2026.06.24 22:20:00 INFO  Progress (1): 0.3/1.8 MB
2026.06.24 22:20:00 INFO  Progress (1): 0.3/1.8 MB
2026.06.24 22:20:00 INFO  Progress (1): 0.3/1.8 MB
2026.06.24 22:20:00 INFO  Progress (1): 0.4/1.8 MB
2026.06.24 22:20:00 INFO  Progress (1): 0.4/1.8 MB
2026.06.24 22:20:00 INFO  Progress (1): 0.4/1.8 MB
2026.06.24 22:20:00 INFO  Progress (1): 0.4/1.8 MB
2026.06.24 22:20:00 INFO  Progress (1): 0.4/1.8 MB
2026.06.24 22:20:00 INFO  Progress (1): 0.4/1.8 MB
2026.06.24 22:20:00 INFO  Progress (1): 0.4/1.8 MB
2026.06.24 22:20:00 INFO  Progress (1): 0.5/1.8 MB
2026.06.24 22:20:00 INFO  Progress (1): 0.5/1.8 MB
2026.06.24 22:20:00 INFO  Progress (1): 0.5/1.8 MB
2026.06.24 22:20:00 INFO  Progress (1): 0.5/1.8 MB
2026.06.24 22:20:00 INFO  Progress (1): 0.5/1.8 MB
2026.06.24 22:20:00 INFO  Progress (1): 0.5/1.8 MB
2026.06.24 22:20:00 INFO  Progress (1): 0.6/1.8 MB
2026.06.24 22:20:00 INFO  Progress (1): 0.6/1.8 MB
2026.06.24 22:20:00 INFO  Progress (1): 0.6/1.8 MB
2026.06.24 22:20:00 INFO  Progress (1): 0.6/1.8 MB
2026.06.24 22:20:00 INFO  Progress (1): 0.6/1.8 MB
2026.06.24 22:20:00 INFO  Progress (1): 0.6/1.8 MB
2026.06.24 22:20:00 INFO  Progress (1): 0.7/1.8 MB
2026.06.24 22:20:00 INFO  Progress (1): 0.7/1.8 MB
2026.06.24 22:20:00 INFO  Progress (1): 0.7/1.8 MB
2026.06.24 22:20:00 INFO  Progress (1): 0.7/1.8 MB
2026.06.24 22:20:00 INFO  Progress (1): 0.7/1.8 MB
2026.06.24 22:20:00 INFO  Progress (1): 0.7/1.8 MB
2026.06.24 22:20:00 INFO  Progress (1): 0.8/1.8 MB
2026.06.24 22:20:00 INFO  Progress (1): 0.8/1.8 MB
2026.06.24 22:20:00 INFO  Progress (1): 0.8/1.8 MB
2026.06.24 22:20:00 INFO  Progress (1): 0.8/1.8 MB
2026.06.24 22:20:00 INFO  Progress (1): 0.8/1.8 MB
2026.06.24 22:20:00 INFO  Progress (1): 0.8/1.8 MB
2026.06.24 22:20:00 INFO  Progress (1): 0.9/1.8 MB
2026.06.24 22:20:00 INFO  Progress (1): 0.9/1.8 MB
2026.06.24 22:20:00 INFO  Progress (1): 0.9/1.8 MB
2026.06.24 22:20:00 INFO  Progress (1): 0.9/1.8 MB
2026.06.24 22:20:00 INFO  Progress (1): 0.9/1.8 MB
2026.06.24 22:20:00 INFO  Progress (1): 0.9/1.8 MB
2026.06.24 22:20:00 INFO  Progress (1): 1.0/1.8 MB
2026.06.24 22:20:00 INFO  Progress (1): 1.0/1.8 MB
2026.06.24 22:20:00 INFO  Progress (1): 1.0/1.8 MB
2026.06.24 22:20:00 INFO  Progress (1): 1.0/1.8 MB
2026.06.24 22:20:00 INFO  Progress (1): 1.0/1.8 MB
2026.06.24 22:20:00 INFO  Progress (1): 1.0/1.8 MB
2026.06.24 22:20:00 INFO  Progress (1): 1.0/1.8 MB
2026.06.24 22:20:00 INFO  Progress (1): 1.1/1.8 MB
2026.06.24 22:20:00 INFO  Progress (1): 1.1/1.8 MB
2026.06.24 22:20:00 INFO  Progress (1): 1.1/1.8 MB
2026.06.24 22:20:00 INFO  Progress (1): 1.1/1.8 MB
2026.06.24 22:20:00 INFO  Progress (1): 1.1/1.8 MB
2026.06.24 22:20:00 INFO  Progress (1): 1.1/1.8 MB
2026.06.24 22:20:00 INFO  Progress (1): 1.2/1.8 MB
2026.06.24 22:20:00 INFO  Progress (1): 1.2/1.8 MB
2026.06.24 22:20:00 INFO  Progress (1): 1.2/1.8 MB
2026.06.24 22:20:00 INFO  Progress (1): 1.2/1.8 MB
2026.06.24 22:20:00 INFO  Progress (1): 1.2/1.8 MB
2026.06.24 22:20:00 INFO  Progress (1): 1.2/1.8 MB
2026.06.24 22:20:00 INFO  Progress (1): 1.3/1.8 MB
2026.06.24 22:20:00 INFO  Progress (1): 1.3/1.8 MB
2026.06.24 22:20:00 INFO  Progress (1): 1.3/1.8 MB
2026.06.24 22:20:00 INFO  Progress (1): 1.3/1.8 MB
2026.06.24 22:20:00 INFO  Progress (1): 1.3/1.8 MB
2026.06.24 22:20:00 INFO  Progress (1): 1.3/1.8 MB
2026.06.24 22:20:00 INFO  Progress (1): 1.4/1.8 MB
2026.06.24 22:20:00 INFO  Progress (1): 1.4/1.8 MB
2026.06.24 22:20:00 INFO  Progress (1): 1.4/1.8 MB
2026.06.24 22:20:00 INFO  Progress (1): 1.4/1.8 MB
2026.06.24 22:20:00 INFO  Progress (1): 1.4/1.8 MB
2026.06.24 22:20:00 INFO  Progress (1): 1.4/1.8 MB
2026.06.24 22:20:00 INFO  Progress (1): 1.5/1.8 MB
2026.06.24 22:20:00 INFO  Progress (1): 1.5/1.8 MB
2026.06.24 22:20:00 INFO  Progress (1): 1.5/1.8 MB
2026.06.24 22:20:00 INFO  Progress (1): 1.5/1.8 MB
2026.06.24 22:20:00 INFO  Progress (1): 1.5/1.8 MB
2026.06.24 22:20:00 INFO  Progress (1): 1.5/1.8 MB
2026.06.24 22:20:00 INFO  Progress (1): 1.6/1.8 MB
2026.06.24 22:20:00 INFO  Progress (1): 1.6/1.8 MB
2026.06.24 22:20:00 INFO  Progress (1): 1.6/1.8 MB
2026.06.24 22:20:00 INFO  Progress (1): 1.6/1.8 MB
2026.06.24 22:20:00 INFO  Progress (1): 1.6/1.8 MB
2026.06.24 22:20:00 INFO  Progress (1): 1.6/1.8 MB
2026.06.24 22:20:00 INFO  Progress (1): 1.7/1.8 MB
2026.06.24 22:20:00 INFO  Progress (1): 1.7/1.8 MB
2026.06.24 22:20:00 INFO  Progress (1): 1.7/1.8 MB
2026.06.24 22:20:00 INFO  Progress (1): 1.7/1.8 MB
2026.06.24 22:20:00 INFO  Progress (1): 1.7/1.8 MB
2026.06.24 22:20:00 INFO  Progress (1): 1.7/1.8 MB
2026.06.24 22:20:00 INFO  Progress (1): 1.8/1.8 MB
2026.06.24 22:20:00 INFO  Progress (1): 1.8 MB    
2026.06.24 22:20:00 INFO                      
2026.06.24 22:20:00 INFO  Downloaded from central: https://repo.maven.apache.org/maven2/org/aspectj/aspectjweaver/1.9.25.1/aspectjweaver-1.9.25.1-sources.jar (1.8 MB at 35 MB/s)
2026.06.24 22:20:00 INFO  [INFO] SUCCESS: org.aspectj:aspectjweaver:jar:1.9.25.1:compile (sources = true)
2026.06.24 22:20:00 INFO  [INFO] Resolving artifact: io.micrometer:micrometer-commons:jar:1.15.12:compile (sources = false)
2026.06.24 22:20:00 INFO  [INFO] SUCCESS: io.micrometer:micrometer-commons:jar:1.15.12:compile (sources = false)
2026.06.24 22:20:00 INFO  [INFO] Resolving artifact: io.micrometer:micrometer-commons:jar:1.15.12:compile (sources = true)
2026.06.24 22:20:00 INFO  Downloading from central: https://repo.maven.apache.org/maven2/io/micrometer/micrometer-commons/1.15.12/micrometer-commons-1.15.12-sources.jar
2026.06.24 22:20:00 INFO  Progress (1): 7.7/47 kB
2026.06.24 22:20:00 INFO  Progress (1): 16/47 kB 
2026.06.24 22:20:00 INFO  Progress (1): 29/47 kB
2026.06.24 22:20:00 INFO  Progress (1): 45/47 kB
2026.06.24 22:20:00 INFO  Progress (1): 47 kB   
2026.06.24 22:20:00 INFO                     
2026.06.24 22:20:00 INFO  Downloaded from central: https://repo.maven.apache.org/maven2/io/micrometer/micrometer-commons/1.15.12/micrometer-commons-1.15.12-sources.jar (47 kB at 1.5 MB/s)
2026.06.24 22:20:00 INFO  [INFO] SUCCESS: io.micrometer:micrometer-commons:jar:1.15.12:compile (sources = true)
2026.06.24 22:20:00 INFO  [INFO] Resolving artifact: org.springframework:spring-web:jar:6.2.19:compile (sources = false)
2026.06.24 22:20:00 INFO  [INFO] SUCCESS: org.springframework:spring-web:jar:6.2.19:compile (sources = false)
2026.06.24 22:20:00 INFO  [INFO] Resolving artifact: org.springframework:spring-web:jar:6.2.19:compile (sources = true)
2026.06.24 22:20:00 INFO  Downloading from central: https://repo.maven.apache.org/maven2/org/springframework/spring-web/6.2.19/spring-web-6.2.19-sources.jar
2026.06.24 22:20:00 INFO  Progress (1): 0/1.4 MB
2026.06.24 22:20:00 INFO  Progress (1): 0/1.4 MB
2026.06.24 22:20:00 INFO  Progress (1): 0/1.4 MB
2026.06.24 22:20:00 INFO  Progress (1): 0/1.4 MB
2026.06.24 22:20:00 INFO  Progress (1): 0.1/1.4 MB
2026.06.24 22:20:00 INFO  Progress (1): 0.1/1.4 MB
2026.06.24 22:20:00 INFO  Progress (1): 0.1/1.4 MB
2026.06.24 22:20:01 INFO  Progress (1): 0.1/1.4 MB
2026.06.24 22:20:01 INFO  Progress (1): 0.1/1.4 MB
2026.06.24 22:20:01 INFO  Progress (1): 0.1/1.4 MB
2026.06.24 22:20:01 INFO  Progress (1): 0.2/1.4 MB
2026.06.24 22:20:01 INFO  Progress (1): 0.2/1.4 MB
2026.06.24 22:20:01 INFO  Progress (1): 0.2/1.4 MB
2026.06.24 22:20:01 INFO  Progress (1): 0.2/1.4 MB
2026.06.24 22:20:01 INFO  Progress (1): 0.2/1.4 MB
2026.06.24 22:20:01 INFO  Progress (1): 0.2/1.4 MB
2026.06.24 22:20:01 INFO  Progress (1): 0.2/1.4 MB
2026.06.24 22:20:01 INFO  Progress (1): 0.3/1.4 MB
2026.06.24 22:20:01 INFO  Progress (1): 0.3/1.4 MB
2026.06.24 22:20:01 INFO  Progress (1): 0.3/1.4 MB
2026.06.24 22:20:01 INFO  Progress (1): 0.3/1.4 MB
2026.06.24 22:20:01 INFO  Progress (1): 0.3/1.4 MB
2026.06.24 22:20:01 INFO  Progress (1): 0.3/1.4 MB
2026.06.24 22:20:01 INFO  Progress (1): 0.4/1.4 MB
2026.06.24 22:20:01 INFO  Progress (1): 0.4/1.4 MB
2026.06.24 22:20:01 INFO  Progress (1): 0.4/1.4 MB
2026.06.24 22:20:01 INFO  Progress (1): 0.4/1.4 MB
2026.06.24 22:20:01 INFO  Progress (1): 0.4/1.4 MB
2026.06.24 22:20:01 INFO  Progress (1): 0.4/1.4 MB
2026.06.24 22:20:01 INFO  Progress (1): 0.5/1.4 MB
2026.06.24 22:20:01 INFO  Progress (1): 0.5/1.4 MB
2026.06.24 22:20:01 INFO  Progress (1): 0.5/1.4 MB
2026.06.24 22:20:01 INFO  Progress (1): 0.5/1.4 MB
2026.06.24 22:20:01 INFO  Progress (1): 0.5/1.4 MB
2026.06.24 22:20:01 INFO  Progress (1): 0.5/1.4 MB
2026.06.24 22:20:01 INFO  Progress (1): 0.6/1.4 MB
2026.06.24 22:20:01 INFO  Progress (1): 0.6/1.4 MB
2026.06.24 22:20:01 INFO  Progress (1): 0.6/1.4 MB
2026.06.24 22:20:01 INFO  Progress (1): 0.6/1.4 MB
2026.06.24 22:20:01 INFO  Progress (1): 0.6/1.4 MB
2026.06.24 22:20:01 INFO  Progress (1): 0.6/1.4 MB
2026.06.24 22:20:01 INFO  Progress (1): 0.6/1.4 MB
2026.06.24 22:20:01 INFO  Progress (1): 0.7/1.4 MB
2026.06.24 22:20:01 INFO  Progress (1): 0.7/1.4 MB
2026.06.24 22:20:01 INFO  Progress (1): 0.7/1.4 MB
2026.06.24 22:20:01 INFO  Progress (1): 0.7/1.4 MB
2026.06.24 22:20:01 INFO  Progress (1): 0.7/1.4 MB
2026.06.24 22:20:01 INFO  Progress (1): 0.7/1.4 MB
2026.06.24 22:20:01 INFO  Progress (1): 0.8/1.4 MB
2026.06.24 22:20:01 INFO  Progress (1): 0.8/1.4 MB
2026.06.24 22:20:01 INFO  Progress (1): 0.8/1.4 MB
2026.06.24 22:20:01 INFO  Progress (1): 0.8/1.4 MB
2026.06.24 22:20:01 INFO  Progress (1): 0.8/1.4 MB
2026.06.24 22:20:01 INFO  Progress (1): 0.8/1.4 MB
2026.06.24 22:20:01 INFO  Progress (1): 0.9/1.4 MB
2026.06.24 22:20:01 INFO  Progress (1): 0.9/1.4 MB
2026.06.24 22:20:01 INFO  Progress (1): 0.9/1.4 MB
2026.06.24 22:20:01 INFO  Progress (1): 0.9/1.4 MB
2026.06.24 22:20:01 INFO  Progress (1): 0.9/1.4 MB
2026.06.24 22:20:01 INFO  Progress (1): 0.9/1.4 MB
2026.06.24 22:20:01 INFO  Progress (1): 1.0/1.4 MB
2026.06.24 22:20:01 INFO  Progress (1): 1.0/1.4 MB
2026.06.24 22:20:01 INFO  Progress (1): 1.0/1.4 MB
2026.06.24 22:20:01 INFO  Progress (1): 1.0/1.4 MB
2026.06.24 22:20:01 INFO  Progress (1): 1.0/1.4 MB
2026.06.24 22:20:01 INFO  Progress (1): 1.0/1.4 MB
2026.06.24 22:20:01 INFO  Progress (1): 1.1/1.4 MB
2026.06.24 22:20:01 INFO  Progress (1): 1.1/1.4 MB
2026.06.24 22:20:01 INFO  Progress (1): 1.1/1.4 MB
2026.06.24 22:20:01 INFO  Progress (1): 1.1/1.4 MB
2026.06.24 22:20:01 INFO  Progress (1): 1.1/1.4 MB
2026.06.24 22:20:01 INFO  Progress (1): 1.1/1.4 MB
2026.06.24 22:20:01 INFO  Progress (1): 1.2/1.4 MB
2026.06.24 22:20:01 INFO  Progress (1): 1.2/1.4 MB
2026.06.24 22:20:01 INFO  Progress (1): 1.2/1.4 MB
2026.06.24 22:20:01 INFO  Progress (1): 1.2/1.4 MB
2026.06.24 22:20:01 INFO  Progress (1): 1.2/1.4 MB
2026.06.24 22:20:01 INFO  Progress (1): 1.2/1.4 MB
2026.06.24 22:20:01 INFO  Progress (1): 1.2/1.4 MB
2026.06.24 22:20:01 INFO  Progress (1): 1.3/1.4 MB
2026.06.24 22:20:01 INFO  Progress (1): 1.3/1.4 MB
2026.06.24 22:20:01 INFO  Progress (1): 1.3/1.4 MB
2026.06.24 22:20:01 INFO  Progress (1): 1.3/1.4 MB
2026.06.24 22:20:01 INFO  Progress (1): 1.3/1.4 MB
2026.06.24 22:20:01 INFO  Progress (1): 1.3/1.4 MB
2026.06.24 22:20:01 INFO  Progress (1): 1.4/1.4 MB
2026.06.24 22:20:01 INFO  Progress (1): 1.4/1.4 MB
2026.06.24 22:20:01 INFO  Progress (1): 1.4/1.4 MB
2026.06.24 22:20:01 INFO  Progress (1): 1.4/1.4 MB
2026.06.24 22:20:01 INFO  Progress (1): 1.4 MB    
2026.06.24 22:20:01 INFO                      
2026.06.24 22:20:01 INFO  Downloaded from central: https://repo.maven.apache.org/maven2/org/springframework/spring-web/6.2.19/spring-web-6.2.19-sources.jar (1.4 MB at 32 MB/s)
2026.06.24 22:20:01 INFO  [INFO] SUCCESS: org.springframework:spring-web:jar:6.2.19:compile (sources = true)
2026.06.24 22:20:01 INFO  [INFO] Resolving artifact: org.apache.tomcat.embed:tomcat-embed-websocket:jar:10.1.55:compile (sources = false)
2026.06.24 22:20:01 INFO  [INFO] SUCCESS: org.apache.tomcat.embed:tomcat-embed-websocket:jar:10.1.55:compile (sources = false)
2026.06.24 22:20:01 INFO  [INFO] Resolving artifact: org.apache.tomcat.embed:tomcat-embed-websocket:jar:10.1.55:compile (sources = true)
2026.06.24 22:20:01 INFO  Downloading from central: https://repo.maven.apache.org/maven2/org/apache/tomcat/embed/tomcat-embed-websocket/10.1.55/tomcat-embed-websocket-10.1.55-sources.jar
2026.06.24 22:20:01 INFO  Progress (1): 7.7/250 kB
2026.06.24 22:20:01 INFO  Progress (1): 16/250 kB 
2026.06.24 22:20:01 INFO  Progress (1): 25/250 kB
2026.06.24 22:20:01 INFO  Progress (1): 41/250 kB
2026.06.24 22:20:01 INFO  Progress (1): 57/250 kB
2026.06.24 22:20:01 INFO  Progress (1): 74/250 kB
2026.06.24 22:20:01 INFO  Progress (1): 90/250 kB
2026.06.24 22:20:01 INFO  Progress (1): 106/250 kB
2026.06.24 22:20:01 INFO  Progress (1): 123/250 kB
2026.06.24 22:20:01 INFO  Progress (1): 139/250 kB
2026.06.24 22:20:01 INFO  Progress (1): 156/250 kB
2026.06.24 22:20:01 INFO  Progress (1): 172/250 kB
2026.06.24 22:20:01 INFO  Progress (1): 188/250 kB
2026.06.24 22:20:01 INFO  Progress (1): 205/250 kB
2026.06.24 22:20:01 INFO  Progress (1): 221/250 kB
2026.06.24 22:20:01 INFO  Progress (1): 238/250 kB
2026.06.24 22:20:01 INFO  Progress (1): 250 kB    
2026.06.24 22:20:01 INFO                      
2026.06.24 22:20:01 INFO  Downloaded from central: https://repo.maven.apache.org/maven2/org/apache/tomcat/embed/tomcat-embed-websocket/10.1.55/tomcat-embed-websocket-10.1.55-sources.jar (250 kB at 8.6 MB/s)
2026.06.24 22:20:01 INFO  [INFO] SUCCESS: org.apache.tomcat.embed:tomcat-embed-websocket:jar:10.1.55:compile (sources = true)
2026.06.24 22:20:01 INFO  [INFO] Resolving artifact: org.junit.platform:junit-platform-commons:jar:1.12.2:test (sources = false)
2026.06.24 22:20:01 INFO  [INFO] SUCCESS: org.junit.platform:junit-platform-commons:jar:1.12.2:test (sources = false)
2026.06.24 22:20:01 INFO  [INFO] Resolving artifact: org.junit.platform:junit-platform-commons:jar:1.12.2:test (sources = true)
2026.06.24 22:20:01 INFO  Downloading from central: https://repo.maven.apache.org/maven2/org/junit/platform/junit-platform-commons/1.12.2/junit-platform-commons-1.12.2-sources.jar
2026.06.24 22:20:01 INFO  Progress (1): 7.7/103 kB
2026.06.24 22:20:01 INFO  Progress (1): 16/103 kB 
2026.06.24 22:20:01 INFO  Progress (1): 32/103 kB
2026.06.24 22:20:01 INFO  Progress (1): 49/103 kB
2026.06.24 22:20:01 INFO  Progress (1): 57/103 kB
2026.06.24 22:20:01 INFO  Progress (1): 74/103 kB
2026.06.24 22:20:01 INFO  Progress (1): 90/103 kB
2026.06.24 22:20:01 INFO  Progress (1): 103 kB   
2026.06.24 22:20:01 INFO                      
2026.06.24 22:20:01 INFO  Downloaded from central: https://repo.maven.apache.org/maven2/org/junit/platform/junit-platform-commons/1.12.2/junit-platform-commons-1.12.2-sources.jar (103 kB at 4.0 MB/s)
2026.06.24 22:20:01 INFO  [INFO] SUCCESS: org.junit.platform:junit-platform-commons:jar:1.12.2:test (sources = true)
2026.06.24 22:20:01 INFO  [INFO] Resolving artifact: net.bytebuddy:byte-buddy:jar:1.17.8:runtime (sources = false)
2026.06.24 22:20:01 INFO  [INFO] SUCCESS: net.bytebuddy:byte-buddy:jar:1.17.8:runtime (sources = false)
2026.06.24 22:20:01 INFO  [INFO] Resolving artifact: net.bytebuddy:byte-buddy:jar:1.17.8:runtime (sources = true)
2026.06.24 22:20:01 INFO  Downloading from central: https://repo.maven.apache.org/maven2/net/bytebuddy/byte-buddy/1.17.8/byte-buddy-1.17.8-sources.jar
2026.06.24 22:20:01 INFO  Progress (1): 0/2.7 MB
2026.06.24 22:20:01 INFO  Progress (1): 0/2.7 MB
2026.06.24 22:20:01 INFO  Progress (1): 0/2.7 MB
2026.06.24 22:20:01 INFO  Progress (1): 0/2.7 MB
2026.06.24 22:20:01 INFO  Progress (1): 0.1/2.7 MB
2026.06.24 22:20:01 INFO  Progress (1): 0.1/2.7 MB
2026.06.24 22:20:01 INFO  Progress (1): 0.1/2.7 MB
2026.06.24 22:20:01 INFO  Progress (1): 0.1/2.7 MB
2026.06.24 22:20:01 INFO  Progress (1): 0.1/2.7 MB
2026.06.24 22:20:01 INFO  Progress (1): 0.1/2.7 MB
2026.06.24 22:20:01 INFO  Progress (1): 0.2/2.7 MB
2026.06.24 22:20:01 INFO  Progress (1): 0.2/2.7 MB
2026.06.24 22:20:01 INFO  Progress (1): 0.2/2.7 MB
2026.06.24 22:20:01 INFO  Progress (1): 0.2/2.7 MB
2026.06.24 22:20:01 INFO  Progress (1): 0.2/2.7 MB
2026.06.24 22:20:01 INFO  Progress (1): 0.2/2.7 MB
2026.06.24 22:20:01 INFO  Progress (1): 0.3/2.7 MB
2026.06.24 22:20:01 INFO  Progress (1): 0.3/2.7 MB
2026.06.24 22:20:01 INFO  Progress (1): 0.3/2.7 MB
2026.06.24 22:20:01 INFO  Progress (1): 0.3/2.7 MB
2026.06.24 22:20:01 INFO  Progress (1): 0.3/2.7 MB
2026.06.24 22:20:01 INFO  Progress (1): 0.3/2.7 MB
2026.06.24 22:20:01 INFO  Progress (1): 0.3/2.7 MB
2026.06.24 22:20:01 INFO  Progress (1): 0.4/2.7 MB
2026.06.24 22:20:01 INFO  Progress (1): 0.4/2.7 MB
2026.06.24 22:20:01 INFO  Progress (1): 0.4/2.7 MB
2026.06.24 22:20:01 INFO  Progress (1): 0.4/2.7 MB
2026.06.24 22:20:01 INFO  Progress (1): 0.4/2.7 MB
2026.06.24 22:20:01 INFO  Progress (1): 0.4/2.7 MB
2026.06.24 22:20:01 INFO  Progress (1): 0.5/2.7 MB
2026.06.24 22:20:01 INFO  Progress (1): 0.5/2.7 MB
2026.06.24 22:20:01 INFO  Progress (1): 0.5/2.7 MB
2026.06.24 22:20:01 INFO  Progress (1): 0.5/2.7 MB
2026.06.24 22:20:01 INFO  Progress (1): 0.5/2.7 MB
2026.06.24 22:20:01 INFO  Progress (1): 0.5/2.7 MB
2026.06.24 22:20:01 INFO  Progress (1): 0.6/2.7 MB
2026.06.24 22:20:01 INFO  Progress (1): 0.6/2.7 MB
2026.06.24 22:20:01 INFO  Progress (1): 0.6/2.7 MB
2026.06.24 22:20:01 INFO  Progress (1): 0.6/2.7 MB
2026.06.24 22:20:01 INFO  Progress (1): 0.6/2.7 MB
2026.06.24 22:20:01 INFO  Progress (1): 0.6/2.7 MB
2026.06.24 22:20:01 INFO  Progress (1): 0.7/2.7 MB
2026.06.24 22:20:01 INFO  Progress (1): 0.7/2.7 MB
2026.06.24 22:20:01 INFO  Progress (1): 0.7/2.7 MB
2026.06.24 22:20:01 INFO  Progress (1): 0.7/2.7 MB
2026.06.24 22:20:01 INFO  Progress (1): 0.7/2.7 MB
2026.06.24 22:20:01 INFO  Progress (1): 0.7/2.7 MB
2026.06.24 22:20:01 INFO  Progress (1): 0.8/2.7 MB
2026.06.24 22:20:01 INFO  Progress (1): 0.8/2.7 MB
2026.06.24 22:20:01 INFO  Progress (1): 0.8/2.7 MB
2026.06.24 22:20:01 INFO  Progress (1): 0.8/2.7 MB
2026.06.24 22:20:01 INFO  Progress (1): 0.8/2.7 MB
2026.06.24 22:20:01 INFO  Progress (1): 0.8/2.7 MB
2026.06.24 22:20:01 INFO  Progress (1): 0.9/2.7 MB
2026.06.24 22:20:01 INFO  Progress (1): 0.9/2.7 MB
2026.06.24 22:20:01 INFO  Progress (1): 0.9/2.7 MB
2026.06.24 22:20:01 INFO  Progress (1): 0.9/2.7 MB
2026.06.24 22:20:01 INFO  Progress (1): 0.9/2.7 MB
2026.06.24 22:20:01 INFO  Progress (1): 0.9/2.7 MB
2026.06.24 22:20:01 INFO  Progress (1): 1.0/2.7 MB
2026.06.24 22:20:01 INFO  Progress (1): 1.0/2.7 MB
2026.06.24 22:20:01 INFO  Progress (1): 1.0/2.7 MB
2026.06.24 22:20:01 INFO  Progress (1): 1.0/2.7 MB
2026.06.24 22:20:01 INFO  Progress (1): 1.0/2.7 MB
2026.06.24 22:20:01 INFO  Progress (1): 1.0/2.7 MB
2026.06.24 22:20:01 INFO  Progress (1): 1.0/2.7 MB
2026.06.24 22:20:01 INFO  Progress (1): 1.1/2.7 MB
2026.06.24 22:20:01 INFO  Progress (1): 1.1/2.7 MB
2026.06.24 22:20:01 INFO  Progress (1): 1.1/2.7 MB
2026.06.24 22:20:01 INFO  Progress (1): 1.1/2.7 MB
2026.06.24 22:20:01 INFO  Progress (1): 1.1/2.7 MB
2026.06.24 22:20:01 INFO  Progress (1): 1.1/2.7 MB
2026.06.24 22:20:01 INFO  Progress (1): 1.2/2.7 MB
2026.06.24 22:20:01 INFO  Progress (1): 1.2/2.7 MB
2026.06.24 22:20:01 INFO  Progress (1): 1.2/2.7 MB
2026.06.24 22:20:01 INFO  Progress (1): 1.2/2.7 MB
2026.06.24 22:20:01 INFO  Progress (1): 1.2/2.7 MB
2026.06.24 22:20:01 INFO  Progress (1): 1.2/2.7 MB
2026.06.24 22:20:01 INFO  Progress (1): 1.3/2.7 MB
2026.06.24 22:20:01 INFO  Progress (1): 1.3/2.7 MB
2026.06.24 22:20:01 INFO  Progress (1): 1.3/2.7 MB
2026.06.24 22:20:01 INFO  Progress (1): 1.3/2.7 MB
2026.06.24 22:20:01 INFO  Progress (1): 1.3/2.7 MB
2026.06.24 22:20:01 INFO  Progress (1): 1.3/2.7 MB
2026.06.24 22:20:01 INFO  Progress (1): 1.4/2.7 MB
2026.06.24 22:20:01 INFO  Progress (1): 1.4/2.7 MB
2026.06.24 22:20:01 INFO  Progress (1): 1.4/2.7 MB
2026.06.24 22:20:01 INFO  Progress (1): 1.4/2.7 MB
2026.06.24 22:20:01 INFO  Progress (1): 1.4/2.7 MB
2026.06.24 22:20:01 INFO  Progress (1): 1.4/2.7 MB
2026.06.24 22:20:01 INFO  Progress (1): 1.5/2.7 MB
2026.06.24 22:20:01 INFO  Progress (1): 1.5/2.7 MB
2026.06.24 22:20:01 INFO  Progress (1): 1.5/2.7 MB
2026.06.24 22:20:01 INFO  Progress (1): 1.5/2.7 MB
2026.06.24 22:20:01 INFO  Progress (1): 1.5/2.7 MB
2026.06.24 22:20:01 INFO  Progress (1): 1.5/2.7 MB
2026.06.24 22:20:01 INFO  Progress (1): 1.6/2.7 MB
2026.06.24 22:20:01 INFO  Progress (1): 1.6/2.7 MB
2026.06.24 22:20:01 INFO  Progress (1): 1.6/2.7 MB
2026.06.24 22:20:01 INFO  Progress (1): 1.6/2.7 MB
2026.06.24 22:20:01 INFO  Progress (1): 1.6/2.7 MB
2026.06.24 22:20:01 INFO  Progress (1): 1.6/2.7 MB
2026.06.24 22:20:01 INFO  Progress (1): 1.6/2.7 MB
2026.06.24 22:20:01 INFO  Progress (1): 1.7/2.7 MB
2026.06.24 22:20:01 INFO  Progress (1): 1.7/2.7 MB
2026.06.24 22:20:01 INFO  Progress (1): 1.7/2.7 MB
2026.06.24 22:20:01 INFO  Progress (1): 1.7/2.7 MB
2026.06.24 22:20:01 INFO  Progress (1): 1.7/2.7 MB
2026.06.24 22:20:01 INFO  Progress (1): 1.7/2.7 MB
2026.06.24 22:20:01 INFO  Progress (1): 1.8/2.7 MB
2026.06.24 22:20:01 INFO  Progress (1): 1.8/2.7 MB
2026.06.24 22:20:01 INFO  Progress (1): 1.8/2.7 MB
2026.06.24 22:20:01 INFO  Progress (1): 1.8/2.7 MB
2026.06.24 22:20:01 INFO  Progress (1): 1.8/2.7 MB
2026.06.24 22:20:01 INFO  Progress (1): 1.8/2.7 MB
2026.06.24 22:20:01 INFO  Progress (1): 1.9/2.7 MB
2026.06.24 22:20:01 INFO  Progress (1): 1.9/2.7 MB
2026.06.24 22:20:01 INFO  Progress (1): 1.9/2.7 MB
2026.06.24 22:20:01 INFO  Progress (1): 1.9/2.7 MB
2026.06.24 22:20:01 INFO  Progress (1): 1.9/2.7 MB
2026.06.24 22:20:01 INFO  Progress (1): 1.9/2.7 MB
2026.06.24 22:20:01 INFO  Progress (1): 2.0/2.7 MB
2026.06.24 22:20:01 INFO  Progress (1): 2.0/2.7 MB
2026.06.24 22:20:01 INFO  Progress (1): 2.0/2.7 MB
2026.06.24 22:20:01 INFO  Progress (1): 2.0/2.7 MB
2026.06.24 22:20:01 INFO  Progress (1): 2.0/2.7 MB
2026.06.24 22:20:01 INFO  Progress (1): 2.0/2.7 MB
2026.06.24 22:20:01 INFO  Progress (1): 2.1/2.7 MB
2026.06.24 22:20:01 INFO  Progress (1): 2.1/2.7 MB
2026.06.24 22:20:01 INFO  Progress (1): 2.1/2.7 MB
2026.06.24 22:20:01 INFO  Progress (1): 2.1/2.7 MB
2026.06.24 22:20:01 INFO  Progress (1): 2.1/2.7 MB
2026.06.24 22:20:01 INFO  Progress (1): 2.1/2.7 MB
2026.06.24 22:20:01 INFO  Progress (1): 2.2/2.7 MB
2026.06.24 22:20:01 INFO  Progress (1): 2.2/2.7 MB
2026.06.24 22:20:01 INFO  Progress (1): 2.2/2.7 MB
2026.06.24 22:20:01 INFO  Progress (1): 2.2/2.7 MB
2026.06.24 22:20:01 INFO  Progress (1): 2.2/2.7 MB
2026.06.24 22:20:01 INFO  Progress (1): 2.2/2.7 MB
2026.06.24 22:20:01 INFO  Progress (1): 2.3/2.7 MB
2026.06.24 22:20:01 INFO  Progress (1): 2.3/2.7 MB
2026.06.24 22:20:01 INFO  Progress (1): 2.3/2.7 MB
2026.06.24 22:20:01 INFO  Progress (1): 2.3/2.7 MB
2026.06.24 22:20:01 INFO  Progress (1): 2.3/2.7 MB
2026.06.24 22:20:01 INFO  Progress (1): 2.3/2.7 MB
2026.06.24 22:20:01 INFO  Progress (1): 2.4/2.7 MB
2026.06.24 22:20:01 INFO  Progress (1): 2.4/2.7 MB
2026.06.24 22:20:01 INFO  Progress (1): 2.4/2.7 MB
2026.06.24 22:20:01 INFO  Progress (1): 2.4/2.7 MB
2026.06.24 22:20:01 INFO  Progress (1): 2.4/2.7 MB
2026.06.24 22:20:01 INFO  Progress (1): 2.4/2.7 MB
2026.06.24 22:20:01 INFO  Progress (1): 2.5/2.7 MB
2026.06.24 22:20:01 INFO  Progress (1): 2.5/2.7 MB
2026.06.24 22:20:01 INFO  Progress (1): 2.5/2.7 MB
2026.06.24 22:20:01 INFO  Progress (1): 2.5/2.7 MB
2026.06.24 22:20:01 INFO  Progress (1): 2.5/2.7 MB
2026.06.24 22:20:01 INFO  Progress (1): 2.5/2.7 MB
2026.06.24 22:20:01 INFO  Progress (1): 2.5/2.7 MB
2026.06.24 22:20:01 INFO  Progress (1): 2.6/2.7 MB
2026.06.24 22:20:01 INFO  Progress (1): 2.6/2.7 MB
2026.06.24 22:20:01 INFO  Progress (1): 2.6/2.7 MB
2026.06.24 22:20:01 INFO  Progress (1): 2.6/2.7 MB
2026.06.24 22:20:01 INFO  Progress (1): 2.6/2.7 MB
2026.06.24 22:20:01 INFO  Progress (1): 2.6/2.7 MB
2026.06.24 22:20:01 INFO  Progress (1): 2.7/2.7 MB
2026.06.24 22:20:01 INFO  Progress (1): 2.7/2.7 MB
2026.06.24 22:20:01 INFO  Progress (1): 2.7/2.7 MB
2026.06.24 22:20:01 INFO  Progress (1): 2.7 MB    
2026.06.24 22:20:01 INFO                      
2026.06.24 22:20:01 INFO  Downloaded from central: https://repo.maven.apache.org/maven2/net/bytebuddy/byte-buddy/1.17.8/byte-buddy-1.17.8-sources.jar (2.7 MB at 46 MB/s)
2026.06.24 22:20:01 INFO  [INFO] SUCCESS: net.bytebuddy:byte-buddy:jar:1.17.8:runtime (sources = true)
2026.06.24 22:20:01 INFO  [INFO] Resolving artifact: org.springframework:spring-webmvc:jar:6.2.19:compile (sources = false)
2026.06.24 22:20:01 INFO  [INFO] SUCCESS: org.springframework:spring-webmvc:jar:6.2.19:compile (sources = false)
2026.06.24 22:20:01 INFO  [INFO] Resolving artifact: org.springframework:spring-webmvc:jar:6.2.19:compile (sources = true)
2026.06.24 22:20:01 INFO  Downloading from central: https://repo.maven.apache.org/maven2/org/springframework/spring-webmvc/6.2.19/spring-webmvc-6.2.19-sources.jar
2026.06.24 22:20:01 INFO  Progress (1): 8.2/856 kB
2026.06.24 22:20:01 INFO  Progress (1): 25/856 kB 
2026.06.24 22:20:01 INFO  Progress (1): 41/856 kB
2026.06.24 22:20:01 INFO  Progress (1): 57/856 kB
2026.06.24 22:20:01 INFO  Progress (1): 74/856 kB
2026.06.24 22:20:01 INFO  Progress (1): 90/856 kB
2026.06.24 22:20:01 INFO  Progress (1): 106/856 kB
2026.06.24 22:20:01 INFO  Progress (1): 123/856 kB
2026.06.24 22:20:01 INFO  Progress (1): 131/856 kB
2026.06.24 22:20:01 INFO  Progress (1): 147/856 kB
2026.06.24 22:20:01 INFO  Progress (1): 164/856 kB
2026.06.24 22:20:01 INFO  Progress (1): 180/856 kB
2026.06.24 22:20:01 INFO  Progress (1): 197/856 kB
2026.06.24 22:20:01 INFO  Progress (1): 213/856 kB
2026.06.24 22:20:01 INFO  Progress (1): 229/856 kB
2026.06.24 22:20:01 INFO  Progress (1): 246/856 kB
2026.06.24 22:20:01 INFO  Progress (1): 262/856 kB
2026.06.24 22:20:01 INFO  Progress (1): 279/856 kB
2026.06.24 22:20:01 INFO  Progress (1): 295/856 kB
2026.06.24 22:20:01 INFO  Progress (1): 311/856 kB
2026.06.24 22:20:01 INFO  Progress (1): 328/856 kB
2026.06.24 22:20:01 INFO  Progress (1): 344/856 kB
2026.06.24 22:20:01 INFO  Progress (1): 360/856 kB
2026.06.24 22:20:01 INFO  Progress (1): 377/856 kB
2026.06.24 22:20:01 INFO  Progress (1): 393/856 kB
2026.06.24 22:20:01 INFO  Progress (1): 410/856 kB
2026.06.24 22:20:01 INFO  Progress (1): 426/856 kB
2026.06.24 22:20:01 INFO  Progress (1): 442/856 kB
2026.06.24 22:20:01 INFO  Progress (1): 459/856 kB
2026.06.24 22:20:01 INFO  Progress (1): 475/856 kB
2026.06.24 22:20:01 INFO  Progress (1): 492/856 kB
2026.06.24 22:20:01 INFO  Progress (1): 508/856 kB
2026.06.24 22:20:01 INFO  Progress (1): 524/856 kB
2026.06.24 22:20:01 INFO  Progress (1): 541/856 kB
2026.06.24 22:20:01 INFO  Progress (1): 557/856 kB
2026.06.24 22:20:01 INFO  Progress (1): 573/856 kB
2026.06.24 22:20:01 INFO  Progress (1): 590/856 kB
2026.06.24 22:20:01 INFO  Progress (1): 606/856 kB
2026.06.24 22:20:01 INFO  Progress (1): 623/856 kB
2026.06.24 22:20:01 INFO  Progress (1): 639/856 kB
2026.06.24 22:20:01 INFO  Progress (1): 655/856 kB
2026.06.24 22:20:01 INFO  Progress (1): 672/856 kB
2026.06.24 22:20:01 INFO  Progress (1): 688/856 kB
2026.06.24 22:20:01 INFO  Progress (1): 705/856 kB
2026.06.24 22:20:01 INFO  Progress (1): 721/856 kB
2026.06.24 22:20:01 INFO  Progress (1): 737/856 kB
2026.06.24 22:20:01 INFO  Progress (1): 754/856 kB
2026.06.24 22:20:01 INFO  Progress (1): 770/856 kB
2026.06.24 22:20:01 INFO  Progress (1): 786/856 kB
2026.06.24 22:20:01 INFO  Progress (1): 803/856 kB
2026.06.24 22:20:01 INFO  Progress (1): 819/856 kB
2026.06.24 22:20:01 INFO  Progress (1): 827/856 kB
2026.06.24 22:20:01 INFO  Progress (1): 843/856 kB
2026.06.24 22:20:01 INFO  Progress (1): 856 kB    
2026.06.24 22:20:01 INFO                      
2026.06.24 22:20:01 INFO  Downloaded from central: https://repo.maven.apache.org/maven2/org/springframework/spring-webmvc/6.2.19/spring-webmvc-6.2.19-sources.jar (856 kB at 22 MB/s)
2026.06.24 22:20:01 INFO  [INFO] SUCCESS: org.springframework:spring-webmvc:jar:6.2.19:compile (sources = true)
2026.06.24 22:20:01 INFO  [INFO] Resolving artifact: org.springframework.boot:spring-boot-starter-json:jar:3.5.15:compile (sources = false)
2026.06.24 22:20:01 INFO  [INFO] SUCCESS: org.springframework.boot:spring-boot-starter-json:jar:3.5.15:compile (sources = false)
2026.06.24 22:20:01 INFO  [INFO] Resolving artifact: org.springframework.boot:spring-boot-starter-json:jar:3.5.15:compile (sources = true)
2026.06.24 22:20:01 INFO  Downloading from central: https://repo.maven.apache.org/maven2/org/springframework/boot/spring-boot-starter-json/3.5.15/spring-boot-starter-json-3.5.15-sources.jar
2026.06.24 22:20:01 INFO  Progress (1): 4.7 kB
2026.06.24 22:20:01 INFO                      
2026.06.24 22:20:01 INFO  Downloaded from central: https://repo.maven.apache.org/maven2/org/springframework/boot/spring-boot-starter-json/3.5.15/spring-boot-starter-json-3.5.15-sources.jar (4.7 kB at 198 kB/s)
2026.06.24 22:20:01 INFO  [INFO] SUCCESS: org.springframework.boot:spring-boot-starter-json:jar:3.5.15:compile (sources = true)
2026.06.24 22:20:01 INFO  [INFO] Resolving artifact: com.fasterxml.jackson.module:jackson-module-parameter-names:jar:2.21.4:compile (sources = false)
2026.06.24 22:20:01 INFO  [INFO] SUCCESS: com.fasterxml.jackson.module:jackson-module-parameter-names:jar:2.21.4:compile (sources = false)
2026.06.24 22:20:01 INFO  [INFO] Resolving artifact: com.fasterxml.jackson.module:jackson-module-parameter-names:jar:2.21.4:compile (sources = true)
2026.06.24 22:20:01 INFO  Downloading from central: https://repo.maven.apache.org/maven2/com/fasterxml/jackson/module/jackson-module-parameter-names/2.21.4/jackson-module-parameter-names-2.21.4-sources.jar
2026.06.24 22:20:01 INFO  Progress (1): 7.7/7.9 kB
2026.06.24 22:20:01 INFO  Progress (1): 7.7/7.9 kB
2026.06.24 22:20:01 INFO  Progress (1): 7.9 kB    
2026.06.24 22:20:01 INFO                      
2026.06.24 22:20:01 INFO  Downloaded from central: https://repo.maven.apache.org/maven2/com/fasterxml/jackson/module/jackson-module-parameter-names/2.21.4/jackson-module-parameter-names-2.21.4-sources.jar (7.9 kB at 316 kB/s)
2026.06.24 22:20:01 INFO  [INFO] SUCCESS: com.fasterxml.jackson.module:jackson-module-parameter-names:jar:2.21.4:compile (sources = true)
2026.06.24 22:20:01 INFO  [INFO] Resolving artifact: com.jayway.jsonpath:json-path:jar:2.9.0:test (sources = false)
2026.06.24 22:20:01 INFO  [INFO] SUCCESS: com.jayway.jsonpath:json-path:jar:2.9.0:test (sources = false)
2026.06.24 22:20:01 INFO  [INFO] Resolving artifact: com.jayway.jsonpath:json-path:jar:2.9.0:test (sources = true)
2026.06.24 22:20:01 INFO  Downloading from central: https://repo.maven.apache.org/maven2/com/jayway/jsonpath/json-path/2.9.0/json-path-2.9.0-sources.jar
2026.06.24 22:20:01 INFO  Progress (1): 7.7/135 kB
2026.06.24 22:20:01 INFO  Progress (1): 7.7/135 kB
2026.06.24 22:20:01 INFO  Progress (1): 24/135 kB 
2026.06.24 22:20:01 INFO  Progress (1): 40/135 kB
2026.06.24 22:20:01 INFO  Progress (1): 57/135 kB
2026.06.24 22:20:01 INFO  Progress (1): 73/135 kB
2026.06.24 22:20:01 INFO  Progress (1): 90/135 kB
2026.06.24 22:20:01 INFO  Progress (1): 106/135 kB
2026.06.24 22:20:01 INFO  Progress (1): 122/135 kB
2026.06.24 22:20:01 INFO  Progress (1): 135 kB    
2026.06.24 22:20:01 INFO                      
2026.06.24 22:20:01 INFO  Downloaded from central: https://repo.maven.apache.org/maven2/com/jayway/jsonpath/json-path/2.9.0/json-path-2.9.0-sources.jar (135 kB at 5.0 MB/s)
2026.06.24 22:20:01 INFO  [INFO] SUCCESS: com.jayway.jsonpath:json-path:jar:2.9.0:test (sources = true)
2026.06.24 22:20:01 INFO  [INFO] Resolving artifact: org.hibernate.common:hibernate-commons-annotations:jar:7.0.3.Final:runtime (sources = false)
2026.06.24 22:20:01 INFO  [INFO] SUCCESS: org.hibernate.common:hibernate-commons-annotations:jar:7.0.3.Final:runtime (sources = false)
2026.06.24 22:20:01 INFO  [INFO] Resolving artifact: org.hibernate.common:hibernate-commons-annotations:jar:7.0.3.Final:runtime (sources = true)
2026.06.24 22:20:01 INFO  Downloading from central: https://repo.maven.apache.org/maven2/org/hibernate/common/hibernate-commons-annotations/7.0.3.Final/hibernate-commons-annotations-7.0.3.Final-sources.jar
2026.06.24 22:20:01 INFO  Progress (1): 7.7/39 kB
2026.06.24 22:20:01 INFO  Progress (1): 16/39 kB 
2026.06.24 22:20:01 INFO  Progress (1): 25/39 kB
2026.06.24 22:20:01 INFO  Progress (1): 39 kB   
2026.06.24 22:20:01 INFO                     
2026.06.24 22:20:01 INFO  Downloaded from central: https://repo.maven.apache.org/maven2/org/hibernate/common/hibernate-commons-annotations/7.0.3.Final/hibernate-commons-annotations-7.0.3.Final-sources.jar (39 kB at 1.6 MB/s)
2026.06.24 22:20:01 INFO  [INFO] SUCCESS: org.hibernate.common:hibernate-commons-annotations:jar:7.0.3.Final:runtime (sources = true)
2026.06.24 22:20:01 INFO  [INFO] Resolving artifact: jakarta.activation:jakarta.activation-api:jar:2.1.4:runtime (sources = false)
2026.06.24 22:20:01 INFO  [INFO] SUCCESS: jakarta.activation:jakarta.activation-api:jar:2.1.4:runtime (sources = false)
2026.06.24 22:20:01 INFO  [INFO] Resolving artifact: jakarta.activation:jakarta.activation-api:jar:2.1.4:runtime (sources = true)
2026.06.24 22:20:01 INFO  Downloading from central: https://repo.maven.apache.org/maven2/jakarta/activation/jakarta.activation-api/2.1.4/jakarta.activation-api-2.1.4-sources.jar
2026.06.24 22:20:01 INFO  Progress (1): 7.7/60 kB
2026.06.24 22:20:01 INFO  Progress (1): 16/60 kB 
2026.06.24 22:20:01 INFO  Progress (1): 24/60 kB
2026.06.24 22:20:01 INFO  Progress (1): 40/60 kB
2026.06.24 22:20:01 INFO  Progress (1): 57/60 kB
2026.06.24 22:20:01 INFO  Progress (1): 60 kB   
2026.06.24 22:20:01 INFO                     
2026.06.24 22:20:01 INFO  Downloaded from central: https://repo.maven.apache.org/maven2/jakarta/activation/jakarta.activation-api/2.1.4/jakarta.activation-api-2.1.4-sources.jar (60 kB at 2.0 MB/s)
2026.06.24 22:20:01 INFO  [INFO] SUCCESS: jakarta.activation:jakarta.activation-api:jar:2.1.4:runtime (sources = true)
2026.06.24 22:20:01 INFO  [INFO] Resolving artifact: org.springframework:spring-expression:jar:6.2.19:compile (sources = false)
2026.06.24 22:20:01 INFO  [INFO] SUCCESS: org.springframework:spring-expression:jar:6.2.19:compile (sources = false)
2026.06.24 22:20:01 INFO  [INFO] Resolving artifact: org.springframework:spring-expression:jar:6.2.19:compile (sources = true)
2026.06.24 22:20:01 INFO  Downloading from central: https://repo.maven.apache.org/maven2/org/springframework/spring-expression/6.2.19/spring-expression-6.2.19-sources.jar
2026.06.24 22:20:01 INFO  Progress (1): 7.7/240 kB
2026.06.24 22:20:01 INFO  Progress (1): 16/240 kB 
2026.06.24 22:20:01 INFO  Progress (1): 32/240 kB
2026.06.24 22:20:01 INFO  Progress (1): 49/240 kB
2026.06.24 22:20:01 INFO  Progress (1): 61/240 kB
2026.06.24 22:20:01 INFO  Progress (1): 78/240 kB
2026.06.24 22:20:01 INFO  Progress (1): 94/240 kB
2026.06.24 22:20:01 INFO  Progress (1): 111/240 kB
2026.06.24 22:20:01 INFO  Progress (1): 127/240 kB
2026.06.24 22:20:01 INFO  Progress (1): 143/240 kB
2026.06.24 22:20:01 INFO  Progress (1): 160/240 kB
2026.06.24 22:20:01 INFO  Progress (1): 176/240 kB
2026.06.24 22:20:01 INFO  Progress (1): 193/240 kB
2026.06.24 22:20:01 INFO  Progress (1): 209/240 kB
2026.06.24 22:20:01 INFO  Progress (1): 225/240 kB
2026.06.24 22:20:01 INFO  Progress (1): 240 kB    
2026.06.24 22:20:01 INFO                      
2026.06.24 22:20:01 INFO  Downloaded from central: https://repo.maven.apache.org/maven2/org/springframework/spring-expression/6.2.19/spring-expression-6.2.19-sources.jar (240 kB at 9.2 MB/s)
2026.06.24 22:20:01 INFO  [INFO] SUCCESS: org.springframework:spring-expression:jar:6.2.19:compile (sources = true)
2026.06.24 22:20:01 INFO  [INFO] Resolving artifact: org.apiguardian:apiguardian-api:jar:1.1.2:test (sources = false)
2026.06.24 22:20:01 INFO  [INFO] SUCCESS: org.apiguardian:apiguardian-api:jar:1.1.2:test (sources = false)
2026.06.24 22:20:01 INFO  [INFO] Resolving artifact: org.apiguardian:apiguardian-api:jar:1.1.2:test (sources = true)
2026.06.24 22:20:01 INFO  Downloading from central: https://repo.maven.apache.org/maven2/org/apiguardian/apiguardian-api/1.1.2/apiguardian-api-1.1.2-sources.jar
2026.06.24 22:20:01 INFO  Progress (1): 6.6 kB
2026.06.24 22:20:01 INFO                      
2026.06.24 22:20:01 INFO  Downloaded from central: https://repo.maven.apache.org/maven2/org/apiguardian/apiguardian-api/1.1.2/apiguardian-api-1.1.2-sources.jar (6.6 kB at 255 kB/s)
2026.06.24 22:20:01 INFO  [INFO] SUCCESS: org.apiguardian:apiguardian-api:jar:1.1.2:test (sources = true)
2026.06.24 22:20:01 INFO  [INFO] Resolving artifact: org.postgresql:postgresql:jar:42.7.11:runtime (sources = false)
2026.06.24 22:20:01 INFO  [INFO] SUCCESS: org.postgresql:postgresql:jar:42.7.11:runtime (sources = false)
2026.06.24 22:20:01 INFO  [INFO] Resolving artifact: org.postgresql:postgresql:jar:42.7.11:runtime (sources = true)
2026.06.24 22:20:01 INFO  Downloading from central: https://repo.maven.apache.org/maven2/org/postgresql/postgresql/42.7.11/postgresql-42.7.11-sources.jar
2026.06.24 22:20:01 INFO  Progress (1): 7.7/933 kB
2026.06.24 22:20:01 INFO  Progress (1): 16/933 kB 
2026.06.24 22:20:01 INFO  Progress (1): 25/933 kB
2026.06.24 22:20:01 INFO  Progress (1): 41/933 kB
2026.06.24 22:20:01 INFO  Progress (1): 57/933 kB
2026.06.24 22:20:01 INFO  Progress (1): 74/933 kB
2026.06.24 22:20:01 INFO  Progress (1): 90/933 kB
2026.06.24 22:20:01 INFO  Progress (1): 106/933 kB
2026.06.24 22:20:01 INFO  Progress (1): 123/933 kB
2026.06.24 22:20:01 INFO  Progress (1): 131/933 kB
2026.06.24 22:20:01 INFO  Progress (1): 147/933 kB
2026.06.24 22:20:01 INFO  Progress (1): 164/933 kB
2026.06.24 22:20:01 INFO  Progress (1): 180/933 kB
2026.06.24 22:20:01 INFO  Progress (1): 197/933 kB
2026.06.24 22:20:01 INFO  Progress (1): 213/933 kB
2026.06.24 22:20:01 INFO  Progress (1): 229/933 kB
2026.06.24 22:20:01 INFO  Progress (1): 233/933 kB
2026.06.24 22:20:01 INFO  Progress (1): 250/933 kB
2026.06.24 22:20:01 INFO  Progress (1): 266/933 kB
2026.06.24 22:20:01 INFO  Progress (1): 282/933 kB
2026.06.24 22:20:01 INFO  Progress (1): 299/933 kB
2026.06.24 22:20:01 INFO  Progress (1): 315/933 kB
2026.06.24 22:20:01 INFO  Progress (1): 331/933 kB
2026.06.24 22:20:01 INFO  Progress (1): 348/933 kB
2026.06.24 22:20:01 INFO  Progress (1): 364/933 kB
2026.06.24 22:20:01 INFO  Progress (1): 381/933 kB
2026.06.24 22:20:01 INFO  Progress (1): 397/933 kB
2026.06.24 22:20:01 INFO  Progress (1): 413/933 kB
2026.06.24 22:20:01 INFO  Progress (1): 430/933 kB
2026.06.24 22:20:01 INFO  Progress (1): 446/933 kB
2026.06.24 22:20:01 INFO  Progress (1): 463/933 kB
2026.06.24 22:20:01 INFO  Progress (1): 479/933 kB
2026.06.24 22:20:01 INFO  Progress (1): 495/933 kB
2026.06.24 22:20:01 INFO  Progress (1): 512/933 kB
2026.06.24 22:20:01 INFO  Progress (1): 528/933 kB
2026.06.24 22:20:01 INFO  Progress (1): 544/933 kB
2026.06.24 22:20:01 INFO  Progress (1): 561/933 kB
2026.06.24 22:20:01 INFO  Progress (1): 577/933 kB
2026.06.24 22:20:01 INFO  Progress (1): 594/933 kB
2026.06.24 22:20:01 INFO  Progress (1): 610/933 kB
2026.06.24 22:20:01 INFO  Progress (1): 626/933 kB
2026.06.24 22:20:01 INFO  Progress (1): 643/933 kB
2026.06.24 22:20:01 INFO  Progress (1): 659/933 kB
2026.06.24 22:20:01 INFO  Progress (1): 676/933 kB
2026.06.24 22:20:01 INFO  Progress (1): 692/933 kB
2026.06.24 22:20:01 INFO  Progress (1): 708/933 kB
2026.06.24 22:20:01 INFO  Progress (1): 725/933 kB
2026.06.24 22:20:01 INFO  Progress (1): 741/933 kB
2026.06.24 22:20:01 INFO  Progress (1): 757/933 kB
2026.06.24 22:20:01 INFO  Progress (1): 774/933 kB
2026.06.24 22:20:01 INFO  Progress (1): 790/933 kB
2026.06.24 22:20:01 INFO  Progress (1): 807/933 kB
2026.06.24 22:20:01 INFO  Progress (1): 823/933 kB
2026.06.24 22:20:01 INFO  Progress (1): 839/933 kB
2026.06.24 22:20:01 INFO  Progress (1): 856/933 kB
2026.06.24 22:20:01 INFO  Progress (1): 872/933 kB
2026.06.24 22:20:01 INFO  Progress (1): 889/933 kB
2026.06.24 22:20:01 INFO  Progress (1): 905/933 kB
2026.06.24 22:20:01 INFO  Progress (1): 921/933 kB
2026.06.24 22:20:01 INFO  Progress (1): 933 kB    
2026.06.24 22:20:01 INFO                      
2026.06.24 22:20:01 INFO  Downloaded from central: https://repo.maven.apache.org/maven2/org/postgresql/postgresql/42.7.11/postgresql-42.7.11-sources.jar (933 kB at 22 MB/s)
2026.06.24 22:20:01 INFO  [INFO] SUCCESS: org.postgresql:postgresql:jar:42.7.11:runtime (sources = true)
2026.06.24 22:20:01 INFO  [INFO] Resolving artifact: com.fasterxml:classmate:jar:1.7.3:compile (sources = false)
2026.06.24 22:20:01 INFO  [INFO] SUCCESS: com.fasterxml:classmate:jar:1.7.3:compile (sources = false)
2026.06.24 22:20:01 INFO  [INFO] Resolving artifact: com.fasterxml:classmate:jar:1.7.3:compile (sources = true)
2026.06.24 22:20:01 INFO  Downloading from central: https://repo.maven.apache.org/maven2/com/fasterxml/classmate/1.7.3/classmate-1.7.3-sources.jar
2026.06.24 22:20:01 INFO  Progress (1): 7.7/54 kB
2026.06.24 22:20:01 INFO  Progress (1): 11/54 kB 
2026.06.24 22:20:01 INFO  Progress (1): 28/54 kB
2026.06.24 22:20:01 INFO  Progress (1): 44/54 kB
2026.06.24 22:20:01 INFO  Progress (1): 54 kB   
2026.06.24 22:20:01 INFO                     
2026.06.24 22:20:01 INFO  Downloaded from central: https://repo.maven.apache.org/maven2/com/fasterxml/classmate/1.7.3/classmate-1.7.3-sources.jar (54 kB at 2.2 MB/s)
2026.06.24 22:20:01 INFO  [INFO] SUCCESS: com.fasterxml:classmate:jar:1.7.3:compile (sources = true)
2026.06.24 22:20:01 INFO  [INFO] Resolving artifact: org.junit.platform:junit-platform-engine:jar:1.12.2:test (sources = false)
2026.06.24 22:20:01 INFO  [INFO] SUCCESS: org.junit.platform:junit-platform-engine:jar:1.12.2:test (sources = false)
2026.06.24 22:20:01 INFO  [INFO] Resolving artifact: org.junit.platform:junit-platform-engine:jar:1.12.2:test (sources = true)
2026.06.24 22:20:01 INFO  Downloading from central: https://repo.maven.apache.org/maven2/org/junit/platform/junit-platform-engine/1.12.2/junit-platform-engine-1.12.2-sources.jar
2026.06.24 22:20:01 INFO  Progress (1): 7.7/160 kB
2026.06.24 22:20:01 INFO  Progress (1): 16/160 kB 
2026.06.24 22:20:01 INFO  Progress (1): 24/160 kB
2026.06.24 22:20:01 INFO  Progress (1): 40/160 kB
2026.06.24 22:20:01 INFO  Progress (1): 57/160 kB
2026.06.24 22:20:01 INFO  Progress (1): 73/160 kB
2026.06.24 22:20:01 INFO  Progress (1): 90/160 kB
2026.06.24 22:20:01 INFO  Progress (1): 106/160 kB
2026.06.24 22:20:01 INFO  Progress (1): 122/160 kB
2026.06.24 22:20:01 INFO  Progress (1): 139/160 kB
2026.06.24 22:20:01 INFO  Progress (1): 155/160 kB
2026.06.24 22:20:01 INFO  Progress (1): 160 kB    
2026.06.24 22:20:01 INFO                      
2026.06.24 22:20:01 INFO  Downloaded from central: https://repo.maven.apache.org/maven2/org/junit/platform/junit-platform-engine/1.12.2/junit-platform-engine-1.12.2-sources.jar (160 kB at 7.6 MB/s)
2026.06.24 22:20:01 INFO  [INFO] SUCCESS: org.junit.platform:junit-platform-engine:jar:1.12.2:test (sources = true)
2026.06.24 22:20:01 INFO  [INFO] Resolving artifact: org.springframework.boot:spring-boot-test:jar:3.5.15:test (sources = false)
2026.06.24 22:20:01 INFO  [INFO] SUCCESS: org.springframework.boot:spring-boot-test:jar:3.5.15:test (sources = false)
2026.06.24 22:20:01 INFO  [INFO] Resolving artifact: org.springframework.boot:spring-boot-test:jar:3.5.15:test (sources = true)
2026.06.24 22:20:01 INFO  Downloading from central: https://repo.maven.apache.org/maven2/org/springframework/boot/spring-boot-test/3.5.15/spring-boot-test-3.5.15-sources.jar
2026.06.24 22:20:01 INFO  Progress (1): 7.7/176 kB
2026.06.24 22:20:01 INFO  Progress (1): 7.7/176 kB
2026.06.24 22:20:01 INFO  Progress (1): 24/176 kB 
2026.06.24 22:20:01 INFO  Progress (1): 40/176 kB
2026.06.24 22:20:01 INFO  Progress (1): 57/176 kB
2026.06.24 22:20:01 INFO  Progress (1): 73/176 kB
2026.06.24 22:20:01 INFO  Progress (1): 90/176 kB
2026.06.24 22:20:01 INFO  Progress (1): 106/176 kB
2026.06.24 22:20:01 INFO  Progress (1): 122/176 kB
2026.06.24 22:20:01 INFO  Progress (1): 139/176 kB
2026.06.24 22:20:01 INFO  Progress (1): 155/176 kB
2026.06.24 22:20:01 INFO  Progress (1): 172/176 kB
2026.06.24 22:20:01 INFO  Progress (1): 176 kB    
2026.06.24 22:20:01 INFO                      
2026.06.24 22:20:01 INFO  Downloaded from central: https://repo.maven.apache.org/maven2/org/springframework/boot/spring-boot-test/3.5.15/spring-boot-test-3.5.15-sources.jar (176 kB at 6.5 MB/s)
2026.06.24 22:20:01 INFO  [INFO] SUCCESS: org.springframework.boot:spring-boot-test:jar:3.5.15:test (sources = true)
2026.06.24 22:20:01 INFO  [INFO] Resolving artifact: org.springframework.boot:spring-boot-starter-jdbc:jar:3.5.15:compile (sources = false)
2026.06.24 22:20:01 INFO  [INFO] SUCCESS: org.springframework.boot:spring-boot-starter-jdbc:jar:3.5.15:compile (sources = false)
2026.06.24 22:20:01 INFO  [INFO] Resolving artifact: org.springframework.boot:spring-boot-starter-jdbc:jar:3.5.15:compile (sources = true)
2026.06.24 22:20:01 INFO  Downloading from central: https://repo.maven.apache.org/maven2/org/springframework/boot/spring-boot-starter-jdbc/3.5.15/spring-boot-starter-jdbc-3.5.15-sources.jar
2026.06.24 22:20:01 INFO  Progress (1): 4.8 kB
2026.06.24 22:20:01 INFO                      
2026.06.24 22:20:01 INFO  Downloaded from central: https://repo.maven.apache.org/maven2/org/springframework/boot/spring-boot-starter-jdbc/3.5.15/spring-boot-starter-jdbc-3.5.15-sources.jar (4.8 kB at 207 kB/s)
2026.06.24 22:20:01 INFO  [INFO] SUCCESS: org.springframework.boot:spring-boot-starter-jdbc:jar:3.5.15:compile (sources = true)
2026.06.24 22:20:01 INFO  [INFO] Resolving artifact: org.springframework.boot:spring-boot-starter-tomcat:jar:3.5.15:compile (sources = false)
2026.06.24 22:20:01 INFO  [INFO] SUCCESS: org.springframework.boot:spring-boot-starter-tomcat:jar:3.5.15:compile (sources = false)
2026.06.24 22:20:01 INFO  [INFO] Resolving artifact: org.springframework.boot:spring-boot-starter-tomcat:jar:3.5.15:compile (sources = true)
2026.06.24 22:20:01 INFO  Downloading from central: https://repo.maven.apache.org/maven2/org/springframework/boot/spring-boot-starter-tomcat/3.5.15/spring-boot-starter-tomcat-3.5.15-sources.jar
2026.06.24 22:20:01 INFO  Progress (1): 4.8 kB
2026.06.24 22:20:01 INFO                      
2026.06.24 22:20:01 INFO  Downloaded from central: https://repo.maven.apache.org/maven2/org/springframework/boot/spring-boot-starter-tomcat/3.5.15/spring-boot-starter-tomcat-3.5.15-sources.jar (4.8 kB at 192 kB/s)
2026.06.24 22:20:01 INFO  [INFO] SUCCESS: org.springframework.boot:spring-boot-starter-tomcat:jar:3.5.15:compile (sources = true)
2026.06.24 22:20:01 INFO  [INFO] Resolving artifact: org.slf4j:slf4j-api:jar:2.0.18:compile (sources = false)
2026.06.24 22:20:01 INFO  [INFO] SUCCESS: org.slf4j:slf4j-api:jar:2.0.18:compile (sources = false)
2026.06.24 22:20:01 INFO  [INFO] Resolving artifact: org.slf4j:slf4j-api:jar:2.0.18:compile (sources = true)
2026.06.24 22:20:01 INFO  Downloading from central: https://repo.maven.apache.org/maven2/org/slf4j/slf4j-api/2.0.18/slf4j-api-2.0.18-sources.jar
2026.06.24 22:20:01 INFO  Progress (1): 7.7/77 kB
2026.06.24 22:20:01 INFO  Progress (1): 16/77 kB 
2026.06.24 22:20:01 INFO  Progress (1): 24/77 kB
2026.06.24 22:20:01 INFO  Progress (1): 40/77 kB
2026.06.24 22:20:01 INFO  Progress (1): 57/77 kB
2026.06.24 22:20:01 INFO  Progress (1): 73/77 kB
2026.06.24 22:20:01 INFO  Progress (1): 77 kB   
2026.06.24 22:20:01 INFO                     
2026.06.24 22:20:01 INFO  Downloaded from central: https://repo.maven.apache.org/maven2/org/slf4j/slf4j-api/2.0.18/slf4j-api-2.0.18-sources.jar (77 kB at 3.0 MB/s)
2026.06.24 22:20:01 INFO  [INFO] SUCCESS: org.slf4j:slf4j-api:jar:2.0.18:compile (sources = true)
2026.06.24 22:20:01 INFO  [INFO] Resolving artifact: org.eclipse.angus:angus-activation:jar:2.0.3:runtime (sources = false)
2026.06.24 22:20:01 INFO  [INFO] SUCCESS: org.eclipse.angus:angus-activation:jar:2.0.3:runtime (sources = false)
2026.06.24 22:20:01 INFO  [INFO] Resolving artifact: org.eclipse.angus:angus-activation:jar:2.0.3:runtime (sources = true)
2026.06.24 22:20:01 INFO  Downloading from central: https://repo.maven.apache.org/maven2/org/eclipse/angus/angus-activation/2.0.3/angus-activation-2.0.3-sources.jar
2026.06.24 22:20:01 INFO  Progress (1): 7.7/22 kB
2026.06.24 22:20:01 INFO  Progress (1): 8.2/22 kB
2026.06.24 22:20:01 INFO  Progress (1): 22 kB    
2026.06.24 22:20:01 INFO                     
2026.06.24 22:20:01 INFO  Downloaded from central: https://repo.maven.apache.org/maven2/org/eclipse/angus/angus-activation/2.0.3/angus-activation-2.0.3-sources.jar (22 kB at 845 kB/s)
2026.06.24 22:20:01 INFO  [INFO] SUCCESS: org.eclipse.angus:angus-activation:jar:2.0.3:runtime (sources = true)
2026.06.24 22:20:01 INFO  [INFO] Resolving artifact: com.vaadin.external.google:android-json:jar:0.0.20131108.vaadin1:test (sources = false)
2026.06.24 22:20:01 INFO  [INFO] SUCCESS: com.vaadin.external.google:android-json:jar:0.0.20131108.vaadin1:test (sources = false)
2026.06.24 22:20:01 INFO  [INFO] Resolving artifact: com.vaadin.external.google:android-json:jar:0.0.20131108.vaadin1:test (sources = true)
2026.06.24 22:20:01 INFO  Downloading from central: https://repo.maven.apache.org/maven2/com/vaadin/external/google/android-json/0.0.20131108.vaadin1/android-json-0.0.20131108.vaadin1-sources.jar
2026.06.24 22:20:01 INFO  Progress (1): 7.7/22 kB
2026.06.24 22:20:01 INFO  Progress (1): 7.7/22 kB
2026.06.24 22:20:01 INFO  Progress (1): 22 kB    
2026.06.24 22:20:01 INFO                     
2026.06.24 22:20:01 INFO  Downloaded from central: https://repo.maven.apache.org/maven2/com/vaadin/external/google/android-json/0.0.20131108.vaadin1/android-json-0.0.20131108.vaadin1-sources.jar (22 kB at 826 kB/s)
2026.06.24 22:20:01 INFO  [INFO] SUCCESS: com.vaadin.external.google:android-json:jar:0.0.20131108.vaadin1:test (sources = true)
2026.06.24 22:20:01 INFO  [INFO] Resolving artifact: org.apache.logging.log4j:log4j-api:jar:2.24.3:compile (sources = false)
2026.06.24 22:20:01 INFO  [INFO] SUCCESS: org.apache.logging.log4j:log4j-api:jar:2.24.3:compile (sources = false)
2026.06.24 22:20:01 INFO  [INFO] Resolving artifact: org.apache.logging.log4j:log4j-api:jar:2.24.3:compile (sources = true)
2026.06.24 22:20:01 INFO  Downloading from central: https://repo.maven.apache.org/maven2/org/apache/logging/log4j/log4j-api/2.24.3/log4j-api-2.24.3-sources.jar
2026.06.24 22:20:01 INFO  Progress (1): 7.7/292 kB
2026.06.24 22:20:01 INFO  Progress (1): 16/292 kB 
2026.06.24 22:20:01 INFO  Progress (1): 32/292 kB
2026.06.24 22:20:01 INFO  Progress (1): 49/292 kB
2026.06.24 22:20:01 INFO  Progress (1): 65/292 kB
2026.06.24 22:20:01 INFO  Progress (1): 81/292 kB
2026.06.24 22:20:01 INFO  Progress (1): 98/292 kB
2026.06.24 22:20:01 INFO  Progress (1): 114/292 kB
2026.06.24 22:20:01 INFO  Progress (1): 131/292 kB
2026.06.24 22:20:01 INFO  Progress (1): 147/292 kB
2026.06.24 22:20:01 INFO  Progress (1): 163/292 kB
2026.06.24 22:20:01 INFO  Progress (1): 180/292 kB
2026.06.24 22:20:01 INFO  Progress (1): 196/292 kB
2026.06.24 22:20:01 INFO  Progress (1): 212/292 kB
2026.06.24 22:20:01 INFO  Progress (1): 229/292 kB
2026.06.24 22:20:01 INFO  Progress (1): 240/292 kB
2026.06.24 22:20:01 INFO  Progress (1): 256/292 kB
2026.06.24 22:20:01 INFO  Progress (1): 272/292 kB
2026.06.24 22:20:01 INFO  Progress (1): 289/292 kB
2026.06.24 22:20:01 INFO  Progress (1): 292 kB    
2026.06.24 22:20:01 INFO                      
2026.06.24 22:20:01 INFO  Downloaded from central: https://repo.maven.apache.org/maven2/org/apache/logging/log4j/log4j-api/2.24.3/log4j-api-2.24.3-sources.jar (292 kB at 9.7 MB/s)
2026.06.24 22:20:01 INFO  [INFO] SUCCESS: org.apache.logging.log4j:log4j-api:jar:2.24.3:compile (sources = true)
2026.06.24 22:20:01 INFO  [INFO] Resolving artifact: net.bytebuddy:byte-buddy-agent:jar:1.17.8:test (sources = false)
2026.06.24 22:20:01 INFO  [INFO] SUCCESS: net.bytebuddy:byte-buddy-agent:jar:1.17.8:test (sources = false)
2026.06.24 22:20:01 INFO  [INFO] Resolving artifact: net.bytebuddy:byte-buddy-agent:jar:1.17.8:test (sources = true)
2026.06.24 22:20:01 INFO  Downloading from central: https://repo.maven.apache.org/maven2/net/bytebuddy/byte-buddy-agent/1.17.8/byte-buddy-agent-1.17.8-sources.jar
2026.06.24 22:20:01 INFO  Progress (1): 7.7/250 kB
2026.06.24 22:20:01 INFO  Progress (1): 16/250 kB 
2026.06.24 22:20:01 INFO  Progress (1): 25/250 kB
2026.06.24 22:20:01 INFO  Progress (1): 41/250 kB
2026.06.24 22:20:01 INFO  Progress (1): 57/250 kB
2026.06.24 22:20:01 INFO  Progress (1): 74/250 kB
2026.06.24 22:20:01 INFO  Progress (1): 90/250 kB
2026.06.24 22:20:01 INFO  Progress (1): 106/250 kB
2026.06.24 22:20:01 INFO  Progress (1): 123/250 kB
2026.06.24 22:20:01 INFO  Progress (1): 131/250 kB
2026.06.24 22:20:01 INFO  Progress (1): 147/250 kB
2026.06.24 22:20:01 INFO  Progress (1): 164/250 kB
2026.06.24 22:20:01 INFO  Progress (1): 180/250 kB
2026.06.24 22:20:01 INFO  Progress (1): 197/250 kB
2026.06.24 22:20:01 INFO  Progress (1): 213/250 kB
2026.06.24 22:20:01 INFO  Progress (1): 229/250 kB
2026.06.24 22:20:01 INFO  Progress (1): 246/250 kB
2026.06.24 22:20:01 INFO  Progress (1): 250 kB    
2026.06.24 22:20:01 INFO                      
2026.06.24 22:20:01 INFO  Downloaded from central: https://repo.maven.apache.org/maven2/net/bytebuddy/byte-buddy-agent/1.17.8/byte-buddy-agent-1.17.8-sources.jar (250 kB at 8.1 MB/s)
2026.06.24 22:20:01 INFO  [INFO] SUCCESS: net.bytebuddy:byte-buddy-agent:jar:1.17.8:test (sources = true)
2026.06.24 22:20:01 INFO  [INFO] Resolving artifact: org.springframework:spring-aop:jar:6.2.19:compile (sources = false)
2026.06.24 22:20:01 INFO  [INFO] SUCCESS: org.springframework:spring-aop:jar:6.2.19:compile (sources = false)
2026.06.24 22:20:01 INFO  [INFO] Resolving artifact: org.springframework:spring-aop:jar:6.2.19:compile (sources = true)
2026.06.24 22:20:01 INFO  Downloading from central: https://repo.maven.apache.org/maven2/org/springframework/spring-aop/6.2.19/spring-aop-6.2.19-sources.jar
2026.06.24 22:20:01 INFO  Progress (1): 7.7/373 kB
2026.06.24 22:20:01 INFO  Progress (1): 16/373 kB 
2026.06.24 22:20:01 INFO  Progress (1): 32/373 kB
2026.06.24 22:20:01 INFO  Progress (1): 49/373 kB
2026.06.24 22:20:01 INFO  Progress (1): 57/373 kB
2026.06.24 22:20:01 INFO  Progress (1): 73/373 kB
2026.06.24 22:20:01 INFO  Progress (1): 90/373 kB
2026.06.24 22:20:01 INFO  Progress (1): 106/373 kB
2026.06.24 22:20:01 INFO  Progress (1): 122/373 kB
2026.06.24 22:20:01 INFO  Progress (1): 139/373 kB
2026.06.24 22:20:01 INFO  Progress (1): 155/373 kB
2026.06.24 22:20:01 INFO  Progress (1): 172/373 kB
2026.06.24 22:20:01 INFO  Progress (1): 188/373 kB
2026.06.24 22:20:01 INFO  Progress (1): 204/373 kB
2026.06.24 22:20:01 INFO  Progress (1): 221/373 kB
2026.06.24 22:20:01 INFO  Progress (1): 237/373 kB
2026.06.24 22:20:01 INFO  Progress (1): 246/373 kB
2026.06.24 22:20:01 INFO  Progress (1): 262/373 kB
2026.06.24 22:20:01 INFO  Progress (1): 279/373 kB
2026.06.24 22:20:01 INFO  Progress (1): 295/373 kB
2026.06.24 22:20:01 INFO  Progress (1): 311/373 kB
2026.06.24 22:20:01 INFO  Progress (1): 328/373 kB
2026.06.24 22:20:01 INFO  Progress (1): 344/373 kB
2026.06.24 22:20:01 INFO  Progress (1): 360/373 kB
2026.06.24 22:20:01 INFO  Progress (1): 373 kB    
2026.06.24 22:20:01 INFO                      
2026.06.24 22:20:01 INFO  Downloaded from central: https://repo.maven.apache.org/maven2/org/springframework/spring-aop/6.2.19/spring-aop-6.2.19-sources.jar (373 kB at 12 MB/s)
2026.06.24 22:20:01 INFO  [INFO] SUCCESS: org.springframework:spring-aop:jar:6.2.19:compile (sources = true)
2026.06.24 22:20:01 INFO  [INFO] Resolving artifact: com.zaxxer:HikariCP:jar:6.3.3:compile (sources = false)
2026.06.24 22:20:01 INFO  [INFO] SUCCESS: com.zaxxer:HikariCP:jar:6.3.3:compile (sources = false)
2026.06.24 22:20:01 INFO  [INFO] Resolving artifact: com.zaxxer:HikariCP:jar:6.3.3:compile (sources = true)
2026.06.24 22:20:01 INFO  Downloading from central: https://repo.maven.apache.org/maven2/com/zaxxer/HikariCP/6.3.3/HikariCP-6.3.3-sources.jar
2026.06.24 22:20:01 INFO  Progress (1): 7.7/102 kB
2026.06.24 22:20:01 INFO  Progress (1): 12/102 kB 
2026.06.24 22:20:01 INFO  Progress (1): 29/102 kB
2026.06.24 22:20:01 INFO  Progress (1): 45/102 kB
2026.06.24 22:20:01 INFO  Progress (1): 49/102 kB
2026.06.24 22:20:01 INFO  Progress (1): 66/102 kB
2026.06.24 22:20:01 INFO  Progress (1): 82/102 kB
2026.06.24 22:20:01 INFO  Progress (1): 98/102 kB
2026.06.24 22:20:01 INFO  Progress (1): 102 kB   
2026.06.24 22:20:01 INFO                      
2026.06.24 22:20:01 INFO  Downloaded from central: https://repo.maven.apache.org/maven2/com/zaxxer/HikariCP/6.3.3/HikariCP-6.3.3-sources.jar (102 kB at 3.3 MB/s)
2026.06.24 22:20:01 INFO  [INFO] SUCCESS: com.zaxxer:HikariCP:jar:6.3.3:compile (sources = true)
2026.06.24 22:20:01 INFO  [INFO] Resolving artifact: org.springframework.boot:spring-boot-starter:jar:3.5.15:compile (sources = false)
2026.06.24 22:20:01 INFO  [INFO] SUCCESS: org.springframework.boot:spring-boot-starter:jar:3.5.15:compile (sources = false)
2026.06.24 22:20:01 INFO  [INFO] Resolving artifact: org.springframework.boot:spring-boot-starter:jar:3.5.15:compile (sources = true)
2026.06.24 22:20:01 INFO  Downloading from central: https://repo.maven.apache.org/maven2/org/springframework/boot/spring-boot-starter/3.5.15/spring-boot-starter-3.5.15-sources.jar
2026.06.24 22:20:01 INFO  Progress (1): 4.8 kB
2026.06.24 22:20:01 INFO                      
2026.06.24 22:20:01 INFO  Downloaded from central: https://repo.maven.apache.org/maven2/org/springframework/boot/spring-boot-starter/3.5.15/spring-boot-starter-3.5.15-sources.jar (4.8 kB at 217 kB/s)
2026.06.24 22:20:01 INFO  [INFO] SUCCESS: org.springframework.boot:spring-boot-starter:jar:3.5.15:compile (sources = true)
2026.06.24 22:20:01 INFO  [INFO] Generated .bloop/app.json
2026.06.24 22:20:01 INFO  [INFO] Resolving artifact: org.springframework.boot:spring-boot-test-autoconfigure:jar:3.5.15:test (sources = false)
2026.06.24 22:20:01 INFO  [INFO] SUCCESS: org.springframework.boot:spring-boot-test-autoconfigure:jar:3.5.15:test (sources = false)
2026.06.24 22:20:01 INFO  [INFO] Resolving artifact: org.springframework.boot:spring-boot-test-autoconfigure:jar:3.5.15:test (sources = true)
2026.06.24 22:20:01 INFO  [INFO] SUCCESS: org.springframework.boot:spring-boot-test-autoconfigure:jar:3.5.15:test (sources = true)
2026.06.24 22:20:01 INFO  [INFO] Resolving artifact: org.hamcrest:hamcrest:jar:3.0:test (sources = false)
2026.06.24 22:20:01 INFO  [INFO] SUCCESS: org.hamcrest:hamcrest:jar:3.0:test (sources = false)
2026.06.24 22:20:01 INFO  [INFO] Resolving artifact: org.hamcrest:hamcrest:jar:3.0:test (sources = true)
2026.06.24 22:20:01 INFO  [INFO] SUCCESS: org.hamcrest:hamcrest:jar:3.0:test (sources = true)
2026.06.24 22:20:01 INFO  [INFO] Resolving artifact: org.yaml:snakeyaml:jar:2.4:compile (sources = false)
2026.06.24 22:20:01 INFO  [INFO] SUCCESS: org.yaml:snakeyaml:jar:2.4:compile (sources = false)
2026.06.24 22:20:01 INFO  [INFO] Resolving artifact: org.yaml:snakeyaml:jar:2.4:compile (sources = true)
2026.06.24 22:20:01 INFO  [INFO] SUCCESS: org.yaml:snakeyaml:jar:2.4:compile (sources = true)
2026.06.24 22:20:01 INFO  [INFO] Resolving artifact: net.minidev:json-smart:jar:2.5.2:test (sources = false)
2026.06.24 22:20:01 INFO  [INFO] SUCCESS: net.minidev:json-smart:jar:2.5.2:test (sources = false)
2026.06.24 22:20:01 INFO  [INFO] Resolving artifact: net.minidev:json-smart:jar:2.5.2:test (sources = true)
2026.06.24 22:20:01 INFO  [INFO] SUCCESS: net.minidev:json-smart:jar:2.5.2:test (sources = true)
2026.06.24 22:20:01 INFO  [INFO] Resolving artifact: com.sun.istack:istack-commons-runtime:jar:4.1.2:runtime (sources = false)
2026.06.24 22:20:01 INFO  [INFO] SUCCESS: com.sun.istack:istack-commons-runtime:jar:4.1.2:runtime (sources = false)
2026.06.24 22:20:01 INFO  [INFO] Resolving artifact: com.sun.istack:istack-commons-runtime:jar:4.1.2:runtime (sources = true)
2026.06.24 22:20:01 INFO  [INFO] SUCCESS: com.sun.istack:istack-commons-runtime:jar:4.1.2:runtime (sources = true)
2026.06.24 22:20:01 INFO  [INFO] Resolving artifact: org.springframework.boot:spring-boot-starter-web:jar:3.5.15:compile (sources = false)
2026.06.24 22:20:01 INFO  [INFO] SUCCESS: org.springframework.boot:spring-boot-starter-web:jar:3.5.15:compile (sources = false)
2026.06.24 22:20:01 INFO  [INFO] Resolving artifact: org.springframework.boot:spring-boot-starter-web:jar:3.5.15:compile (sources = true)
2026.06.24 22:20:01 INFO  [INFO] SUCCESS: org.springframework.boot:spring-boot-starter-web:jar:3.5.15:compile (sources = true)
2026.06.24 22:20:01 INFO  [INFO] Resolving artifact: org.objenesis:objenesis:jar:3.3:test (sources = false)
2026.06.24 22:20:01 INFO  [INFO] SUCCESS: org.objenesis:objenesis:jar:3.3:test (sources = false)
2026.06.24 22:20:01 INFO  [INFO] Resolving artifact: org.objenesis:objenesis:jar:3.3:test (sources = true)
2026.06.24 22:20:01 INFO  [INFO] SUCCESS: org.objenesis:objenesis:jar:3.3:test (sources = true)
2026.06.24 22:20:01 INFO  [INFO] Resolving artifact: ch.qos.logback:logback-classic:jar:1.5.34:compile (sources = false)
2026.06.24 22:20:01 INFO  [INFO] SUCCESS: ch.qos.logback:logback-classic:jar:1.5.34:compile (sources = false)
2026.06.24 22:20:01 INFO  [INFO] Resolving artifact: ch.qos.logback:logback-classic:jar:1.5.34:compile (sources = true)
2026.06.24 22:20:01 INFO  [INFO] SUCCESS: ch.qos.logback:logback-classic:jar:1.5.34:compile (sources = true)
2026.06.24 22:20:01 INFO  [INFO] Resolving artifact: org.springframework:spring-tx:jar:6.2.19:compile (sources = false)
2026.06.24 22:20:01 INFO  [INFO] SUCCESS: org.springframework:spring-tx:jar:6.2.19:compile (sources = false)
2026.06.24 22:20:01 INFO  [INFO] Resolving artifact: org.springframework:spring-tx:jar:6.2.19:compile (sources = true)
2026.06.24 22:20:01 INFO  [INFO] SUCCESS: org.springframework:spring-tx:jar:6.2.19:compile (sources = true)
2026.06.24 22:20:01 INFO  [INFO] Resolving artifact: org.apache.logging.log4j:log4j-to-slf4j:jar:2.24.3:compile (sources = false)
2026.06.24 22:20:01 INFO  [INFO] SUCCESS: org.apache.logging.log4j:log4j-to-slf4j:jar:2.24.3:compile (sources = false)
2026.06.24 22:20:01 INFO  [INFO] Resolving artifact: org.apache.logging.log4j:log4j-to-slf4j:jar:2.24.3:compile (sources = true)
2026.06.24 22:20:01 INFO  [INFO] SUCCESS: org.apache.logging.log4j:log4j-to-slf4j:jar:2.24.3:compile (sources = true)
2026.06.24 22:20:01 INFO  [INFO] Resolving artifact: com.fasterxml.jackson.core:jackson-core:jar:2.21.4:compile (sources = false)
2026.06.24 22:20:01 INFO  [INFO] SUCCESS: com.fasterxml.jackson.core:jackson-core:jar:2.21.4:compile (sources = false)
2026.06.24 22:20:01 INFO  [INFO] Resolving artifact: com.fasterxml.jackson.core:jackson-core:jar:2.21.4:compile (sources = true)
2026.06.24 22:20:01 INFO  [INFO] SUCCESS: com.fasterxml.jackson.core:jackson-core:jar:2.21.4:compile (sources = true)
2026.06.24 22:20:01 INFO  [INFO] Resolving artifact: org.springframework.data:spring-data-jpa:jar:3.5.12:compile (sources = false)
2026.06.24 22:20:01 INFO  [INFO] SUCCESS: org.springframework.data:spring-data-jpa:jar:3.5.12:compile (sources = false)
2026.06.24 22:20:01 INFO  [INFO] Resolving artifact: org.springframework.data:spring-data-jpa:jar:3.5.12:compile (sources = true)
2026.06.24 22:20:01 INFO  [INFO] SUCCESS: org.springframework.data:spring-data-jpa:jar:3.5.12:compile (sources = true)
2026.06.24 22:20:01 INFO  [INFO] Resolving artifact: org.junit.jupiter:junit-jupiter-params:jar:5.12.2:test (sources = false)
2026.06.24 22:20:01 INFO  [INFO] SUCCESS: org.junit.jupiter:junit-jupiter-params:jar:5.12.2:test (sources = false)
2026.06.24 22:20:01 INFO  [INFO] Resolving artifact: org.junit.jupiter:junit-jupiter-params:jar:5.12.2:test (sources = true)
2026.06.24 22:20:01 INFO  [INFO] SUCCESS: org.junit.jupiter:junit-jupiter-params:jar:5.12.2:test (sources = true)
2026.06.24 22:20:01 INFO  [INFO] Resolving artifact: com.fasterxml.jackson.core:jackson-annotations:jar:2.21:compile (sources = false)
2026.06.24 22:20:01 INFO  [INFO] SUCCESS: com.fasterxml.jackson.core:jackson-annotations:jar:2.21:compile (sources = false)
2026.06.24 22:20:01 INFO  [INFO] Resolving artifact: com.fasterxml.jackson.core:jackson-annotations:jar:2.21:compile (sources = true)
2026.06.24 22:20:01 INFO  [INFO] SUCCESS: com.fasterxml.jackson.core:jackson-annotations:jar:2.21:compile (sources = true)
2026.06.24 22:20:01 INFO  [INFO] Resolving artifact: org.jboss.logging:jboss-logging:jar:3.6.3.Final:compile (sources = false)
2026.06.24 22:20:01 INFO  [INFO] SUCCESS: org.jboss.logging:jboss-logging:jar:3.6.3.Final:compile (sources = false)
2026.06.24 22:20:01 INFO  [INFO] Resolving artifact: org.jboss.logging:jboss-logging:jar:3.6.3.Final:compile (sources = true)
2026.06.24 22:20:01 INFO  [INFO] SUCCESS: org.jboss.logging:jboss-logging:jar:3.6.3.Final:compile (sources = true)
2026.06.24 22:20:01 INFO  [INFO] Resolving artifact: io.micrometer:micrometer-observation:jar:1.15.12:compile (sources = false)
2026.06.24 22:20:01 INFO  [INFO] SUCCESS: io.micrometer:micrometer-observation:jar:1.15.12:compile (sources = false)
2026.06.24 22:20:01 INFO  [INFO] Resolving artifact: io.micrometer:micrometer-observation:jar:1.15.12:compile (sources = true)
2026.06.24 22:20:01 INFO  [INFO] SUCCESS: io.micrometer:micrometer-observation:jar:1.15.12:compile (sources = true)
2026.06.24 22:20:01 INFO  [INFO] Resolving artifact: org.springframework.boot:spring-boot-starter-logging:jar:3.5.15:compile (sources = false)
2026.06.24 22:20:01 INFO  [INFO] SUCCESS: org.springframework.boot:spring-boot-starter-logging:jar:3.5.15:compile (sources = false)
2026.06.24 22:20:01 INFO  [INFO] Resolving artifact: org.springframework.boot:spring-boot-starter-logging:jar:3.5.15:compile (sources = true)
2026.06.24 22:20:01 INFO  [INFO] SUCCESS: org.springframework.boot:spring-boot-starter-logging:jar:3.5.15:compile (sources = true)
2026.06.24 22:20:01 INFO  [INFO] Resolving artifact: net.minidev:accessors-smart:jar:2.5.2:test (sources = false)
2026.06.24 22:20:01 INFO  [INFO] SUCCESS: net.minidev:accessors-smart:jar:2.5.2:test (sources = false)
2026.06.24 22:20:01 INFO  [INFO] Resolving artifact: net.minidev:accessors-smart:jar:2.5.2:test (sources = true)
2026.06.24 22:20:01 INFO  [INFO] SUCCESS: net.minidev:accessors-smart:jar:2.5.2:test (sources = true)
2026.06.24 22:20:01 INFO  [INFO] Resolving artifact: org.springframework.boot:spring-boot-starter-test:jar:3.5.15:test (sources = false)
2026.06.24 22:20:01 INFO  [INFO] SUCCESS: org.springframework.boot:spring-boot-starter-test:jar:3.5.15:test (sources = false)
2026.06.24 22:20:01 INFO  [INFO] Resolving artifact: org.springframework.boot:spring-boot-starter-test:jar:3.5.15:test (sources = true)
2026.06.24 22:20:01 INFO  [INFO] SUCCESS: org.springframework.boot:spring-boot-starter-test:jar:3.5.15:test (sources = true)
2026.06.24 22:20:01 INFO  [INFO] Resolving artifact: org.springframework.boot:spring-boot:jar:3.5.15:compile (sources = false)
2026.06.24 22:20:01 INFO  [INFO] SUCCESS: org.springframework.boot:spring-boot:jar:3.5.15:compile (sources = false)
2026.06.24 22:20:01 INFO  [INFO] Resolving artifact: org.springframework.boot:spring-boot:jar:3.5.15:compile (sources = true)
2026.06.24 22:20:01 INFO  [INFO] SUCCESS: org.springframework.boot:spring-boot:jar:3.5.15:compile (sources = true)
2026.06.24 22:20:01 INFO  [INFO] Resolving artifact: org.assertj:assertj-core:jar:3.27.7:test (sources = false)
2026.06.24 22:20:01 INFO  [INFO] SUCCESS: org.assertj:assertj-core:jar:3.27.7:test (sources = false)
2026.06.24 22:20:01 INFO  [INFO] Resolving artifact: org.assertj:assertj-core:jar:3.27.7:test (sources = true)
2026.06.24 22:20:01 INFO  [INFO] SUCCESS: org.assertj:assertj-core:jar:3.27.7:test (sources = true)
2026.06.24 22:20:01 INFO  [INFO] Resolving artifact: org.apache.tomcat.embed:tomcat-embed-core:jar:10.1.55:compile (sources = false)
2026.06.24 22:20:01 INFO  [INFO] SUCCESS: org.apache.tomcat.embed:tomcat-embed-core:jar:10.1.55:compile (sources = false)
2026.06.24 22:20:01 INFO  [INFO] Resolving artifact: org.apache.tomcat.embed:tomcat-embed-core:jar:10.1.55:compile (sources = true)
2026.06.24 22:20:01 INFO  [INFO] SUCCESS: org.apache.tomcat.embed:tomcat-embed-core:jar:10.1.55:compile (sources = true)
2026.06.24 22:20:01 INFO  [INFO] Resolving artifact: org.mockito:mockito-junit-jupiter:jar:5.17.0:test (sources = false)
2026.06.24 22:20:01 INFO  [INFO] SUCCESS: org.mockito:mockito-junit-jupiter:jar:5.17.0:test (sources = false)
2026.06.24 22:20:01 INFO  [INFO] Resolving artifact: org.mockito:mockito-junit-jupiter:jar:5.17.0:test (sources = true)
2026.06.24 22:20:01 INFO  [INFO] SUCCESS: org.mockito:mockito-junit-jupiter:jar:5.17.0:test (sources = true)
2026.06.24 22:20:01 INFO  [INFO] Resolving artifact: org.mockito:mockito-core:jar:5.17.0:test (sources = false)
2026.06.24 22:20:01 INFO  [INFO] SUCCESS: org.mockito:mockito-core:jar:5.17.0:test (sources = false)
2026.06.24 22:20:01 INFO  [INFO] Resolving artifact: org.mockito:mockito-core:jar:5.17.0:test (sources = true)
2026.06.24 22:20:01 INFO  [INFO] SUCCESS: org.mockito:mockito-core:jar:5.17.0:test (sources = true)
2026.06.24 22:20:01 INFO  [INFO] Resolving artifact: org.ow2.asm:asm:jar:9.7.1:test (sources = false)
2026.06.24 22:20:01 INFO  [INFO] SUCCESS: org.ow2.asm:asm:jar:9.7.1:test (sources = false)
2026.06.24 22:20:01 INFO  [INFO] Resolving artifact: org.ow2.asm:asm:jar:9.7.1:test (sources = true)
2026.06.24 22:20:01 INFO  [INFO] SUCCESS: org.ow2.asm:asm:jar:9.7.1:test (sources = true)
2026.06.24 22:20:01 INFO  [INFO] Resolving artifact: org.junit.jupiter:junit-jupiter-api:jar:5.12.2:test (sources = false)
2026.06.24 22:20:01 INFO  [INFO] SUCCESS: org.junit.jupiter:junit-jupiter-api:jar:5.12.2:test (sources = false)
2026.06.24 22:20:01 INFO  [INFO] Resolving artifact: org.junit.jupiter:junit-jupiter-api:jar:5.12.2:test (sources = true)
2026.06.24 22:20:01 INFO  [INFO] SUCCESS: org.junit.jupiter:junit-jupiter-api:jar:5.12.2:test (sources = true)
2026.06.24 22:20:01 INFO  [INFO] Resolving artifact: org.springframework.data:spring-data-commons:jar:3.5.12:compile (sources = false)
2026.06.24 22:20:01 INFO  [INFO] SUCCESS: org.springframework.data:spring-data-commons:jar:3.5.12:compile (sources = false)
2026.06.24 22:20:01 INFO  [INFO] Resolving artifact: org.springframework.data:spring-data-commons:jar:3.5.12:compile (sources = true)
2026.06.24 22:20:01 INFO  [INFO] SUCCESS: org.springframework.data:spring-data-commons:jar:3.5.12:compile (sources = true)
2026.06.24 22:20:01 INFO  [INFO] Resolving artifact: org.springframework:spring-beans:jar:6.2.19:compile (sources = false)
2026.06.24 22:20:01 INFO  [INFO] SUCCESS: org.springframework:spring-beans:jar:6.2.19:compile (sources = false)
2026.06.24 22:20:01 INFO  [INFO] Resolving artifact: org.springframework:spring-beans:jar:6.2.19:compile (sources = true)
2026.06.24 22:20:01 INFO  [INFO] SUCCESS: org.springframework:spring-beans:jar:6.2.19:compile (sources = true)
2026.06.24 22:20:01 INFO  [INFO] Resolving artifact: org.projectlombok:lombok:jar:1.18.46:compile (sources = false)
2026.06.24 22:20:01 INFO  [INFO] SUCCESS: org.projectlombok:lombok:jar:1.18.46:compile (sources = false)
2026.06.24 22:20:01 INFO  [INFO] Resolving artifact: org.projectlombok:lombok:jar:1.18.46:compile (sources = true)
2026.06.24 22:20:01 INFO  [INFO] SUCCESS: org.projectlombok:lombok:jar:1.18.46:compile (sources = true)
2026.06.24 22:20:01 INFO  [INFO] Resolving artifact: org.apache.tomcat.embed:tomcat-embed-el:jar:10.1.55:compile (sources = false)
2026.06.24 22:20:01 INFO  [INFO] SUCCESS: org.apache.tomcat.embed:tomcat-embed-el:jar:10.1.55:compile (sources = false)
2026.06.24 22:20:01 INFO  [INFO] Resolving artifact: org.apache.tomcat.embed:tomcat-embed-el:jar:10.1.55:compile (sources = true)
2026.06.24 22:20:01 INFO  [INFO] SUCCESS: org.apache.tomcat.embed:tomcat-embed-el:jar:10.1.55:compile (sources = true)
2026.06.24 22:20:01 INFO  [INFO] Resolving artifact: com.fasterxml.jackson.datatype:jackson-datatype-jdk8:jar:2.21.4:compile (sources = false)
2026.06.24 22:20:01 INFO  [INFO] SUCCESS: com.fasterxml.jackson.datatype:jackson-datatype-jdk8:jar:2.21.4:compile (sources = false)
2026.06.24 22:20:01 INFO  [INFO] Resolving artifact: com.fasterxml.jackson.datatype:jackson-datatype-jdk8:jar:2.21.4:compile (sources = true)
2026.06.24 22:20:01 INFO  [INFO] SUCCESS: com.fasterxml.jackson.datatype:jackson-datatype-jdk8:jar:2.21.4:compile (sources = true)
2026.06.24 22:20:01 INFO  [INFO] Resolving artifact: org.springframework:spring-core:jar:6.2.19:compile (sources = false)
2026.06.24 22:20:01 INFO  [INFO] SUCCESS: org.springframework:spring-core:jar:6.2.19:compile (sources = false)
2026.06.24 22:20:01 INFO  [INFO] Resolving artifact: org.springframework:spring-core:jar:6.2.19:compile (sources = true)
2026.06.24 22:20:01 INFO  [INFO] SUCCESS: org.springframework:spring-core:jar:6.2.19:compile (sources = true)
2026.06.24 22:20:01 INFO  [INFO] Resolving artifact: org.springframework:spring-context:jar:6.2.19:compile (sources = false)
2026.06.24 22:20:01 INFO  [INFO] SUCCESS: org.springframework:spring-context:jar:6.2.19:compile (sources = false)
2026.06.24 22:20:01 INFO  [INFO] Resolving artifact: org.springframework:spring-context:jar:6.2.19:compile (sources = true)
2026.06.24 22:20:01 INFO  [INFO] SUCCESS: org.springframework:spring-context:jar:6.2.19:compile (sources = true)
2026.06.24 22:20:01 INFO  [INFO] Resolving artifact: org.springframework:spring-aspects:jar:6.2.19:compile (sources = false)
2026.06.24 22:20:01 INFO  [INFO] SUCCESS: org.springframework:spring-aspects:jar:6.2.19:compile (sources = false)
2026.06.24 22:20:01 INFO  [INFO] Resolving artifact: org.springframework:spring-aspects:jar:6.2.19:compile (sources = true)
2026.06.24 22:20:01 INFO  [INFO] SUCCESS: org.springframework:spring-aspects:jar:6.2.19:compile (sources = true)
2026.06.24 22:20:01 INFO  [INFO] Resolving artifact: org.springframework.boot:spring-boot-starter-data-jpa:jar:3.5.15:compile (sources = false)
2026.06.24 22:20:01 INFO  [INFO] SUCCESS: org.springframework.boot:spring-boot-starter-data-jpa:jar:3.5.15:compile (sources = false)
2026.06.24 22:20:01 INFO  [INFO] Resolving artifact: org.springframework.boot:spring-boot-starter-data-jpa:jar:3.5.15:compile (sources = true)
2026.06.24 22:20:01 INFO  [INFO] SUCCESS: org.springframework.boot:spring-boot-starter-data-jpa:jar:3.5.15:compile (sources = true)
2026.06.24 22:20:01 INFO  [INFO] Resolving artifact: org.glassfish.jaxb:jaxb-core:jar:4.0.9:runtime (sources = false)
2026.06.24 22:20:01 INFO  [INFO] SUCCESS: org.glassfish.jaxb:jaxb-core:jar:4.0.9:runtime (sources = false)
2026.06.24 22:20:01 INFO  [INFO] Resolving artifact: org.glassfish.jaxb:jaxb-core:jar:4.0.9:runtime (sources = true)
2026.06.24 22:20:01 INFO  [INFO] SUCCESS: org.glassfish.jaxb:jaxb-core:jar:4.0.9:runtime (sources = true)
2026.06.24 22:20:01 INFO  [INFO] Resolving artifact: org.antlr:antlr4-runtime:jar:4.13.2:compile (sources = false)
2026.06.24 22:20:01 INFO  [INFO] SUCCESS: org.antlr:antlr4-runtime:jar:4.13.2:compile (sources = false)
2026.06.24 22:20:01 INFO  [INFO] Resolving artifact: org.antlr:antlr4-runtime:jar:4.13.2:compile (sources = true)
2026.06.24 22:20:01 INFO  [INFO] SUCCESS: org.antlr:antlr4-runtime:jar:4.13.2:compile (sources = true)
2026.06.24 22:20:01 INFO  [INFO] Resolving artifact: org.springframework:spring-jdbc:jar:6.2.19:compile (sources = false)
2026.06.24 22:20:01 INFO  [INFO] SUCCESS: org.springframework:spring-jdbc:jar:6.2.19:compile (sources = false)
2026.06.24 22:20:01 INFO  [INFO] Resolving artifact: org.springframework:spring-jdbc:jar:6.2.19:compile (sources = true)
2026.06.24 22:20:01 INFO  [INFO] SUCCESS: org.springframework:spring-jdbc:jar:6.2.19:compile (sources = true)
2026.06.24 22:20:01 INFO  [INFO] Resolving artifact: jakarta.persistence:jakarta.persistence-api:jar:3.1.0:compile (sources = false)
2026.06.24 22:20:01 INFO  [INFO] SUCCESS: jakarta.persistence:jakarta.persistence-api:jar:3.1.0:compile (sources = false)
2026.06.24 22:20:01 INFO  [INFO] Resolving artifact: jakarta.persistence:jakarta.persistence-api:jar:3.1.0:compile (sources = true)
2026.06.24 22:20:01 INFO  [INFO] SUCCESS: jakarta.persistence:jakarta.persistence-api:jar:3.1.0:compile (sources = true)
2026.06.24 22:20:01 INFO  [INFO] Resolving artifact: org.opentest4j:opentest4j:jar:1.3.0:test (sources = false)
2026.06.24 22:20:01 INFO  [INFO] SUCCESS: org.opentest4j:opentest4j:jar:1.3.0:test (sources = false)
2026.06.24 22:20:01 INFO  [INFO] Resolving artifact: org.opentest4j:opentest4j:jar:1.3.0:test (sources = true)
2026.06.24 22:20:01 INFO  [INFO] SUCCESS: org.opentest4j:opentest4j:jar:1.3.0:test (sources = true)
2026.06.24 22:20:01 INFO  [INFO] Resolving artifact: io.smallrye:jandex:jar:3.2.0:runtime (sources = false)
2026.06.24 22:20:01 INFO  [INFO] SUCCESS: io.smallrye:jandex:jar:3.2.0:runtime (sources = false)
2026.06.24 22:20:01 INFO  [INFO] Resolving artifact: io.smallrye:jandex:jar:3.2.0:runtime (sources = true)
2026.06.24 22:20:01 INFO  [INFO] SUCCESS: io.smallrye:jandex:jar:3.2.0:runtime (sources = true)
2026.06.24 22:20:01 INFO  [INFO] Resolving artifact: org.junit.jupiter:junit-jupiter-engine:jar:5.12.2:test (sources = false)
2026.06.24 22:20:01 INFO  [INFO] SUCCESS: org.junit.jupiter:junit-jupiter-engine:jar:5.12.2:test (sources = false)
2026.06.24 22:20:01 INFO  [INFO] Resolving artifact: org.junit.jupiter:junit-jupiter-engine:jar:5.12.2:test (sources = true)
2026.06.24 22:20:01 INFO  [INFO] SUCCESS: org.junit.jupiter:junit-jupiter-engine:jar:5.12.2:test (sources = true)
2026.06.24 22:20:01 INFO  [INFO] Resolving artifact: org.skyscreamer:jsonassert:jar:1.5.3:test (sources = false)
2026.06.24 22:20:01 INFO  [INFO] SUCCESS: org.skyscreamer:jsonassert:jar:1.5.3:test (sources = false)
2026.06.24 22:20:01 INFO  [INFO] Resolving artifact: org.skyscreamer:jsonassert:jar:1.5.3:test (sources = true)
2026.06.24 22:20:01 INFO  [INFO] SUCCESS: org.skyscreamer:jsonassert:jar:1.5.3:test (sources = true)
2026.06.24 22:20:01 INFO  [INFO] Resolving artifact: jakarta.xml.bind:jakarta.xml.bind-api:jar:4.0.5:runtime (sources = false)
2026.06.24 22:20:01 INFO  [INFO] SUCCESS: jakarta.xml.bind:jakarta.xml.bind-api:jar:4.0.5:runtime (sources = false)
2026.06.24 22:20:01 INFO  [INFO] Resolving artifact: jakarta.xml.bind:jakarta.xml.bind-api:jar:4.0.5:runtime (sources = true)
2026.06.24 22:20:01 INFO  [INFO] SUCCESS: jakarta.xml.bind:jakarta.xml.bind-api:jar:4.0.5:runtime (sources = true)
2026.06.24 22:20:01 INFO  [INFO] Resolving artifact: jakarta.transaction:jakarta.transaction-api:jar:2.0.1:compile (sources = false)
2026.06.24 22:20:01 INFO  [INFO] SUCCESS: jakarta.transaction:jakarta.transaction-api:jar:2.0.1:compile (sources = false)
2026.06.24 22:20:01 INFO  [INFO] Resolving artifact: jakarta.transaction:jakarta.transaction-api:jar:2.0.1:compile (sources = true)
2026.06.24 22:20:01 INFO  [INFO] SUCCESS: jakarta.transaction:jakarta.transaction-api:jar:2.0.1:compile (sources = true)
2026.06.24 22:20:01 INFO  [INFO] Resolving artifact: org.springframework.boot:spring-boot-starter-validation:jar:3.5.15:compile (sources = false)
2026.06.24 22:20:01 INFO  [INFO] SUCCESS: org.springframework.boot:spring-boot-starter-validation:jar:3.5.15:compile (sources = false)
2026.06.24 22:20:01 INFO  [INFO] Resolving artifact: org.springframework.boot:spring-boot-starter-validation:jar:3.5.15:compile (sources = true)
2026.06.24 22:20:01 INFO  [INFO] SUCCESS: org.springframework.boot:spring-boot-starter-validation:jar:3.5.15:compile (sources = true)
2026.06.24 22:20:01 INFO  [INFO] Resolving artifact: jakarta.validation:jakarta.validation-api:jar:3.0.2:compile (sources = false)
2026.06.24 22:20:01 INFO  [INFO] SUCCESS: jakarta.validation:jakarta.validation-api:jar:3.0.2:compile (sources = false)
2026.06.24 22:20:01 INFO  [INFO] Resolving artifact: jakarta.validation:jakarta.validation-api:jar:3.0.2:compile (sources = true)
2026.06.24 22:20:01 INFO  [INFO] SUCCESS: jakarta.validation:jakarta.validation-api:jar:3.0.2:compile (sources = true)
2026.06.24 22:20:01 INFO  [INFO] Resolving artifact: ch.qos.logback:logback-core:jar:1.5.34:compile (sources = false)
2026.06.24 22:20:01 INFO  [INFO] SUCCESS: ch.qos.logback:logback-core:jar:1.5.34:compile (sources = false)
2026.06.24 22:20:01 INFO  [INFO] Resolving artifact: ch.qos.logback:logback-core:jar:1.5.34:compile (sources = true)
2026.06.24 22:20:01 INFO  [INFO] SUCCESS: ch.qos.logback:logback-core:jar:1.5.34:compile (sources = true)
2026.06.24 22:20:01 INFO  [INFO] Resolving artifact: org.hibernate.orm:hibernate-core:jar:6.6.53.Final:compile (sources = false)
2026.06.24 22:20:01 INFO  [INFO] SUCCESS: org.hibernate.orm:hibernate-core:jar:6.6.53.Final:compile (sources = false)
2026.06.24 22:20:01 INFO  [INFO] Resolving artifact: org.hibernate.orm:hibernate-core:jar:6.6.53.Final:compile (sources = true)
2026.06.24 22:20:01 INFO  [INFO] SUCCESS: org.hibernate.orm:hibernate-core:jar:6.6.53.Final:compile (sources = true)
2026.06.24 22:20:01 INFO  [INFO] Resolving artifact: org.slf4j:jul-to-slf4j:jar:2.0.18:compile (sources = false)
2026.06.24 22:20:01 INFO  [INFO] SUCCESS: org.slf4j:jul-to-slf4j:jar:2.0.18:compile (sources = false)
2026.06.24 22:20:01 INFO  [INFO] Resolving artifact: org.slf4j:jul-to-slf4j:jar:2.0.18:compile (sources = true)
2026.06.24 22:20:01 INFO  [INFO] SUCCESS: org.slf4j:jul-to-slf4j:jar:2.0.18:compile (sources = true)
2026.06.24 22:20:01 INFO  [INFO] Resolving artifact: org.springframework:spring-jcl:jar:6.2.19:compile (sources = false)
2026.06.24 22:20:01 INFO  [INFO] SUCCESS: org.springframework:spring-jcl:jar:6.2.19:compile (sources = false)
2026.06.24 22:20:01 INFO  [INFO] Resolving artifact: org.springframework:spring-jcl:jar:6.2.19:compile (sources = true)
2026.06.24 22:20:01 INFO  [INFO] SUCCESS: org.springframework:spring-jcl:jar:6.2.19:compile (sources = true)
2026.06.24 22:20:01 INFO  [INFO] Resolving artifact: org.springframework:spring-test:jar:6.2.19:test (sources = false)
2026.06.24 22:20:01 INFO  [INFO] SUCCESS: org.springframework:spring-test:jar:6.2.19:test (sources = false)
2026.06.24 22:20:01 INFO  [INFO] Resolving artifact: org.springframework:spring-test:jar:6.2.19:test (sources = true)
2026.06.24 22:20:01 INFO  [INFO] SUCCESS: org.springframework:spring-test:jar:6.2.19:test (sources = true)
2026.06.24 22:20:01 INFO  [INFO] Resolving artifact: org.springframework.boot:spring-boot-autoconfigure:jar:3.5.15:compile (sources = false)
2026.06.24 22:20:01 INFO  [INFO] SUCCESS: org.springframework.boot:spring-boot-autoconfigure:jar:3.5.15:compile (sources = false)
2026.06.24 22:20:01 INFO  [INFO] Resolving artifact: org.springframework.boot:spring-boot-autoconfigure:jar:3.5.15:compile (sources = true)
2026.06.24 22:20:01 INFO  [INFO] SUCCESS: org.springframework.boot:spring-boot-autoconfigure:jar:3.5.15:compile (sources = true)
2026.06.24 22:20:01 INFO  [INFO] Resolving artifact: org.hibernate.validator:hibernate-validator:jar:8.0.3.Final:compile (sources = false)
2026.06.24 22:20:01 INFO  [INFO] SUCCESS: org.hibernate.validator:hibernate-validator:jar:8.0.3.Final:compile (sources = false)
2026.06.24 22:20:01 INFO  [INFO] Resolving artifact: org.hibernate.validator:hibernate-validator:jar:8.0.3.Final:compile (sources = true)
2026.06.24 22:20:01 INFO  [INFO] SUCCESS: org.hibernate.validator:hibernate-validator:jar:8.0.3.Final:compile (sources = true)
2026.06.24 22:20:01 INFO  [INFO] Resolving artifact: org.xmlunit:xmlunit-core:jar:2.10.4:test (sources = false)
2026.06.24 22:20:01 INFO  [INFO] SUCCESS: org.xmlunit:xmlunit-core:jar:2.10.4:test (sources = false)
2026.06.24 22:20:01 INFO  [INFO] Resolving artifact: org.xmlunit:xmlunit-core:jar:2.10.4:test (sources = true)
2026.06.24 22:20:01 INFO  [INFO] SUCCESS: org.xmlunit:xmlunit-core:jar:2.10.4:test (sources = true)
2026.06.24 22:20:01 INFO  [INFO] Resolving artifact: com.fasterxml.jackson.core:jackson-databind:jar:2.21.4:compile (sources = false)
2026.06.24 22:20:01 INFO  [INFO] SUCCESS: com.fasterxml.jackson.core:jackson-databind:jar:2.21.4:compile (sources = false)
2026.06.24 22:20:01 INFO  [INFO] Resolving artifact: com.fasterxml.jackson.core:jackson-databind:jar:2.21.4:compile (sources = true)
2026.06.24 22:20:01 INFO  [INFO] SUCCESS: com.fasterxml.jackson.core:jackson-databind:jar:2.21.4:compile (sources = true)
2026.06.24 22:20:01 INFO  [INFO] Resolving artifact: jakarta.annotation:jakarta.annotation-api:jar:2.1.1:compile (sources = false)
2026.06.24 22:20:01 INFO  [INFO] SUCCESS: jakarta.annotation:jakarta.annotation-api:jar:2.1.1:compile (sources = false)
2026.06.24 22:20:01 INFO  [INFO] Resolving artifact: jakarta.annotation:jakarta.annotation-api:jar:2.1.1:compile (sources = true)
2026.06.24 22:20:01 INFO  [INFO] SUCCESS: jakarta.annotation:jakarta.annotation-api:jar:2.1.1:compile (sources = true)
2026.06.24 22:20:01 INFO  [INFO] Resolving artifact: org.springframework:spring-orm:jar:6.2.19:compile (sources = false)
2026.06.24 22:20:01 INFO  [INFO] SUCCESS: org.springframework:spring-orm:jar:6.2.19:compile (sources = false)
2026.06.24 22:20:01 INFO  [INFO] Resolving artifact: org.springframework:spring-orm:jar:6.2.19:compile (sources = true)
2026.06.24 22:20:01 INFO  [INFO] SUCCESS: org.springframework:spring-orm:jar:6.2.19:compile (sources = true)
2026.06.24 22:20:01 INFO  [INFO] Resolving artifact: org.awaitility:awaitility:jar:4.2.2:test (sources = false)
2026.06.24 22:20:01 INFO  [INFO] SUCCESS: org.awaitility:awaitility:jar:4.2.2:test (sources = false)
2026.06.24 22:20:01 INFO  [INFO] Resolving artifact: org.awaitility:awaitility:jar:4.2.2:test (sources = true)
2026.06.24 22:20:01 INFO  [INFO] SUCCESS: org.awaitility:awaitility:jar:4.2.2:test (sources = true)
2026.06.24 22:20:01 INFO  [INFO] Resolving artifact: jakarta.inject:jakarta.inject-api:jar:2.0.1:runtime (sources = false)
2026.06.24 22:20:01 INFO  [INFO] SUCCESS: jakarta.inject:jakarta.inject-api:jar:2.0.1:runtime (sources = false)
2026.06.24 22:20:01 INFO  [INFO] Resolving artifact: jakarta.inject:jakarta.inject-api:jar:2.0.1:runtime (sources = true)
2026.06.24 22:20:01 INFO  [INFO] SUCCESS: jakarta.inject:jakarta.inject-api:jar:2.0.1:runtime (sources = true)
2026.06.24 22:20:01 INFO  [INFO] Resolving artifact: org.glassfish.jaxb:jaxb-runtime:jar:4.0.9:runtime (sources = false)
2026.06.24 22:20:01 INFO  [INFO] SUCCESS: org.glassfish.jaxb:jaxb-runtime:jar:4.0.9:runtime (sources = false)
2026.06.24 22:20:01 INFO  [INFO] Resolving artifact: org.glassfish.jaxb:jaxb-runtime:jar:4.0.9:runtime (sources = true)
2026.06.24 22:20:01 INFO  [INFO] SUCCESS: org.glassfish.jaxb:jaxb-runtime:jar:4.0.9:runtime (sources = true)
2026.06.24 22:20:01 INFO  [INFO] Resolving artifact: org.junit.jupiter:junit-jupiter:jar:5.12.2:test (sources = false)
2026.06.24 22:20:01 INFO  [INFO] SUCCESS: org.junit.jupiter:junit-jupiter:jar:5.12.2:test (sources = false)
2026.06.24 22:20:01 INFO  [INFO] Resolving artifact: org.junit.jupiter:junit-jupiter:jar:5.12.2:test (sources = true)
2026.06.24 22:20:01 INFO  [INFO] SUCCESS: org.junit.jupiter:junit-jupiter:jar:5.12.2:test (sources = true)
2026.06.24 22:20:01 INFO  [INFO] Resolving artifact: com.fasterxml.jackson.datatype:jackson-datatype-jsr310:jar:2.21.4:compile (sources = false)
2026.06.24 22:20:01 INFO  [INFO] SUCCESS: com.fasterxml.jackson.datatype:jackson-datatype-jsr310:jar:2.21.4:compile (sources = false)
2026.06.24 22:20:01 INFO  [INFO] Resolving artifact: com.fasterxml.jackson.datatype:jackson-datatype-jsr310:jar:2.21.4:compile (sources = true)
2026.06.24 22:20:01 INFO  [INFO] SUCCESS: com.fasterxml.jackson.datatype:jackson-datatype-jsr310:jar:2.21.4:compile (sources = true)
2026.06.24 22:20:01 INFO  [INFO] Resolving artifact: org.glassfish.jaxb:txw2:jar:4.0.9:runtime (sources = false)
2026.06.24 22:20:01 INFO  [INFO] SUCCESS: org.glassfish.jaxb:txw2:jar:4.0.9:runtime (sources = false)
2026.06.24 22:20:01 INFO  [INFO] Resolving artifact: org.glassfish.jaxb:txw2:jar:4.0.9:runtime (sources = true)
2026.06.24 22:20:01 INFO  [INFO] SUCCESS: org.glassfish.jaxb:txw2:jar:4.0.9:runtime (sources = true)
2026.06.24 22:20:01 INFO  [INFO] Resolving artifact: org.aspectj:aspectjweaver:jar:1.9.25.1:compile (sources = false)
2026.06.24 22:20:01 INFO  [INFO] SUCCESS: org.aspectj:aspectjweaver:jar:1.9.25.1:compile (sources = false)
2026.06.24 22:20:01 INFO  [INFO] Resolving artifact: org.aspectj:aspectjweaver:jar:1.9.25.1:compile (sources = true)
2026.06.24 22:20:01 INFO  [INFO] SUCCESS: org.aspectj:aspectjweaver:jar:1.9.25.1:compile (sources = true)
2026.06.24 22:20:01 INFO  [INFO] Resolving artifact: io.micrometer:micrometer-commons:jar:1.15.12:compile (sources = false)
2026.06.24 22:20:01 INFO  [INFO] SUCCESS: io.micrometer:micrometer-commons:jar:1.15.12:compile (sources = false)
2026.06.24 22:20:01 INFO  [INFO] Resolving artifact: io.micrometer:micrometer-commons:jar:1.15.12:compile (sources = true)
2026.06.24 22:20:01 INFO  [INFO] SUCCESS: io.micrometer:micrometer-commons:jar:1.15.12:compile (sources = true)
2026.06.24 22:20:01 INFO  [INFO] Resolving artifact: org.springframework:spring-web:jar:6.2.19:compile (sources = false)
2026.06.24 22:20:01 INFO  [INFO] SUCCESS: org.springframework:spring-web:jar:6.2.19:compile (sources = false)
2026.06.24 22:20:01 INFO  [INFO] Resolving artifact: org.springframework:spring-web:jar:6.2.19:compile (sources = true)
2026.06.24 22:20:01 INFO  [INFO] SUCCESS: org.springframework:spring-web:jar:6.2.19:compile (sources = true)
2026.06.24 22:20:01 INFO  [INFO] Resolving artifact: org.apache.tomcat.embed:tomcat-embed-websocket:jar:10.1.55:compile (sources = false)
2026.06.24 22:20:01 INFO  [INFO] SUCCESS: org.apache.tomcat.embed:tomcat-embed-websocket:jar:10.1.55:compile (sources = false)
2026.06.24 22:20:01 INFO  [INFO] Resolving artifact: org.apache.tomcat.embed:tomcat-embed-websocket:jar:10.1.55:compile (sources = true)
2026.06.24 22:20:01 INFO  [INFO] SUCCESS: org.apache.tomcat.embed:tomcat-embed-websocket:jar:10.1.55:compile (sources = true)
2026.06.24 22:20:01 INFO  [INFO] Resolving artifact: org.junit.platform:junit-platform-commons:jar:1.12.2:test (sources = false)
2026.06.24 22:20:01 INFO  [INFO] SUCCESS: org.junit.platform:junit-platform-commons:jar:1.12.2:test (sources = false)
2026.06.24 22:20:01 INFO  [INFO] Resolving artifact: org.junit.platform:junit-platform-commons:jar:1.12.2:test (sources = true)
2026.06.24 22:20:01 INFO  [INFO] SUCCESS: org.junit.platform:junit-platform-commons:jar:1.12.2:test (sources = true)
2026.06.24 22:20:01 INFO  [INFO] Resolving artifact: net.bytebuddy:byte-buddy:jar:1.17.8:runtime (sources = false)
2026.06.24 22:20:01 INFO  [INFO] SUCCESS: net.bytebuddy:byte-buddy:jar:1.17.8:runtime (sources = false)
2026.06.24 22:20:01 INFO  [INFO] Resolving artifact: net.bytebuddy:byte-buddy:jar:1.17.8:runtime (sources = true)
2026.06.24 22:20:01 INFO  [INFO] SUCCESS: net.bytebuddy:byte-buddy:jar:1.17.8:runtime (sources = true)
2026.06.24 22:20:01 INFO  [INFO] Resolving artifact: org.springframework:spring-webmvc:jar:6.2.19:compile (sources = false)
2026.06.24 22:20:01 INFO  [INFO] SUCCESS: org.springframework:spring-webmvc:jar:6.2.19:compile (sources = false)
2026.06.24 22:20:01 INFO  [INFO] Resolving artifact: org.springframework:spring-webmvc:jar:6.2.19:compile (sources = true)
2026.06.24 22:20:01 INFO  [INFO] SUCCESS: org.springframework:spring-webmvc:jar:6.2.19:compile (sources = true)
2026.06.24 22:20:01 INFO  [INFO] Resolving artifact: org.springframework.boot:spring-boot-starter-json:jar:3.5.15:compile (sources = false)
2026.06.24 22:20:01 INFO  [INFO] SUCCESS: org.springframework.boot:spring-boot-starter-json:jar:3.5.15:compile (sources = false)
2026.06.24 22:20:01 INFO  [INFO] Resolving artifact: org.springframework.boot:spring-boot-starter-json:jar:3.5.15:compile (sources = true)
2026.06.24 22:20:01 INFO  [INFO] SUCCESS: org.springframework.boot:spring-boot-starter-json:jar:3.5.15:compile (sources = true)
2026.06.24 22:20:01 INFO  [INFO] Resolving artifact: com.fasterxml.jackson.module:jackson-module-parameter-names:jar:2.21.4:compile (sources = false)
2026.06.24 22:20:01 INFO  [INFO] SUCCESS: com.fasterxml.jackson.module:jackson-module-parameter-names:jar:2.21.4:compile (sources = false)
2026.06.24 22:20:01 INFO  [INFO] Resolving artifact: com.fasterxml.jackson.module:jackson-module-parameter-names:jar:2.21.4:compile (sources = true)
2026.06.24 22:20:01 INFO  [INFO] SUCCESS: com.fasterxml.jackson.module:jackson-module-parameter-names:jar:2.21.4:compile (sources = true)
2026.06.24 22:20:01 INFO  [INFO] Resolving artifact: com.jayway.jsonpath:json-path:jar:2.9.0:test (sources = false)
2026.06.24 22:20:01 INFO  [INFO] SUCCESS: com.jayway.jsonpath:json-path:jar:2.9.0:test (sources = false)
2026.06.24 22:20:01 INFO  [INFO] Resolving artifact: com.jayway.jsonpath:json-path:jar:2.9.0:test (sources = true)
2026.06.24 22:20:01 INFO  [INFO] SUCCESS: com.jayway.jsonpath:json-path:jar:2.9.0:test (sources = true)
2026.06.24 22:20:01 INFO  [INFO] Resolving artifact: org.hibernate.common:hibernate-commons-annotations:jar:7.0.3.Final:runtime (sources = false)
2026.06.24 22:20:01 INFO  [INFO] SUCCESS: org.hibernate.common:hibernate-commons-annotations:jar:7.0.3.Final:runtime (sources = false)
2026.06.24 22:20:01 INFO  [INFO] Resolving artifact: org.hibernate.common:hibernate-commons-annotations:jar:7.0.3.Final:runtime (sources = true)
2026.06.24 22:20:01 INFO  [INFO] SUCCESS: org.hibernate.common:hibernate-commons-annotations:jar:7.0.3.Final:runtime (sources = true)
2026.06.24 22:20:01 INFO  [INFO] Resolving artifact: jakarta.activation:jakarta.activation-api:jar:2.1.4:runtime (sources = false)
2026.06.24 22:20:01 INFO  [INFO] SUCCESS: jakarta.activation:jakarta.activation-api:jar:2.1.4:runtime (sources = false)
2026.06.24 22:20:01 INFO  [INFO] Resolving artifact: jakarta.activation:jakarta.activation-api:jar:2.1.4:runtime (sources = true)
2026.06.24 22:20:01 INFO  [INFO] SUCCESS: jakarta.activation:jakarta.activation-api:jar:2.1.4:runtime (sources = true)
2026.06.24 22:20:01 INFO  [INFO] Resolving artifact: org.springframework:spring-expression:jar:6.2.19:compile (sources = false)
2026.06.24 22:20:01 INFO  [INFO] SUCCESS: org.springframework:spring-expression:jar:6.2.19:compile (sources = false)
2026.06.24 22:20:01 INFO  [INFO] Resolving artifact: org.springframework:spring-expression:jar:6.2.19:compile (sources = true)
2026.06.24 22:20:01 INFO  [INFO] SUCCESS: org.springframework:spring-expression:jar:6.2.19:compile (sources = true)
2026.06.24 22:20:01 INFO  [INFO] Resolving artifact: org.apiguardian:apiguardian-api:jar:1.1.2:test (sources = false)
2026.06.24 22:20:01 INFO  [INFO] SUCCESS: org.apiguardian:apiguardian-api:jar:1.1.2:test (sources = false)
2026.06.24 22:20:01 INFO  [INFO] Resolving artifact: org.apiguardian:apiguardian-api:jar:1.1.2:test (sources = true)
2026.06.24 22:20:01 INFO  [INFO] SUCCESS: org.apiguardian:apiguardian-api:jar:1.1.2:test (sources = true)
2026.06.24 22:20:01 INFO  [INFO] Resolving artifact: org.postgresql:postgresql:jar:42.7.11:runtime (sources = false)
2026.06.24 22:20:01 INFO  [INFO] SUCCESS: org.postgresql:postgresql:jar:42.7.11:runtime (sources = false)
2026.06.24 22:20:01 INFO  [INFO] Resolving artifact: org.postgresql:postgresql:jar:42.7.11:runtime (sources = true)
2026.06.24 22:20:01 INFO  [INFO] SUCCESS: org.postgresql:postgresql:jar:42.7.11:runtime (sources = true)
2026.06.24 22:20:01 INFO  [INFO] Resolving artifact: com.fasterxml:classmate:jar:1.7.3:compile (sources = false)
2026.06.24 22:20:01 INFO  [INFO] SUCCESS: com.fasterxml:classmate:jar:1.7.3:compile (sources = false)
2026.06.24 22:20:01 INFO  [INFO] Resolving artifact: com.fasterxml:classmate:jar:1.7.3:compile (sources = true)
2026.06.24 22:20:01 INFO  [INFO] SUCCESS: com.fasterxml:classmate:jar:1.7.3:compile (sources = true)
2026.06.24 22:20:01 INFO  [INFO] Resolving artifact: org.junit.platform:junit-platform-engine:jar:1.12.2:test (sources = false)
2026.06.24 22:20:01 INFO  [INFO] SUCCESS: org.junit.platform:junit-platform-engine:jar:1.12.2:test (sources = false)
2026.06.24 22:20:01 INFO  [INFO] Resolving artifact: org.junit.platform:junit-platform-engine:jar:1.12.2:test (sources = true)
2026.06.24 22:20:01 INFO  [INFO] SUCCESS: org.junit.platform:junit-platform-engine:jar:1.12.2:test (sources = true)
2026.06.24 22:20:01 INFO  [INFO] Resolving artifact: org.springframework.boot:spring-boot-test:jar:3.5.15:test (sources = false)
2026.06.24 22:20:01 INFO  [INFO] SUCCESS: org.springframework.boot:spring-boot-test:jar:3.5.15:test (sources = false)
2026.06.24 22:20:01 INFO  [INFO] Resolving artifact: org.springframework.boot:spring-boot-test:jar:3.5.15:test (sources = true)
2026.06.24 22:20:01 INFO  [INFO] SUCCESS: org.springframework.boot:spring-boot-test:jar:3.5.15:test (sources = true)
2026.06.24 22:20:01 INFO  [INFO] Resolving artifact: org.springframework.boot:spring-boot-starter-jdbc:jar:3.5.15:compile (sources = false)
2026.06.24 22:20:01 INFO  [INFO] SUCCESS: org.springframework.boot:spring-boot-starter-jdbc:jar:3.5.15:compile (sources = false)
2026.06.24 22:20:01 INFO  [INFO] Resolving artifact: org.springframework.boot:spring-boot-starter-jdbc:jar:3.5.15:compile (sources = true)
2026.06.24 22:20:01 INFO  [INFO] SUCCESS: org.springframework.boot:spring-boot-starter-jdbc:jar:3.5.15:compile (sources = true)
2026.06.24 22:20:01 INFO  [INFO] Resolving artifact: org.springframework.boot:spring-boot-starter-tomcat:jar:3.5.15:compile (sources = false)
2026.06.24 22:20:01 INFO  [INFO] SUCCESS: org.springframework.boot:spring-boot-starter-tomcat:jar:3.5.15:compile (sources = false)
2026.06.24 22:20:01 INFO  [INFO] Resolving artifact: org.springframework.boot:spring-boot-starter-tomcat:jar:3.5.15:compile (sources = true)
2026.06.24 22:20:01 INFO  [INFO] SUCCESS: org.springframework.boot:spring-boot-starter-tomcat:jar:3.5.15:compile (sources = true)
2026.06.24 22:20:01 INFO  [INFO] Resolving artifact: org.slf4j:slf4j-api:jar:2.0.18:compile (sources = false)
2026.06.24 22:20:01 INFO  [INFO] SUCCESS: org.slf4j:slf4j-api:jar:2.0.18:compile (sources = false)
2026.06.24 22:20:01 INFO  [INFO] Resolving artifact: org.slf4j:slf4j-api:jar:2.0.18:compile (sources = true)
2026.06.24 22:20:01 INFO  [INFO] SUCCESS: org.slf4j:slf4j-api:jar:2.0.18:compile (sources = true)
2026.06.24 22:20:01 INFO  [INFO] Resolving artifact: org.eclipse.angus:angus-activation:jar:2.0.3:runtime (sources = false)
2026.06.24 22:20:01 INFO  [INFO] SUCCESS: org.eclipse.angus:angus-activation:jar:2.0.3:runtime (sources = false)
2026.06.24 22:20:01 INFO  [INFO] Resolving artifact: org.eclipse.angus:angus-activation:jar:2.0.3:runtime (sources = true)
2026.06.24 22:20:01 INFO  [INFO] SUCCESS: org.eclipse.angus:angus-activation:jar:2.0.3:runtime (sources = true)
2026.06.24 22:20:01 INFO  [INFO] Resolving artifact: com.vaadin.external.google:android-json:jar:0.0.20131108.vaadin1:test (sources = false)
2026.06.24 22:20:01 INFO  [INFO] SUCCESS: com.vaadin.external.google:android-json:jar:0.0.20131108.vaadin1:test (sources = false)
2026.06.24 22:20:01 INFO  [INFO] Resolving artifact: com.vaadin.external.google:android-json:jar:0.0.20131108.vaadin1:test (sources = true)
2026.06.24 22:20:01 INFO  [INFO] SUCCESS: com.vaadin.external.google:android-json:jar:0.0.20131108.vaadin1:test (sources = true)
2026.06.24 22:20:01 INFO  [INFO] Resolving artifact: org.apache.logging.log4j:log4j-api:jar:2.24.3:compile (sources = false)
2026.06.24 22:20:01 INFO  [INFO] SUCCESS: org.apache.logging.log4j:log4j-api:jar:2.24.3:compile (sources = false)
2026.06.24 22:20:01 INFO  [INFO] Resolving artifact: org.apache.logging.log4j:log4j-api:jar:2.24.3:compile (sources = true)
2026.06.24 22:20:01 INFO  [INFO] SUCCESS: org.apache.logging.log4j:log4j-api:jar:2.24.3:compile (sources = true)
2026.06.24 22:20:01 INFO  [INFO] Resolving artifact: net.bytebuddy:byte-buddy-agent:jar:1.17.8:test (sources = false)
2026.06.24 22:20:01 INFO  [INFO] SUCCESS: net.bytebuddy:byte-buddy-agent:jar:1.17.8:test (sources = false)
2026.06.24 22:20:01 INFO  [INFO] Resolving artifact: net.bytebuddy:byte-buddy-agent:jar:1.17.8:test (sources = true)
2026.06.24 22:20:01 INFO  [INFO] SUCCESS: net.bytebuddy:byte-buddy-agent:jar:1.17.8:test (sources = true)
2026.06.24 22:20:01 INFO  [INFO] Resolving artifact: org.springframework:spring-aop:jar:6.2.19:compile (sources = false)
2026.06.24 22:20:01 INFO  [INFO] SUCCESS: org.springframework:spring-aop:jar:6.2.19:compile (sources = false)
2026.06.24 22:20:01 INFO  [INFO] Resolving artifact: org.springframework:spring-aop:jar:6.2.19:compile (sources = true)
2026.06.24 22:20:01 INFO  [INFO] SUCCESS: org.springframework:spring-aop:jar:6.2.19:compile (sources = true)
2026.06.24 22:20:01 INFO  [INFO] Resolving artifact: com.zaxxer:HikariCP:jar:6.3.3:compile (sources = false)
2026.06.24 22:20:01 INFO  [INFO] SUCCESS: com.zaxxer:HikariCP:jar:6.3.3:compile (sources = false)
2026.06.24 22:20:01 INFO  [INFO] Resolving artifact: com.zaxxer:HikariCP:jar:6.3.3:compile (sources = true)
2026.06.24 22:20:01 INFO  [INFO] SUCCESS: com.zaxxer:HikariCP:jar:6.3.3:compile (sources = true)
2026.06.24 22:20:01 INFO  [INFO] Resolving artifact: org.springframework.boot:spring-boot-starter:jar:3.5.15:compile (sources = false)
2026.06.24 22:20:01 INFO  [INFO] SUCCESS: org.springframework.boot:spring-boot-starter:jar:3.5.15:compile (sources = false)
2026.06.24 22:20:01 INFO  [INFO] Resolving artifact: org.springframework.boot:spring-boot-starter:jar:3.5.15:compile (sources = true)
2026.06.24 22:20:01 INFO  [INFO] SUCCESS: org.springframework.boot:spring-boot-starter:jar:3.5.15:compile (sources = true)
2026.06.24 22:20:01 INFO  [INFO] Generated .bloop/app-test.json
2026.06.24 22:20:01 INFO  [INFO] ------------------------------------------------------------------------
2026.06.24 22:20:01 INFO  [INFO] BUILD SUCCESS
2026.06.24 22:20:01 INFO  [INFO] ------------------------------------------------------------------------
2026.06.24 22:20:01 INFO  [INFO] Total time:  6.906 s
2026.06.24 22:20:01 INFO  [INFO] Finished at: 2026-06-24T22:20:02-04:00
2026.06.24 22:20:01 INFO  [INFO] ------------------------------------------------------------------------
2026.06.24 22:20:02 INFO  time: ran 'mvn bloopInstall' in 8.32s
2026.06.24 22:20:02 INFO  Attempting to connect to the build server...
2026.06.24 22:20:02 INFO  No running Bloop server found, starting one.
2026.06.24 22:20:03 INFO  no build target found for /Users/sharon/Downloads/app/src/main/java/com/jobapi/app/AppApplication.java. Using fallback presentation compiler.
2026.06.24 22:20:03 WARN  no build target for: /Users/sharon/Downloads/app/src/main/java/com/jobapi/app/AppApplication.java
2026.06.24 22:20:03 INFO  no build target found for /Users/sharon/Downloads/app/src/main/java/com/jobapi/app/AppApplication.java. Using fallback presentation compiler.
2026.06.24 22:20:03 INFO  no build target found for /Users/sharon/Downloads/app/src/main/java/com/jobapi/app/AppApplication.java. Using fallback presentation compiler.
2026.06.24 22:20:03 INFO  no build target found for /Users/sharon/Downloads/app/src/main/java/com/jobapi/app/AppApplication.java. Using fallback presentation compiler.
2026.06.24 22:20:03 INFO  Starting compilation server
2026.06.24 22:20:04 INFO  no build target found for /Users/sharon/Downloads/app/src/main/java/com/jobapi/app/AppApplication.java. Using fallback presentation compiler.
2026.06.24 22:20:04 INFO  tracing is disabled for protocol BSP, to enable tracing of incoming and outgoing JSON messages create an empty file at /Users/sharon/Downloads/app/.metals/bsp.trace.json or /Users/sharon/Library/Caches/org.scalameta.metals/bsp.trace.json
2026.06.24 22:20:04 INFO  no build target found for /Users/sharon/Downloads/app/src/main/java/com/jobapi/app/AppApplication.java. Using fallback presentation compiler.
2026.06.24 22:20:05 INFO  time: Connected to build server in 3.38s
2026.06.24 22:20:04 INFO  Connected to Build server: Bloop v2.0.19
2026.06.24 22:20:04 INFO  no build target found for /Users/sharon/Downloads/app/src/main/java/com/jobapi/app/AppApplication.java. Using fallback presentation compiler.
2026.06.24 22:20:04 INFO  time: Imported build in 0.1s
2026.06.24 22:20:07 WARN  Using H2 2.4.240 which is newer than the version Flyway has been verified with. The latest verified version of H2 is 2.3.232.
2026.06.24 22:20:07 INFO  Created report: Optional[file:///Users/sharon/Downloads/app/jar:file:/Users/sharon/.m2/repository/org/springframework/spring-jdbc/6.2.19/spring-jdbc-6.2.19-sources.jar!/org/springframework/jdbc/core/BeanPropertyRowMapper.java]
2026.06.24 22:20:07 INFO  Java indexer failed with and exception. (full report at: "/Users/sharon/Downloads/app/.metals/.reports/metals-full/2026-06-24/r_failed-idex-java_22-20-07-880.md")
2026.06.24 22:20:15 INFO  time: indexed workspace in 9.38s
2026.06.24 22:20:15 INFO  compiling app (1 java source)
2026.06.24 22:20:15 WARN  Unexpected javac output: Note: Annotation processing is enabled because one or more processors were found
  on the class path. A future release of javac may disable annotation processing
  unless at least one processor is specified by name (-processor), or a search
  path is specified (--processor-path, --processor-module-path), or annotation
  processing is enabled explicitly (-proc:only, -proc:full).
  Use -Xlint:-options to suppress this message.
  Use -proc:none to disable annotation processing..
2026.06.24 22:20:15 INFO  Note: Annotation processing is enabled because one or more processors were found
2026.06.24 22:20:15 INFO  compiling app-test (1 java source)
2026.06.24 22:20:16 INFO  time: compiled app in 1.09s
2026.06.24 22:20:16 WARN  Unexpected javac output: Note: Annotation processing is enabled because one or more processors were found
  on the class path. A future release of javac may disable annotation processing
  unless at least one processor is specified by name (-processor), or a search
  path is specified (--processor-path, --processor-module-path), or annotation
  processing is enabled explicitly (-proc:only, -proc:full).
  Use -Xlint:-options to suppress this message.
  Use -proc:none to disable annotation processing..
2026.06.24 22:20:16 INFO  Note: Annotation processing is enabled because one or more processors were found
2026.06.24 22:20:16 INFO  time: compiled app-test in 0.68s
Jun 24, 2026 10:20:19 PM org.eclipse.lsp4j.jsonrpc.services.GenericEndpoint notify
INFO: Unsupported notification method: $/setTrace
Jun 24, 2026 10:20:19 PM org.eclipse.lsp4j.jsonrpc.services.GenericEndpoint notify
INFO: Unsupported notification method: $/setTrace
Jun 24, 2026 10:20:20 PM org.eclipse.lsp4j.jsonrpc.services.GenericEndpoint notify
INFO: Unsupported notification method: $/setTrace
Jun 24, 2026 10:22:54 PM org.eclipse.lsp4j.jsonrpc.RemoteEndpoint handleCancellation
WARNING: Unmatched cancel notification for request id 35
Jun 24, 2026 10:46:46 PM org.eclipse.lsp4j.jsonrpc.RemoteEndpoint handleCancellation
WARNING: Unmatched cancel notification for request id 52
Jun 24, 2026 10:49:13 PM org.eclipse.lsp4j.jsonrpc.services.GenericEndpoint notify
INFO: Unsupported notification method: $/setTrace
Jun 24, 2026 10:49:57 PM org.eclipse.lsp4j.jsonrpc.services.GenericEndpoint notify
INFO: Unsupported notification method: $/setTrace
Jun 24, 2026 10:49:59 PM org.eclipse.lsp4j.jsonrpc.services.GenericEndpoint notify
INFO: Unsupported notification method: $/setTrace
Jun 24, 2026 10:50:01 PM org.eclipse.lsp4j.jsonrpc.services.GenericEndpoint notify
INFO: Unsupported notification method: $/setTrace
2026.06.24 22:56:35 INFO  Shutting down server
2026.06.24 22:56:35 INFO  Memory monitor stopped
2026.06.24 22:56:35 INFO  shutting down Metals
2026.06.24 22:56:35 INFO  Shut down connection with build server.
2026.06.24 22:56:35 INFO  Exiting server
2026.06.24 23:21:29 INFO  Started: Metals version 1.6.7 in folders '/Users/sharon/Downloads/app' for client Visual Studio Code 1.123.1.
2026.06.24 23:21:29 INFO  Memory monitor started
2026.06.24 23:21:29 WARN  Using H2 2.4.240 which is newer than the version Flyway has been verified with. The latest verified version of H2 is 2.3.232.
2026.06.24 23:21:30 INFO  Attempting to connect to the build server...
2026.06.24 23:21:30 INFO  Found a Bloop server running
2026.06.24 23:21:30 INFO  no build target found for /Users/sharon/Downloads/app/src/main/java/com/jobapi/app/AppApplication.java. Using fallback presentation compiler.
2026.06.24 23:21:30 INFO  tracing is disabled for protocol BSP, to enable tracing of incoming and outgoing JSON messages create an empty file at /Users/sharon/Downloads/app/.metals/bsp.trace.json or /Users/sharon/Library/Caches/org.scalameta.metals/bsp.trace.json
2026.06.24 23:21:30 INFO  time: Connected to build server in 0.34s
2026.06.24 23:21:30 INFO  Connected to Build server: Bloop v2.0.19
2026.06.24 23:21:33 WARN  Using H2 2.4.240 which is newer than the version Flyway has been verified with. The latest verified version of H2 is 2.3.232.
2026.06.24 23:21:33 INFO  time: indexed workspace in 2.51s
Jun 24, 2026 11:23:54 PM org.eclipse.lsp4j.jsonrpc.services.GenericEndpoint notify
INFO: Unsupported notification method: $/setTrace
Jun 24, 2026 11:24:33 PM org.eclipse.lsp4j.jsonrpc.RemoteEndpoint handleCancellation
WARNING: Unmatched cancel notification for request id 18
Jun 24, 2026 11:27:08 PM org.eclipse.lsp4j.jsonrpc.services.GenericEndpoint notify
INFO: Unsupported notification method: $/setTrace
2026.06.24 23:31:39 INFO  Shutting down server
2026.06.24 23:31:39 INFO  Memory monitor stopped
2026.06.24 23:31:39 INFO  shutting down Metals
2026.06.24 23:31:39 INFO  Shut down connection with build server.
2026.06.24 23:31:39 INFO  Exiting server
